path,filename,dialect,speaker,town,passage_id,duration_sec
data/processed/speech/ahotsak_subset/segments/elgoibar_egb-046-007_000.wav,elgoibar_egb-046-007_000.wav,western,hizlariak,elgoibar,egb-046-007,4.06
data/processed/speech/ahotsak_subset/segments/elgoibar_egb-046-007_001.wav,elgoibar_egb-046-007_001.wav,western,hizlariak,elgoibar,egb-046-007,4.61
data/processed/speech/ahotsak_subset/segments/elgoibar_egb-046-007_002.wav,elgoibar_egb-046-007_002.wav,western,hizlariak,elgoibar,egb-046-007,5.82
data/processed/speech/ahotsak_subset/segments/elgoibar_egb-046-007_003.wav,elgoibar_egb-046-007_003.wav,western,hizlariak,elgoibar,egb-046-007,4.29
data/processed/speech/ahotsak_subset/segments/elgoibar_egb-046-007_004.wav,elgoibar_egb-046-007_004.wav,western,hizlariak,elgoibar,egb-046-007,11.55
data/processed/speech/ahotsak_subset/segments/elgoibar_egb-046-007_005.wav,elgoibar_egb-046-007_005.wav,western,hizlariak,elgoibar,egb-046-007,1.28
data/processed/speech/ahotsak_subset/segments/elgoibar_egb-046-007_006.wav,elgoibar_egb-046-007_006.wav,western,hizlariak,elgoibar,egb-046-007,6.21
data/processed/speech/ahotsak_subset/segments/elgoibar_egb-046-007_007.wav,elgoibar_egb-046-007_007.wav,western,hizlariak,elgoibar,egb-046-007,8.64
data/processed/speech/ahotsak_subset/segments/elgoibar_egb-046-007_008.wav,elgoibar_egb-046-007_008.wav,western,hizlariak,elgoibar,egb-046-007,3.81
data/processed/speech/ahotsak_subset/segments/elgoibar_egb-046-007_009.wav,elgoibar_egb-046-007_009.wav,western,hizlariak,elgoibar,egb-046-007,2.3
data/processed/speech/ahotsak_subset/segments/elgoibar_egb-046-007_010.wav,elgoibar_egb-046-007_010.wav,western,hizlariak,elgoibar,egb-046-007,1.5
data/processed/speech/ahotsak_subset/segments/elgoibar_egb-046-007_011.wav,elgoibar_egb-046-007_011.wav,western,hizlariak,elgoibar,egb-046-007,9.18
data/processed/speech/ahotsak_subset/segments/elgoibar_egb-046-007_012.wav,elgoibar_egb-046-007_012.wav,western,hizlariak,elgoibar,egb-046-007,1.34
data/processed/speech/ahotsak_subset/segments/elgoibar_egb-046-007_013.wav,elgoibar_egb-046-007_013.wav,western,hizlariak,elgoibar,egb-046-007,3.23
data/processed/speech/ahotsak_subset/segments/elgoibar_egb-046-007_014.wav,elgoibar_egb-046-007_014.wav,western,hizlariak,elgoibar,egb-046-007,1.09
data/processed/speech/ahotsak_subset/segments/elgoibar_egb-046-007_015.wav,elgoibar_egb-046-007_015.wav,western,hizlariak,elgoibar,egb-046-007,1.5
data/processed/speech/ahotsak_subset/segments/elgoibar_egb-046-007_016.wav,elgoibar_egb-046-007_016.wav,western,hizlariak,elgoibar,egb-046-007,4.51
data/processed/speech/ahotsak_subset/segments/elgoibar_egb-046-007_017.wav,elgoibar_egb-046-007_017.wav,western,hizlariak,elgoibar,egb-046-007,2.82
data/processed/speech/ahotsak_subset/segments/elgoibar_egb-046-007_018.wav,elgoibar_egb-046-007_018.wav,western,hizlariak,elgoibar,egb-046-007,6.18
data/processed/speech/ahotsak_subset/segments/elgoibar_egb-046-007_019.wav,elgoibar_egb-046-007_019.wav,western,hizlariak,elgoibar,egb-046-007,3.55
data/processed/speech/ahotsak_subset/segments/elgoibar_egb-046-007_020.wav,elgoibar_egb-046-007_020.wav,western,hizlariak,elgoibar,egb-046-007,1.73
data/processed/speech/ahotsak_subset/segments/elgoibar_egb-046-007_021.wav,elgoibar_egb-046-007_021.wav,western,hizlariak,elgoibar,egb-046-007,2.18
data/processed/speech/ahotsak_subset/segments/elgoibar_egb-046-007_022.wav,elgoibar_egb-046-007_022.wav,western,hizlariak,elgoibar,egb-046-007,3.1
data/processed/speech/ahotsak_subset/segments/elgoibar_egb-046-007_023.wav,elgoibar_egb-046-007_023.wav,western,hizlariak,elgoibar,egb-046-007,15.0
data/processed/speech/ahotsak_subset/segments/elgoibar_egb-046-007_024.wav,elgoibar_egb-046-007_024.wav,western,hizlariak,elgoibar,egb-046-007,1.22
data/processed/speech/ahotsak_subset/segments/elgoibar_egb-046-007_025.wav,elgoibar_egb-046-007_025.wav,western,hizlariak,elgoibar,egb-046-007,2.18
data/processed/speech/ahotsak_subset/segments/elgoibar_egb-057-005_000.wav,elgoibar_egb-057-005_000.wav,western,hizlariak,elgoibar,egb-057-005,1.6
data/processed/speech/ahotsak_subset/segments/elgoibar_egb-057-005_001.wav,elgoibar_egb-057-005_001.wav,western,hizlariak,elgoibar,egb-057-005,6.66
data/processed/speech/ahotsak_subset/segments/elgoibar_egb-057-005_002.wav,elgoibar_egb-057-005_002.wav,western,hizlariak,elgoibar,egb-057-005,7.84
data/processed/speech/ahotsak_subset/segments/elgoibar_egb-057-005_003.wav,elgoibar_egb-057-005_003.wav,western,hizlariak,elgoibar,egb-057-005,4.1
data/processed/speech/ahotsak_subset/segments/elgoibar_egb-057-005_004.wav,elgoibar_egb-057-005_004.wav,western,hizlariak,elgoibar,egb-057-005,4.61
data/processed/speech/ahotsak_subset/segments/elgoibar_egb-057-005_005.wav,elgoibar_egb-057-005_005.wav,western,hizlariak,elgoibar,egb-057-005,1.41
data/processed/speech/ahotsak_subset/segments/elgoibar_egb-057-005_006.wav,elgoibar_egb-057-005_006.wav,western,hizlariak,elgoibar,egb-057-005,8.22
data/processed/speech/ahotsak_subset/segments/elgoibar_egb-057-005_007.wav,elgoibar_egb-057-005_007.wav,western,hizlariak,elgoibar,egb-057-005,2.98
data/processed/speech/ahotsak_subset/segments/elgoibar_egb-057-005_008.wav,elgoibar_egb-057-005_008.wav,western,hizlariak,elgoibar,egb-057-005,15.0
data/processed/speech/ahotsak_subset/segments/elgoibar_egb-057-005_009.wav,elgoibar_egb-057-005_009.wav,western,hizlariak,elgoibar,egb-057-005,4.77
data/processed/speech/ahotsak_subset/segments/elgoibar_egb-057-005_010.wav,elgoibar_egb-057-005_010.wav,western,hizlariak,elgoibar,egb-057-005,2.66
data/processed/speech/ahotsak_subset/segments/elgoibar_egb-057-005_011.wav,elgoibar_egb-057-005_011.wav,western,hizlariak,elgoibar,egb-057-005,1.28
data/processed/speech/ahotsak_subset/segments/elgoibar_egb-057-005_012.wav,elgoibar_egb-057-005_012.wav,western,hizlariak,elgoibar,egb-057-005,4.83
data/processed/speech/ahotsak_subset/segments/elgoibar_egb-057-005_013.wav,elgoibar_egb-057-005_013.wav,western,hizlariak,elgoibar,egb-057-005,1.44
data/processed/speech/ahotsak_subset/segments/elgoibar_egb-057-005_014.wav,elgoibar_egb-057-005_014.wav,western,hizlariak,elgoibar,egb-057-005,3.33
data/processed/speech/ahotsak_subset/segments/elgoibar_egb-057-005_015.wav,elgoibar_egb-057-005_015.wav,western,hizlariak,elgoibar,egb-057-005,5.76
data/processed/speech/ahotsak_subset/segments/elgoibar_egb-057-005_016.wav,elgoibar_egb-057-005_016.wav,western,hizlariak,elgoibar,egb-057-005,5.92
data/processed/speech/ahotsak_subset/segments/elgoibar_egb-057-005_017.wav,elgoibar_egb-057-005_017.wav,western,hizlariak,elgoibar,egb-057-005,2.62
data/processed/speech/ahotsak_subset/segments/elgoibar_egb-057-005_018.wav,elgoibar_egb-057-005_018.wav,western,hizlariak,elgoibar,egb-057-005,1.12
data/processed/speech/ahotsak_subset/segments/elgoibar_egb-057-005_019.wav,elgoibar_egb-057-005_019.wav,western,hizlariak,elgoibar,egb-057-005,4.22
data/processed/speech/ahotsak_subset/segments/elgoibar_egb-057-005_020.wav,elgoibar_egb-057-005_020.wav,western,hizlariak,elgoibar,egb-057-005,5.89
data/processed/speech/ahotsak_subset/segments/elgoibar_egb-057-005_021.wav,elgoibar_egb-057-005_021.wav,western,hizlariak,elgoibar,egb-057-005,2.91
data/processed/speech/ahotsak_subset/segments/elgoibar_egb-057-005_022.wav,elgoibar_egb-057-005_022.wav,western,hizlariak,elgoibar,egb-057-005,2.59
data/processed/speech/ahotsak_subset/segments/elgoibar_egb-057-005_023.wav,elgoibar_egb-057-005_023.wav,western,hizlariak,elgoibar,egb-057-005,3.62
data/processed/speech/ahotsak_subset/segments/elgoibar_egb-057-035_000.wav,elgoibar_egb-057-035_000.wav,western,hizlariak,elgoibar,egb-057-035,1.02
data/processed/speech/ahotsak_subset/segments/elgoibar_egb-057-035_001.wav,elgoibar_egb-057-035_001.wav,western,hizlariak,elgoibar,egb-057-035,9.63
data/processed/speech/ahotsak_subset/segments/elgoibar_egb-057-035_002.wav,elgoibar_egb-057-035_002.wav,western,hizlariak,elgoibar,egb-057-035,5.95
data/processed/speech/ahotsak_subset/segments/elgoibar_egb-057-035_003.wav,elgoibar_egb-057-035_003.wav,western,hizlariak,elgoibar,egb-057-035,2.37
data/processed/speech/ahotsak_subset/segments/elgoibar_egb-057-035_004.wav,elgoibar_egb-057-035_004.wav,western,hizlariak,elgoibar,egb-057-035,2.27
data/processed/speech/ahotsak_subset/segments/elgoibar_egb-057-035_005.wav,elgoibar_egb-057-035_005.wav,western,hizlariak,elgoibar,egb-057-035,4.35
data/processed/speech/ahotsak_subset/segments/elgoibar_egb-057-035_006.wav,elgoibar_egb-057-035_006.wav,western,hizlariak,elgoibar,egb-057-035,1.18
data/processed/speech/ahotsak_subset/segments/elgoibar_egb-057-035_007.wav,elgoibar_egb-057-035_007.wav,western,hizlariak,elgoibar,egb-057-035,3.1
data/processed/speech/ahotsak_subset/segments/elgoibar_egb-057-035_008.wav,elgoibar_egb-057-035_008.wav,western,hizlariak,elgoibar,egb-057-035,2.46
data/processed/speech/ahotsak_subset/segments/elgoibar_egb-057-035_009.wav,elgoibar_egb-057-035_009.wav,western,hizlariak,elgoibar,egb-057-035,3.04
data/processed/speech/ahotsak_subset/segments/elgoibar_egb-057-035_010.wav,elgoibar_egb-057-035_010.wav,western,hizlariak,elgoibar,egb-057-035,3.3
data/processed/speech/ahotsak_subset/segments/elgoibar_egb-057-035_011.wav,elgoibar_egb-057-035_011.wav,western,hizlariak,elgoibar,egb-057-035,7.78
data/processed/speech/ahotsak_subset/segments/elgoibar_egb-057-035_012.wav,elgoibar_egb-057-035_012.wav,western,hizlariak,elgoibar,egb-057-035,1.18
data/processed/speech/ahotsak_subset/segments/elgoibar_egb-057-035_013.wav,elgoibar_egb-057-035_013.wav,western,hizlariak,elgoibar,egb-057-035,2.27
data/processed/speech/ahotsak_subset/segments/elgoibar_egb-057-035_014.wav,elgoibar_egb-057-035_014.wav,western,hizlariak,elgoibar,egb-057-035,1.92
data/processed/speech/ahotsak_subset/segments/elgoibar_egb-057-035_015.wav,elgoibar_egb-057-035_015.wav,western,hizlariak,elgoibar,egb-057-035,6.91
data/processed/speech/ahotsak_subset/segments/elgoibar_egb-057-035_016.wav,elgoibar_egb-057-035_016.wav,western,hizlariak,elgoibar,egb-057-035,5.57
data/processed/speech/ahotsak_subset/segments/elgoibar_egb-057-035_017.wav,elgoibar_egb-057-035_017.wav,western,hizlariak,elgoibar,egb-057-035,2.66
data/processed/speech/ahotsak_subset/segments/elgoibar_egb-057-035_018.wav,elgoibar_egb-057-035_018.wav,western,hizlariak,elgoibar,egb-057-035,3.23
data/processed/speech/ahotsak_subset/segments/lekeitio_lek-002-077_000.wav,lekeitio_lek-002-077_000.wav,western,hizlariak,lekeitio,lek-002-077,15.0
data/processed/speech/ahotsak_subset/segments/lekeitio_lek-002-077_001.wav,lekeitio_lek-002-077_001.wav,western,hizlariak,lekeitio,lek-002-077,4.87
data/processed/speech/ahotsak_subset/segments/lekeitio_lek-002-077_002.wav,lekeitio_lek-002-077_002.wav,western,hizlariak,lekeitio,lek-002-077,15.0
data/processed/speech/ahotsak_subset/segments/lekeitio_lek-002-077_003.wav,lekeitio_lek-002-077_003.wav,western,hizlariak,lekeitio,lek-002-077,15.0
data/processed/speech/ahotsak_subset/segments/lekeitio_lek-002-077_004.wav,lekeitio_lek-002-077_004.wav,western,hizlariak,lekeitio,lek-002-077,15.0
data/processed/speech/ahotsak_subset/segments/lekeitio_lek-002-077_005.wav,lekeitio_lek-002-077_005.wav,western,hizlariak,lekeitio,lek-002-077,15.0
data/processed/speech/ahotsak_subset/segments/lekeitio_lek-002-077_006.wav,lekeitio_lek-002-077_006.wav,western,hizlariak,lekeitio,lek-002-077,9.89
data/processed/speech/ahotsak_subset/segments/lekeitio_lek-002-077_007.wav,lekeitio_lek-002-077_007.wav,western,hizlariak,lekeitio,lek-002-077,6.4
data/processed/speech/ahotsak_subset/segments/lekeitio_lek-002-077_008.wav,lekeitio_lek-002-077_008.wav,western,hizlariak,lekeitio,lek-002-077,9.15
data/processed/speech/ahotsak_subset/segments/lekeitio_lek-048-021_000.wav,lekeitio_lek-048-021_000.wav,western,hizlariak,lekeitio,lek-048-021,8.54
data/processed/speech/ahotsak_subset/segments/lekeitio_lek-048-021_001.wav,lekeitio_lek-048-021_001.wav,western,hizlariak,lekeitio,lek-048-021,14.62
data/processed/speech/ahotsak_subset/segments/lekeitio_lek-048-021_002.wav,lekeitio_lek-048-021_002.wav,western,hizlariak,lekeitio,lek-048-021,1.54
data/processed/speech/ahotsak_subset/segments/lekeitio_lek-048-021_003.wav,lekeitio_lek-048-021_003.wav,western,hizlariak,lekeitio,lek-048-021,9.57
data/processed/speech/ahotsak_subset/segments/lekeitio_lek-048-021_004.wav,lekeitio_lek-048-021_004.wav,western,hizlariak,lekeitio,lek-048-021,11.2
data/processed/speech/ahotsak_subset/segments/lekeitio_lek-048-021_005.wav,lekeitio_lek-048-021_005.wav,western,hizlariak,lekeitio,lek-048-021,2.53
data/processed/speech/ahotsak_subset/segments/lekeitio_lek-048-021_006.wav,lekeitio_lek-048-021_006.wav,western,hizlariak,lekeitio,lek-048-021,13.31
data/processed/speech/ahotsak_subset/segments/lekeitio_lek-048-021_007.wav,lekeitio_lek-048-021_007.wav,western,hizlariak,lekeitio,lek-048-021,5.22
data/processed/speech/ahotsak_subset/segments/lekeitio_lek-048-021_008.wav,lekeitio_lek-048-021_008.wav,western,hizlariak,lekeitio,lek-048-021,2.02
data/processed/speech/ahotsak_subset/segments/lekeitio_lek-048-021_009.wav,lekeitio_lek-048-021_009.wav,western,hizlariak,lekeitio,lek-048-021,15.0
data/processed/speech/ahotsak_subset/segments/lekeitio_lek-048-021_010.wav,lekeitio_lek-048-021_010.wav,western,hizlariak,lekeitio,lek-048-021,4.22
data/processed/speech/ahotsak_subset/segments/lekeitio_lek-048-021_011.wav,lekeitio_lek-048-021_011.wav,western,hizlariak,lekeitio,lek-048-021,3.17
data/processed/speech/ahotsak_subset/segments/lekeitio_lek-048-021_012.wav,lekeitio_lek-048-021_012.wav,western,hizlariak,lekeitio,lek-048-021,2.18
data/processed/speech/ahotsak_subset/segments/lekeitio_lek-048-021_013.wav,lekeitio_lek-048-021_013.wav,western,hizlariak,lekeitio,lek-048-021,4.74
data/processed/speech/ahotsak_subset/segments/lekeitio_lek-048-021_014.wav,lekeitio_lek-048-021_014.wav,western,hizlariak,lekeitio,lek-048-021,11.52
data/processed/speech/ahotsak_subset/segments/lekeitio_lek-048-021_015.wav,lekeitio_lek-048-021_015.wav,western,hizlariak,lekeitio,lek-048-021,2.56
data/processed/speech/ahotsak_subset/segments/lekeitio_lek-048-021_016.wav,lekeitio_lek-048-021_016.wav,western,hizlariak,lekeitio,lek-048-021,4.29
data/processed/speech/ahotsak_subset/segments/lekeitio_lek-048-021_017.wav,lekeitio_lek-048-021_017.wav,western,hizlariak,lekeitio,lek-048-021,3.71
data/processed/speech/ahotsak_subset/segments/lekeitio_lek-048-021_018.wav,lekeitio_lek-048-021_018.wav,western,hizlariak,lekeitio,lek-048-021,7.84
data/processed/speech/ahotsak_subset/segments/lekeitio_lek-048-021_019.wav,lekeitio_lek-048-021_019.wav,western,hizlariak,lekeitio,lek-048-021,3.87
data/processed/speech/ahotsak_subset/segments/lekeitio_lek-048-021_020.wav,lekeitio_lek-048-021_020.wav,western,hizlariak,lekeitio,lek-048-021,6.3
data/processed/speech/ahotsak_subset/segments/lekeitio_lek-048-021_021.wav,lekeitio_lek-048-021_021.wav,western,hizlariak,lekeitio,lek-048-021,2.46
data/processed/speech/ahotsak_subset/segments/donostia_don-010-003_000.wav,donostia_don-010-003_000.wav,central,hizlariak,donostia,don-010-003,9.02
data/processed/speech/ahotsak_subset/segments/donostia_don-010-003_001.wav,donostia_don-010-003_001.wav,central,hizlariak,donostia,don-010-003,2.75
data/processed/speech/ahotsak_subset/segments/donostia_don-010-003_002.wav,donostia_don-010-003_002.wav,central,hizlariak,donostia,don-010-003,2.27
data/processed/speech/ahotsak_subset/segments/donostia_don-010-003_003.wav,donostia_don-010-003_003.wav,central,hizlariak,donostia,don-010-003,9.25
data/processed/speech/ahotsak_subset/segments/donostia_don-010-003_004.wav,donostia_don-010-003_004.wav,central,hizlariak,donostia,don-010-003,2.88
data/processed/speech/ahotsak_subset/segments/donostia_don-010-003_005.wav,donostia_don-010-003_005.wav,central,hizlariak,donostia,don-010-003,4.67
data/processed/speech/ahotsak_subset/segments/donostia_don-010-003_006.wav,donostia_don-010-003_006.wav,central,hizlariak,donostia,don-010-003,4.16
data/processed/speech/ahotsak_subset/segments/donostia_don-010-003_007.wav,donostia_don-010-003_007.wav,central,hizlariak,donostia,don-010-003,15.0
data/processed/speech/ahotsak_subset/segments/donostia_don-010-003_008.wav,donostia_don-010-003_008.wav,central,hizlariak,donostia,don-010-003,15.0
data/processed/speech/ahotsak_subset/segments/donostia_don-010-003_009.wav,donostia_don-010-003_009.wav,central,hizlariak,donostia,don-010-003,2.13
data/processed/speech/ahotsak_subset/segments/donostia_don-015-012_000.wav,donostia_don-015-012_000.wav,central,hizlariak,donostia,don-015-012,11.94
data/processed/speech/ahotsak_subset/segments/donostia_don-015-012_001.wav,donostia_don-015-012_001.wav,central,hizlariak,donostia,don-015-012,10.24
data/processed/speech/ahotsak_subset/segments/donostia_don-015-012_002.wav,donostia_don-015-012_002.wav,central,hizlariak,donostia,don-015-012,11.2
data/processed/speech/ahotsak_subset/segments/donostia_don-015-012_003.wav,donostia_don-015-012_003.wav,central,hizlariak,donostia,don-015-012,1.63
data/processed/speech/ahotsak_subset/segments/donostia_don-015-012_004.wav,donostia_don-015-012_004.wav,central,hizlariak,donostia,don-015-012,14.91
data/processed/speech/ahotsak_subset/segments/donostia_don-015-012_005.wav,donostia_don-015-012_005.wav,central,hizlariak,donostia,don-015-012,2.72
data/processed/speech/ahotsak_subset/segments/donostia_don-015-012_006.wav,donostia_don-015-012_006.wav,central,hizlariak,donostia,don-015-012,9.92
data/processed/speech/ahotsak_subset/segments/donostia_don-015-012_007.wav,donostia_don-015-012_007.wav,central,hizlariak,donostia,don-015-012,4.26
data/processed/speech/ahotsak_subset/segments/donostia_don-015-012_008.wav,donostia_don-015-012_008.wav,central,hizlariak,donostia,don-015-012,1.79
data/processed/speech/ahotsak_subset/segments/donostia_don-015-012_009.wav,donostia_don-015-012_009.wav,central,hizlariak,donostia,don-015-012,13.02
data/processed/speech/ahotsak_subset/segments/donostia_don-015-012_010.wav,donostia_don-015-012_010.wav,central,hizlariak,donostia,don-015-012,5.34
data/processed/speech/ahotsak_subset/segments/donostia_don-015-012_011.wav,donostia_don-015-012_011.wav,central,hizlariak,donostia,don-015-012,1.73
data/processed/speech/ahotsak_subset/segments/donostia_don-015-012_012.wav,donostia_don-015-012_012.wav,central,hizlariak,donostia,don-015-012,2.3
data/processed/speech/ahotsak_subset/segments/donostia_don-015-012_013.wav,donostia_don-015-012_013.wav,central,hizlariak,donostia,don-015-012,2.59
data/processed/speech/ahotsak_subset/segments/donostia_don-015-012_014.wav,donostia_don-015-012_014.wav,central,hizlariak,donostia,don-015-012,1.09
data/processed/speech/ahotsak_subset/segments/donostia_don-015-012_015.wav,donostia_don-015-012_015.wav,central,hizlariak,donostia,don-015-012,2.59
data/processed/speech/ahotsak_subset/segments/donostia_don-015-012_016.wav,donostia_don-015-012_016.wav,central,hizlariak,donostia,don-015-012,1.79
data/processed/speech/ahotsak_subset/segments/donostia_don-015-012_017.wav,donostia_don-015-012_017.wav,central,hizlariak,donostia,don-015-012,5.5
data/processed/speech/ahotsak_subset/segments/donostia_don-015-012_018.wav,donostia_don-015-012_018.wav,central,hizlariak,donostia,don-015-012,1.28
data/processed/speech/ahotsak_subset/segments/donostia_don-015-012_019.wav,donostia_don-015-012_019.wav,central,hizlariak,donostia,don-015-012,8.77
data/processed/speech/ahotsak_subset/segments/donostia_don-015-012_020.wav,donostia_don-015-012_020.wav,central,hizlariak,donostia,don-015-012,1.5
data/processed/speech/ahotsak_subset/segments/donostia_don-015-012_021.wav,donostia_don-015-012_021.wav,central,hizlariak,donostia,don-015-012,1.18
data/processed/speech/ahotsak_subset/segments/donostia_don-015-012_022.wav,donostia_don-015-012_022.wav,central,hizlariak,donostia,don-015-012,4.42
data/processed/speech/ahotsak_subset/segments/donostia_don-015-012_023.wav,donostia_don-015-012_023.wav,central,hizlariak,donostia,don-015-012,2.08
data/processed/speech/ahotsak_subset/segments/donostia_don-015-012_024.wav,donostia_don-015-012_024.wav,central,hizlariak,donostia,don-015-012,4.45
data/processed/speech/ahotsak_subset/segments/donostia_don-015-012_025.wav,donostia_don-015-012_025.wav,central,hizlariak,donostia,don-015-012,5.7
data/processed/speech/ahotsak_subset/segments/donostia_don-015-012_026.wav,donostia_don-015-012_026.wav,central,hizlariak,donostia,don-015-012,1.06
data/processed/speech/ahotsak_subset/segments/donostia_don-015-012_027.wav,donostia_don-015-012_027.wav,central,hizlariak,donostia,don-015-012,7.84
data/processed/speech/ahotsak_subset/segments/donostia_don-015-012_028.wav,donostia_don-015-012_028.wav,central,hizlariak,donostia,don-015-012,2.37
data/processed/speech/ahotsak_subset/segments/donostia_don-015-012_029.wav,donostia_don-015-012_029.wav,central,hizlariak,donostia,don-015-012,9.63
data/processed/speech/ahotsak_subset/segments/donostia_don-015-012_030.wav,donostia_don-015-012_030.wav,central,hizlariak,donostia,don-015-012,4.48
data/processed/speech/ahotsak_subset/segments/donostia_don-015-012_031.wav,donostia_don-015-012_031.wav,central,hizlariak,donostia,don-015-012,3.46
data/processed/speech/ahotsak_subset/segments/donostia_don-015-012_032.wav,donostia_don-015-012_032.wav,central,hizlariak,donostia,don-015-012,15.0
data/processed/speech/ahotsak_subset/segments/donostia_don-015-012_033.wav,donostia_don-015-012_033.wav,central,hizlariak,donostia,don-015-012,5.83
data/processed/speech/ahotsak_subset/segments/donostia_don-015-012_034.wav,donostia_don-015-012_034.wav,central,hizlariak,donostia,don-015-012,3.97
data/processed/speech/ahotsak_subset/segments/donostia_don-015-012_035.wav,donostia_don-015-012_035.wav,central,hizlariak,donostia,don-015-012,12.42
data/processed/speech/ahotsak_subset/segments/donostia_don-015-012_036.wav,donostia_don-015-012_036.wav,central,hizlariak,donostia,don-015-012,1.44
data/processed/speech/ahotsak_subset/segments/donostia_don-015-017_000.wav,donostia_don-015-017_000.wav,central,hizlariak,donostia,don-015-017,5.5
data/processed/speech/ahotsak_subset/segments/donostia_don-015-017_001.wav,donostia_don-015-017_001.wav,central,hizlariak,donostia,don-015-017,2.98
data/processed/speech/ahotsak_subset/segments/donostia_don-015-017_002.wav,donostia_don-015-017_002.wav,central,hizlariak,donostia,don-015-017,1.66
data/processed/speech/ahotsak_subset/segments/donostia_don-015-017_003.wav,donostia_don-015-017_003.wav,central,hizlariak,donostia,don-015-017,1.09
data/processed/speech/ahotsak_subset/segments/donostia_don-015-017_004.wav,donostia_don-015-017_004.wav,central,hizlariak,donostia,don-015-017,7.84
data/processed/speech/ahotsak_subset/segments/donostia_don-015-017_005.wav,donostia_don-015-017_005.wav,central,hizlariak,donostia,don-015-017,1.15
data/processed/speech/ahotsak_subset/segments/donostia_don-015-017_006.wav,donostia_don-015-017_006.wav,central,hizlariak,donostia,don-015-017,2.91
data/processed/speech/ahotsak_subset/segments/donostia_don-015-017_007.wav,donostia_don-015-017_007.wav,central,hizlariak,donostia,don-015-017,1.25
data/processed/speech/ahotsak_subset/segments/donostia_don-015-017_008.wav,donostia_don-015-017_008.wav,central,hizlariak,donostia,don-015-017,2.91
data/processed/speech/ahotsak_subset/segments/donostia_don-015-017_009.wav,donostia_don-015-017_009.wav,central,hizlariak,donostia,don-015-017,6.46
data/processed/speech/ahotsak_subset/segments/donostia_don-015-017_010.wav,donostia_don-015-017_010.wav,central,hizlariak,donostia,don-015-017,10.72
data/processed/speech/ahotsak_subset/segments/donostia_don-015-017_011.wav,donostia_don-015-017_011.wav,central,hizlariak,donostia,don-015-017,2.34
data/processed/speech/ahotsak_subset/segments/donostia_don-015-017_012.wav,donostia_don-015-017_012.wav,central,hizlariak,donostia,don-015-017,15.0
data/processed/speech/ahotsak_subset/segments/donostia_don-015-017_013.wav,donostia_don-015-017_013.wav,central,hizlariak,donostia,don-015-017,6.5
data/processed/speech/ahotsak_subset/segments/donostia_don-015-017_014.wav,donostia_don-015-017_014.wav,central,hizlariak,donostia,don-015-017,9.6
data/processed/speech/ahotsak_subset/segments/donostia_don-015-017_015.wav,donostia_don-015-017_015.wav,central,hizlariak,donostia,don-015-017,7.49
data/processed/speech/ahotsak_subset/segments/donostia_don-015-017_016.wav,donostia_don-015-017_016.wav,central,hizlariak,donostia,don-015-017,1.47
data/processed/speech/ahotsak_subset/segments/donostia_don-021-003_000.wav,donostia_don-021-003_000.wav,central,hizlariak,donostia,don-021-003,2.78
data/processed/speech/ahotsak_subset/segments/donostia_don-021-003_001.wav,donostia_don-021-003_001.wav,central,hizlariak,donostia,don-021-003,1.6
data/processed/speech/ahotsak_subset/segments/donostia_don-021-003_002.wav,donostia_don-021-003_002.wav,central,hizlariak,donostia,don-021-003,11.2
data/processed/speech/ahotsak_subset/segments/donostia_don-021-003_003.wav,donostia_don-021-003_003.wav,central,hizlariak,donostia,don-021-003,5.82
data/processed/speech/ahotsak_subset/segments/donostia_don-021-003_004.wav,donostia_don-021-003_004.wav,central,hizlariak,donostia,don-021-003,10.69
data/processed/speech/ahotsak_subset/segments/donostia_don-021-003_005.wav,donostia_don-021-003_005.wav,central,hizlariak,donostia,don-021-003,4.77
data/processed/speech/ahotsak_subset/segments/donostia_don-021-003_006.wav,donostia_don-021-003_006.wav,central,hizlariak,donostia,don-021-003,7.46
data/processed/speech/ahotsak_subset/segments/donostia_don-021-003_007.wav,donostia_don-021-003_007.wav,central,hizlariak,donostia,don-021-003,4.22
data/processed/speech/ahotsak_subset/segments/donostia_don-021-003_008.wav,donostia_don-021-003_008.wav,central,hizlariak,donostia,don-021-003,3.42
data/processed/speech/ahotsak_subset/segments/donostia_don-021-003_009.wav,donostia_don-021-003_009.wav,central,hizlariak,donostia,don-021-003,1.82
data/processed/speech/ahotsak_subset/segments/donostia_don-021-003_010.wav,donostia_don-021-003_010.wav,central,hizlariak,donostia,don-021-003,15.0
data/processed/speech/ahotsak_subset/segments/donostia_don-021-003_011.wav,donostia_don-021-003_011.wav,central,hizlariak,donostia,don-021-003,1.67
data/processed/speech/ahotsak_subset/segments/donostia_don-021-003_012.wav,donostia_don-021-003_012.wav,central,hizlariak,donostia,don-021-003,10.98
data/processed/speech/ahotsak_subset/segments/donostia_don-021-003_013.wav,donostia_don-021-003_013.wav,central,hizlariak,donostia,don-021-003,11.55
data/processed/speech/ahotsak_subset/segments/donostia_don-021-003_014.wav,donostia_don-021-003_014.wav,central,hizlariak,donostia,don-021-003,1.41
data/processed/speech/ahotsak_subset/segments/donostia_don-021-003_015.wav,donostia_don-021-003_015.wav,central,hizlariak,donostia,don-021-003,2.37
data/processed/speech/ahotsak_subset/segments/donostia_don-040-002_000.wav,donostia_don-040-002_000.wav,central,hizlariak,donostia,don-040-002,1.54
data/processed/speech/ahotsak_subset/segments/donostia_don-040-002_001.wav,donostia_don-040-002_001.wav,central,hizlariak,donostia,don-040-002,1.44
data/processed/speech/ahotsak_subset/segments/donostia_don-040-002_002.wav,donostia_don-040-002_002.wav,central,hizlariak,donostia,don-040-002,2.43
data/processed/speech/ahotsak_subset/segments/donostia_don-040-002_003.wav,donostia_don-040-002_003.wav,central,hizlariak,donostia,don-040-002,5.12
data/processed/speech/ahotsak_subset/segments/donostia_don-040-002_004.wav,donostia_don-040-002_004.wav,central,hizlariak,donostia,don-040-002,3.68
data/processed/speech/ahotsak_subset/segments/donostia_don-040-002_005.wav,donostia_don-040-002_005.wav,central,hizlariak,donostia,don-040-002,3.07
data/processed/speech/ahotsak_subset/segments/donostia_don-040-002_006.wav,donostia_don-040-002_006.wav,central,hizlariak,donostia,don-040-002,1.57
data/processed/speech/ahotsak_subset/segments/donostia_don-040-002_007.wav,donostia_don-040-002_007.wav,central,hizlariak,donostia,don-040-002,1.28
data/processed/speech/ahotsak_subset/segments/donostia_don-040-002_008.wav,donostia_don-040-002_008.wav,central,hizlariak,donostia,don-040-002,2.66
data/processed/speech/ahotsak_subset/segments/donostia_don-040-002_009.wav,donostia_don-040-002_009.wav,central,hizlariak,donostia,don-040-002,1.76
data/processed/speech/ahotsak_subset/segments/donostia_don-040-002_010.wav,donostia_don-040-002_010.wav,central,hizlariak,donostia,don-040-002,1.06
data/processed/speech/ahotsak_subset/segments/donostia_don-040-002_011.wav,donostia_don-040-002_011.wav,central,hizlariak,donostia,don-040-002,5.15
data/processed/speech/ahotsak_subset/segments/donostia_don-040-002_012.wav,donostia_don-040-002_012.wav,central,hizlariak,donostia,don-040-002,2.11
data/processed/speech/ahotsak_subset/segments/donostia_don-040-002_013.wav,donostia_don-040-002_013.wav,central,hizlariak,donostia,don-040-002,1.86
data/processed/speech/ahotsak_subset/segments/donostia_don-040-002_014.wav,donostia_don-040-002_014.wav,central,hizlariak,donostia,don-040-002,3.17
data/processed/speech/ahotsak_subset/segments/donostia_don-040-002_015.wav,donostia_don-040-002_015.wav,central,hizlariak,donostia,don-040-002,4.03
data/processed/speech/ahotsak_subset/segments/donostia_don-040-002_016.wav,donostia_don-040-002_016.wav,central,hizlariak,donostia,don-040-002,2.43
data/processed/speech/ahotsak_subset/segments/donostia_don-040-002_017.wav,donostia_don-040-002_017.wav,central,hizlariak,donostia,don-040-002,3.46
data/processed/speech/ahotsak_subset/segments/donostia_don-040-002_018.wav,donostia_don-040-002_018.wav,central,hizlariak,donostia,don-040-002,1.34
data/processed/speech/ahotsak_subset/segments/donostia_don-040-002_019.wav,donostia_don-040-002_019.wav,central,hizlariak,donostia,don-040-002,2.91
data/processed/speech/ahotsak_subset/segments/donostia_don-040-002_020.wav,donostia_don-040-002_020.wav,central,hizlariak,donostia,don-040-002,1.79
data/processed/speech/ahotsak_subset/segments/donostia_don-040-002_021.wav,donostia_don-040-002_021.wav,central,hizlariak,donostia,don-040-002,1.18
data/processed/speech/ahotsak_subset/segments/donostia_don-040-002_022.wav,donostia_don-040-002_022.wav,central,hizlariak,donostia,don-040-002,2.72
data/processed/speech/ahotsak_subset/segments/donostia_don-040-002_023.wav,donostia_don-040-002_023.wav,central,hizlariak,donostia,don-040-002,5.41
data/processed/speech/ahotsak_subset/segments/donostia_don-040-002_024.wav,donostia_don-040-002_024.wav,central,hizlariak,donostia,don-040-002,1.12
data/processed/speech/ahotsak_subset/segments/donostia_don-040-002_025.wav,donostia_don-040-002_025.wav,central,hizlariak,donostia,don-040-002,2.85
data/processed/speech/ahotsak_subset/segments/donostia_don-040-002_026.wav,donostia_don-040-002_026.wav,central,hizlariak,donostia,don-040-002,2.3
data/processed/speech/ahotsak_subset/segments/donostia_don-040-002_027.wav,donostia_don-040-002_027.wav,central,hizlariak,donostia,don-040-002,2.37
data/processed/speech/ahotsak_subset/segments/donostia_don-040-002_028.wav,donostia_don-040-002_028.wav,central,hizlariak,donostia,don-040-002,2.18
data/processed/speech/ahotsak_subset/segments/donostia_don-040-002_029.wav,donostia_don-040-002_029.wav,central,hizlariak,donostia,don-040-002,1.5
data/processed/speech/ahotsak_subset/segments/donostia_don-040-002_030.wav,donostia_don-040-002_030.wav,central,hizlariak,donostia,don-040-002,3.65
data/processed/speech/ahotsak_subset/segments/donostia_don-040-002_031.wav,donostia_don-040-002_031.wav,central,hizlariak,donostia,don-040-002,1.12
data/processed/speech/ahotsak_subset/segments/donostia_don-040-002_032.wav,donostia_don-040-002_032.wav,central,hizlariak,donostia,don-040-002,1.06
data/processed/speech/ahotsak_subset/segments/donostia_don-040-002_033.wav,donostia_don-040-002_033.wav,central,hizlariak,donostia,don-040-002,1.02
data/processed/speech/ahotsak_subset/segments/donostia_don-040-002_034.wav,donostia_don-040-002_034.wav,central,hizlariak,donostia,don-040-002,2.27
data/processed/speech/ahotsak_subset/segments/donostia_don-040-002_035.wav,donostia_don-040-002_035.wav,central,hizlariak,donostia,don-040-002,4.83
data/processed/speech/ahotsak_subset/segments/donostia_don-040-002_036.wav,donostia_don-040-002_036.wav,central,hizlariak,donostia,don-040-002,3.74
data/processed/speech/ahotsak_subset/segments/donostia_don-040-002_037.wav,donostia_don-040-002_037.wav,central,hizlariak,donostia,don-040-002,1.86
data/processed/speech/ahotsak_subset/segments/donostia_don-040-002_038.wav,donostia_don-040-002_038.wav,central,hizlariak,donostia,don-040-002,1.38
data/processed/speech/ahotsak_subset/segments/donostia_don-040-002_039.wav,donostia_don-040-002_039.wav,central,hizlariak,donostia,don-040-002,2.24
data/processed/speech/ahotsak_subset/segments/donostia_don-040-002_040.wav,donostia_don-040-002_040.wav,central,hizlariak,donostia,don-040-002,2.66
data/processed/speech/ahotsak_subset/segments/donostia_don-040-002_041.wav,donostia_don-040-002_041.wav,central,hizlariak,donostia,don-040-002,1.22
data/processed/speech/ahotsak_subset/segments/donostia_don-040-002_042.wav,donostia_don-040-002_042.wav,central,hizlariak,donostia,don-040-002,8.93
data/processed/speech/ahotsak_subset/segments/donostia_don-040-002_043.wav,donostia_don-040-002_043.wav,central,hizlariak,donostia,don-040-002,3.68
data/processed/speech/ahotsak_subset/segments/donostia_don-040-002_044.wav,donostia_don-040-002_044.wav,central,hizlariak,donostia,don-040-002,4.38
data/processed/speech/ahotsak_subset/segments/donostia_don-040-002_045.wav,donostia_don-040-002_045.wav,central,hizlariak,donostia,don-040-002,2.34
data/processed/speech/ahotsak_subset/segments/donostia_don-040-002_046.wav,donostia_don-040-002_046.wav,central,hizlariak,donostia,don-040-002,3.2
data/processed/speech/ahotsak_subset/segments/donostia_don-040-002_047.wav,donostia_don-040-002_047.wav,central,hizlariak,donostia,don-040-002,1.79
data/processed/speech/ahotsak_subset/segments/donostia_don-040-002_048.wav,donostia_don-040-002_048.wav,central,hizlariak,donostia,don-040-002,1.5
data/processed/speech/ahotsak_subset/segments/donostia_don-040-002_049.wav,donostia_don-040-002_049.wav,central,hizlariak,donostia,don-040-002,1.76
data/processed/speech/ahotsak_subset/segments/donostia_don-040-002_050.wav,donostia_don-040-002_050.wav,central,hizlariak,donostia,don-040-002,2.56
data/processed/speech/ahotsak_subset/segments/donostia_don-040-002_051.wav,donostia_don-040-002_051.wav,central,hizlariak,donostia,don-040-002,1.95
data/processed/speech/ahotsak_subset/segments/donostia_don-040-002_052.wav,donostia_don-040-002_052.wav,central,hizlariak,donostia,don-040-002,3.23
data/processed/speech/ahotsak_subset/segments/donostia_don-040-002_053.wav,donostia_don-040-002_053.wav,central,hizlariak,donostia,don-040-002,4.67
data/processed/speech/ahotsak_subset/segments/donostia_don-040-002_054.wav,donostia_don-040-002_054.wav,central,hizlariak,donostia,don-040-002,2.62
data/processed/speech/ahotsak_subset/segments/donostia_don-040-002_055.wav,donostia_don-040-002_055.wav,central,hizlariak,donostia,don-040-002,1.12
data/processed/speech/ahotsak_subset/segments/donostia_don-040-002_056.wav,donostia_don-040-002_056.wav,central,hizlariak,donostia,don-040-002,3.39
data/processed/speech/ahotsak_subset/segments/donostia_don-040-002_057.wav,donostia_don-040-002_057.wav,central,hizlariak,donostia,don-040-002,2.56
data/processed/speech/ahotsak_subset/segments/donostia_don-040-002_058.wav,donostia_don-040-002_058.wav,central,hizlariak,donostia,don-040-002,7.97
data/processed/speech/ahotsak_subset/segments/donostia_don-040-002_059.wav,donostia_don-040-002_059.wav,central,hizlariak,donostia,don-040-002,6.05
data/processed/speech/ahotsak_subset/segments/donostia_don-040-033_000.wav,donostia_don-040-033_000.wav,central,hizlariak,donostia,don-040-033,10.59
data/processed/speech/ahotsak_subset/segments/donostia_don-040-033_001.wav,donostia_don-040-033_001.wav,central,hizlariak,donostia,don-040-033,3.33
data/processed/speech/ahotsak_subset/segments/donostia_don-040-033_002.wav,donostia_don-040-033_002.wav,central,hizlariak,donostia,don-040-033,4.19
data/processed/speech/ahotsak_subset/segments/donostia_don-040-033_003.wav,donostia_don-040-033_003.wav,central,hizlariak,donostia,don-040-033,4.1
data/processed/speech/ahotsak_subset/segments/donostia_don-040-033_004.wav,donostia_don-040-033_004.wav,central,hizlariak,donostia,don-040-033,4.06
data/processed/speech/ahotsak_subset/segments/donostia_don-040-033_005.wav,donostia_don-040-033_005.wav,central,hizlariak,donostia,don-040-033,1.57
data/processed/speech/ahotsak_subset/segments/donostia_don-040-033_006.wav,donostia_don-040-033_006.wav,central,hizlariak,donostia,don-040-033,1.98
data/processed/speech/ahotsak_subset/segments/donostia_don-040-033_007.wav,donostia_don-040-033_007.wav,central,hizlariak,donostia,don-040-033,9.92
data/processed/speech/ahotsak_subset/segments/donostia_don-040-033_008.wav,donostia_don-040-033_008.wav,central,hizlariak,donostia,don-040-033,2.91
data/processed/speech/ahotsak_subset/segments/donostia_don-040-033_009.wav,donostia_don-040-033_009.wav,central,hizlariak,donostia,don-040-033,1.79
data/processed/speech/ahotsak_subset/segments/donostia_don-040-033_010.wav,donostia_don-040-033_010.wav,central,hizlariak,donostia,don-040-033,5.22
data/processed/speech/ahotsak_subset/segments/donostia_don-040-033_011.wav,donostia_don-040-033_011.wav,central,hizlariak,donostia,don-040-033,2.98
data/processed/speech/ahotsak_subset/segments/donostia_don-040-033_012.wav,donostia_don-040-033_012.wav,central,hizlariak,donostia,don-040-033,2.91
data/processed/speech/ahotsak_subset/segments/donostia_don-040-033_013.wav,donostia_don-040-033_013.wav,central,hizlariak,donostia,don-040-033,1.44
data/processed/speech/ahotsak_subset/segments/donostia_don-040-033_014.wav,donostia_don-040-033_014.wav,central,hizlariak,donostia,don-040-033,5.54
data/processed/speech/ahotsak_subset/segments/donostia_don-040-033_015.wav,donostia_don-040-033_015.wav,central,hizlariak,donostia,don-040-033,2.34
data/processed/speech/ahotsak_subset/segments/donostia_don-040-033_016.wav,donostia_don-040-033_016.wav,central,hizlariak,donostia,don-040-033,5.18
data/processed/speech/ahotsak_subset/segments/donostia_don-040-033_017.wav,donostia_don-040-033_017.wav,central,hizlariak,donostia,don-040-033,2.02
data/processed/speech/ahotsak_subset/segments/donostia_don-040-033_018.wav,donostia_don-040-033_018.wav,central,hizlariak,donostia,don-040-033,1.5
data/processed/speech/ahotsak_subset/segments/donostia_don-040-033_019.wav,donostia_don-040-033_019.wav,central,hizlariak,donostia,don-040-033,5.98
data/processed/speech/ahotsak_subset/segments/donostia_don-040-033_020.wav,donostia_don-040-033_020.wav,central,hizlariak,donostia,don-040-033,2.05
data/processed/speech/ahotsak_subset/segments/donostia_don-040-033_021.wav,donostia_don-040-033_021.wav,central,hizlariak,donostia,don-040-033,1.7
data/processed/speech/ahotsak_subset/segments/donostia_don-040-033_022.wav,donostia_don-040-033_022.wav,central,hizlariak,donostia,don-040-033,1.63
data/processed/speech/ahotsak_subset/segments/donostia_don-040-033_023.wav,donostia_don-040-033_023.wav,central,hizlariak,donostia,don-040-033,1.34
data/processed/speech/ahotsak_subset/segments/donostia_don-075-019_000.wav,donostia_don-075-019_000.wav,central,hizlariak,donostia,don-075-019,15.0
data/processed/speech/ahotsak_subset/segments/donostia_don-075-019_001.wav,donostia_don-075-019_001.wav,central,hizlariak,donostia,don-075-019,15.0
data/processed/speech/ahotsak_subset/segments/donostia_don-075-019_002.wav,donostia_don-075-019_002.wav,central,hizlariak,donostia,don-075-019,15.0
data/processed/speech/ahotsak_subset/segments/donostia_don-075-019_003.wav,donostia_don-075-019_003.wav,central,hizlariak,donostia,don-075-019,15.0
data/processed/speech/ahotsak_subset/segments/donostia_don-075-019_004.wav,donostia_don-075-019_004.wav,central,hizlariak,donostia,don-075-019,15.0
data/processed/speech/ahotsak_subset/segments/donostia_don-075-019_005.wav,donostia_don-075-019_005.wav,central,hizlariak,donostia,don-075-019,15.0
data/processed/speech/ahotsak_subset/segments/donostia_don-075-019_006.wav,donostia_don-075-019_006.wav,central,hizlariak,donostia,don-075-019,15.0
data/processed/speech/ahotsak_subset/segments/donostia_don-075-019_007.wav,donostia_don-075-019_007.wav,central,hizlariak,donostia,don-075-019,15.0
data/processed/speech/ahotsak_subset/segments/donostia_don-075-019_008.wav,donostia_don-075-019_008.wav,central,hizlariak,donostia,don-075-019,15.0
data/processed/speech/ahotsak_subset/segments/donostia_don-075-019_009.wav,donostia_don-075-019_009.wav,central,hizlariak,donostia,don-075-019,15.0
data/processed/speech/ahotsak_subset/segments/donostia_don-075-019_010.wav,donostia_don-075-019_010.wav,central,hizlariak,donostia,don-075-019,15.0
data/processed/speech/ahotsak_subset/segments/donostia_don-148-015_000.wav,donostia_don-148-015_000.wav,central,hizlariak,donostia,don-148-015,6.21
data/processed/speech/ahotsak_subset/segments/donostia_don-148-015_001.wav,donostia_don-148-015_001.wav,central,hizlariak,donostia,don-148-015,3.65
data/processed/speech/ahotsak_subset/segments/donostia_don-148-015_002.wav,donostia_don-148-015_002.wav,central,hizlariak,donostia,don-148-015,1.02
data/processed/speech/ahotsak_subset/segments/donostia_don-148-015_003.wav,donostia_don-148-015_003.wav,central,hizlariak,donostia,don-148-015,1.86
data/processed/speech/ahotsak_subset/segments/donostia_don-148-015_004.wav,donostia_don-148-015_004.wav,central,hizlariak,donostia,don-148-015,8.22
data/processed/speech/ahotsak_subset/segments/donostia_don-148-015_005.wav,donostia_don-148-015_005.wav,central,hizlariak,donostia,don-148-015,15.0
data/processed/speech/ahotsak_subset/segments/donostia_don-148-015_006.wav,donostia_don-148-015_006.wav,central,hizlariak,donostia,don-148-015,5.74
data/processed/speech/ahotsak_subset/segments/donostia_don-148-015_007.wav,donostia_don-148-015_007.wav,central,hizlariak,donostia,don-148-015,3.94
data/processed/speech/ahotsak_subset/segments/donostia_don-148-015_008.wav,donostia_don-148-015_008.wav,central,hizlariak,donostia,don-148-015,3.3
data/processed/speech/ahotsak_subset/segments/donostia_don-148-015_009.wav,donostia_don-148-015_009.wav,central,hizlariak,donostia,don-148-015,13.28
data/processed/speech/ahotsak_subset/segments/donostia_don-148-015_010.wav,donostia_don-148-015_010.wav,central,hizlariak,donostia,don-148-015,11.65
data/processed/speech/ahotsak_subset/segments/donostia_don-148-015_011.wav,donostia_don-148-015_011.wav,central,hizlariak,donostia,don-148-015,1.82
data/processed/speech/ahotsak_subset/segments/donostia_don-148-015_012.wav,donostia_don-148-015_012.wav,central,hizlariak,donostia,don-148-015,9.89
data/processed/speech/ahotsak_subset/segments/donostia_don-148-015_013.wav,donostia_don-148-015_013.wav,central,hizlariak,donostia,don-148-015,1.28
data/processed/speech/ahotsak_subset/segments/eibar_ab-178-012_000.wav,eibar_ab-178-012_000.wav,western,hizlariak,eibar,ab-178-012,15.0
data/processed/speech/ahotsak_subset/segments/eibar_ab-178-012_001.wav,eibar_ab-178-012_001.wav,western,hizlariak,eibar,ab-178-012,3.72
data/processed/speech/ahotsak_subset/segments/eibar_ab-178-012_002.wav,eibar_ab-178-012_002.wav,western,hizlariak,eibar,ab-178-012,7.07
data/processed/speech/ahotsak_subset/segments/eibar_ab-178-012_003.wav,eibar_ab-178-012_003.wav,western,hizlariak,eibar,ab-178-012,15.0
data/processed/speech/ahotsak_subset/segments/eibar_ab-178-012_004.wav,eibar_ab-178-012_004.wav,western,hizlariak,eibar,ab-178-012,15.0
data/processed/speech/ahotsak_subset/segments/eibar_ab-178-012_005.wav,eibar_ab-178-012_005.wav,western,hizlariak,eibar,ab-178-012,15.0
data/processed/speech/ahotsak_subset/segments/eibar_ab-178-012_006.wav,eibar_ab-178-012_006.wav,western,hizlariak,eibar,ab-178-012,15.0
data/processed/speech/ahotsak_subset/segments/eibar_ab-178-012_007.wav,eibar_ab-178-012_007.wav,western,hizlariak,eibar,ab-178-012,1.09
data/processed/speech/ahotsak_subset/segments/eibar_ab-178-012_008.wav,eibar_ab-178-012_008.wav,western,hizlariak,eibar,ab-178-012,10.43
data/processed/speech/ahotsak_subset/segments/eibar_ab-178-015_000.wav,eibar_ab-178-015_000.wav,western,hizlariak,eibar,ab-178-015,15.0
data/processed/speech/ahotsak_subset/segments/eibar_ab-178-015_001.wav,eibar_ab-178-015_001.wav,western,hizlariak,eibar,ab-178-015,15.0
data/processed/speech/ahotsak_subset/segments/eibar_ab-178-015_002.wav,eibar_ab-178-015_002.wav,western,hizlariak,eibar,ab-178-015,15.0
data/processed/speech/ahotsak_subset/segments/eibar_ab-178-015_003.wav,eibar_ab-178-015_003.wav,western,hizlariak,eibar,ab-178-015,15.0
data/processed/speech/ahotsak_subset/segments/eibar_ab-178-015_004.wav,eibar_ab-178-015_004.wav,western,hizlariak,eibar,ab-178-015,15.0
data/processed/speech/ahotsak_subset/segments/eibar_ab-178-015_005.wav,eibar_ab-178-015_005.wav,western,hizlariak,eibar,ab-178-015,11.69
data/processed/speech/ahotsak_subset/segments/eibar_eib-046-003_000.wav,eibar_eib-046-003_000.wav,western,hizlariak,eibar,eib-046-003,15.0
data/processed/speech/ahotsak_subset/segments/eibar_eib-046-003_001.wav,eibar_eib-046-003_001.wav,western,hizlariak,eibar,eib-046-003,15.0
data/processed/speech/ahotsak_subset/segments/eibar_eib-046-003_002.wav,eibar_eib-046-003_002.wav,western,hizlariak,eibar,eib-046-003,15.0
data/processed/speech/ahotsak_subset/segments/eibar_eib-046-003_003.wav,eibar_eib-046-003_003.wav,western,hizlariak,eibar,eib-046-003,15.0
data/processed/speech/ahotsak_subset/segments/eibar_eib-046-003_004.wav,eibar_eib-046-003_004.wav,western,hizlariak,eibar,eib-046-003,4.9
data/processed/speech/ahotsak_subset/segments/eibar_eib-046-003_005.wav,eibar_eib-046-003_005.wav,western,hizlariak,eibar,eib-046-003,10.34
data/processed/speech/ahotsak_subset/segments/eibar_eib-046-004_000.wav,eibar_eib-046-004_000.wav,western,hizlariak,eibar,eib-046-004,1.15
data/processed/speech/ahotsak_subset/segments/eibar_eib-046-004_001.wav,eibar_eib-046-004_001.wav,western,hizlariak,eibar,eib-046-004,2.53
data/processed/speech/ahotsak_subset/segments/eibar_eib-046-004_002.wav,eibar_eib-046-004_002.wav,western,hizlariak,eibar,eib-046-004,8.22
data/processed/speech/ahotsak_subset/segments/eibar_eib-046-004_003.wav,eibar_eib-046-004_003.wav,western,hizlariak,eibar,eib-046-004,2.59
data/processed/speech/ahotsak_subset/segments/eibar_eib-046-004_004.wav,eibar_eib-046-004_004.wav,western,hizlariak,eibar,eib-046-004,15.0
data/processed/speech/ahotsak_subset/segments/eibar_eib-046-004_005.wav,eibar_eib-046-004_005.wav,western,hizlariak,eibar,eib-046-004,15.0
data/processed/speech/ahotsak_subset/segments/eibar_eib-046-004_006.wav,eibar_eib-046-004_006.wav,western,hizlariak,eibar,eib-046-004,15.0
data/processed/speech/ahotsak_subset/segments/eibar_eib-046-004_007.wav,eibar_eib-046-004_007.wav,western,hizlariak,eibar,eib-046-004,15.0
data/processed/speech/ahotsak_subset/segments/eibar_eib-046-004_008.wav,eibar_eib-046-004_008.wav,western,hizlariak,eibar,eib-046-004,8.13
data/processed/speech/ahotsak_subset/segments/eibar_eib-074-021_000.wav,eibar_eib-074-021_000.wav,western,hizlariak,eibar,eib-074-021,1.89
data/processed/speech/ahotsak_subset/segments/eibar_eib-074-021_001.wav,eibar_eib-074-021_001.wav,western,hizlariak,eibar,eib-074-021,4.16
data/processed/speech/ahotsak_subset/segments/eibar_eib-074-021_002.wav,eibar_eib-074-021_002.wav,western,hizlariak,eibar,eib-074-021,6.69
data/processed/speech/ahotsak_subset/segments/eibar_eib-074-021_003.wav,eibar_eib-074-021_003.wav,western,hizlariak,eibar,eib-074-021,3.01
data/processed/speech/ahotsak_subset/segments/eibar_eib-074-021_004.wav,eibar_eib-074-021_004.wav,western,hizlariak,eibar,eib-074-021,15.0
data/processed/speech/ahotsak_subset/segments/eibar_eib-074-021_005.wav,eibar_eib-074-021_005.wav,western,hizlariak,eibar,eib-074-021,2.15
data/processed/speech/ahotsak_subset/segments/eibar_eib-074-021_006.wav,eibar_eib-074-021_006.wav,western,hizlariak,eibar,eib-074-021,15.0
data/processed/speech/ahotsak_subset/segments/eibar_eib-074-021_007.wav,eibar_eib-074-021_007.wav,western,hizlariak,eibar,eib-074-021,15.0
data/processed/speech/ahotsak_subset/segments/eibar_eib-074-021_008.wav,eibar_eib-074-021_008.wav,western,hizlariak,eibar,eib-074-021,6.82
data/processed/speech/ahotsak_subset/segments/eibar_eib-074-021_009.wav,eibar_eib-074-021_009.wav,western,hizlariak,eibar,eib-074-021,1.89
data/processed/speech/ahotsak_subset/segments/eibar_eib-074-021_010.wav,eibar_eib-074-021_010.wav,western,hizlariak,eibar,eib-074-021,15.0
data/processed/speech/ahotsak_subset/segments/eibar_eib-074-021_011.wav,eibar_eib-074-021_011.wav,western,hizlariak,eibar,eib-074-021,2.66
data/processed/speech/ahotsak_subset/segments/eibar_eib-074-021_012.wav,eibar_eib-074-021_012.wav,western,hizlariak,eibar,eib-074-021,2.78
data/processed/speech/ahotsak_subset/segments/eibar_eib-074-021_013.wav,eibar_eib-074-021_013.wav,western,hizlariak,eibar,eib-074-021,6.3
data/processed/speech/ahotsak_subset/segments/eibar_eib-074-021_014.wav,eibar_eib-074-021_014.wav,western,hizlariak,eibar,eib-074-021,15.0
data/processed/speech/ahotsak_subset/segments/eibar_eib-074-021_015.wav,eibar_eib-074-021_015.wav,western,hizlariak,eibar,eib-074-021,1.15
data/processed/speech/ahotsak_subset/segments/eibar_eib-074-021_016.wav,eibar_eib-074-021_016.wav,western,hizlariak,eibar,eib-074-021,12.83
data/processed/speech/ahotsak_subset/segments/eibar_eib-074-021_017.wav,eibar_eib-074-021_017.wav,western,hizlariak,eibar,eib-074-021,14.24
data/processed/speech/ahotsak_subset/segments/eibar_eib-074-021_018.wav,eibar_eib-074-021_018.wav,western,hizlariak,eibar,eib-074-021,3.84
data/processed/speech/ahotsak_subset/segments/eibar_eib-074-021_019.wav,eibar_eib-074-021_019.wav,western,hizlariak,eibar,eib-074-021,14.37
data/processed/speech/ahotsak_subset/segments/eibar_eib-074-021_020.wav,eibar_eib-074-021_020.wav,western,hizlariak,eibar,eib-074-021,3.17
data/processed/speech/ahotsak_subset/segments/eibar_eib-074-021_021.wav,eibar_eib-074-021_021.wav,western,hizlariak,eibar,eib-074-021,15.0
data/processed/speech/ahotsak_subset/segments/eibar_eib-074-021_022.wav,eibar_eib-074-021_022.wav,western,hizlariak,eibar,eib-074-021,1.58
data/processed/speech/ahotsak_subset/segments/eibar_eib-074-021_023.wav,eibar_eib-074-021_023.wav,western,hizlariak,eibar,eib-074-021,4.32
data/processed/speech/ahotsak_subset/segments/eibar_eib-074-021_024.wav,eibar_eib-074-021_024.wav,western,hizlariak,eibar,eib-074-021,3.49
data/processed/speech/ahotsak_subset/segments/zarautz_zar-017-016_000.wav,zarautz_zar-017-016_000.wav,central,hizlariak,zarautz,zar-017-016,15.0
data/processed/speech/ahotsak_subset/segments/zarautz_zar-017-016_001.wav,zarautz_zar-017-016_001.wav,central,hizlariak,zarautz,zar-017-016,15.0
data/processed/speech/ahotsak_subset/segments/zarautz_zar-017-016_002.wav,zarautz_zar-017-016_002.wav,central,hizlariak,zarautz,zar-017-016,15.0
data/processed/speech/ahotsak_subset/segments/zarautz_zar-017-016_003.wav,zarautz_zar-017-016_003.wav,central,hizlariak,zarautz,zar-017-016,15.0
data/processed/speech/ahotsak_subset/segments/zarautz_zar-017-016_004.wav,zarautz_zar-017-016_004.wav,central,hizlariak,zarautz,zar-017-016,15.0
data/processed/speech/ahotsak_subset/segments/zarautz_zar-017-016_005.wav,zarautz_zar-017-016_005.wav,central,hizlariak,zarautz,zar-017-016,15.0
data/processed/speech/ahotsak_subset/segments/zarautz_zar-017-016_006.wav,zarautz_zar-017-016_006.wav,central,hizlariak,zarautz,zar-017-016,15.0
data/processed/speech/ahotsak_subset/segments/zarautz_zar-017-016_007.wav,zarautz_zar-017-016_007.wav,central,hizlariak,zarautz,zar-017-016,15.0
data/processed/speech/ahotsak_subset/segments/zarautz_zar-043-023_000.wav,zarautz_zar-043-023_000.wav,central,hizlariak,zarautz,zar-043-023,15.0
data/processed/speech/ahotsak_subset/segments/zarautz_zar-043-023_001.wav,zarautz_zar-043-023_001.wav,central,hizlariak,zarautz,zar-043-023,15.0
data/processed/speech/ahotsak_subset/segments/zarautz_zar-043-023_002.wav,zarautz_zar-043-023_002.wav,central,hizlariak,zarautz,zar-043-023,15.0
data/processed/speech/ahotsak_subset/segments/zarautz_zar-043-023_003.wav,zarautz_zar-043-023_003.wav,central,hizlariak,zarautz,zar-043-023,15.0
data/processed/speech/ahotsak_subset/segments/zarautz_zar-043-023_004.wav,zarautz_zar-043-023_004.wav,central,hizlariak,zarautz,zar-043-023,15.0
data/processed/speech/ahotsak_subset/segments/zarautz_zar-043-023_005.wav,zarautz_zar-043-023_005.wav,central,hizlariak,zarautz,zar-043-023,15.0
data/processed/speech/ahotsak_subset/segments/zarautz_zar-043-023_006.wav,zarautz_zar-043-023_006.wav,central,hizlariak,zarautz,zar-043-023,15.0
data/processed/speech/ahotsak_subset/segments/zarautz_zar-043-023_007.wav,zarautz_zar-043-023_007.wav,central,hizlariak,zarautz,zar-043-023,15.0
data/processed/speech/ahotsak_subset/segments/zarautz_zar-043-023_008.wav,zarautz_zar-043-023_008.wav,central,hizlariak,zarautz,zar-043-023,15.0
data/processed/speech/ahotsak_subset/segments/zarautz_zar-043-023_009.wav,zarautz_zar-043-023_009.wav,central,hizlariak,zarautz,zar-043-023,15.0
data/processed/speech/ahotsak_subset/segments/zarautz_zar-043-023_010.wav,zarautz_zar-043-023_010.wav,central,hizlariak,zarautz,zar-043-023,15.0
data/processed/speech/ahotsak_subset/segments/zarautz_zar-043-023_011.wav,zarautz_zar-043-023_011.wav,central,hizlariak,zarautz,zar-043-023,15.0
data/processed/speech/ahotsak_subset/segments/zarautz_zar-043-023_012.wav,zarautz_zar-043-023_012.wav,central,hizlariak,zarautz,zar-043-023,1.02
data/processed/speech/ahotsak_subset/segments/zarautz_zar-113-004_000.wav,zarautz_zar-113-004_000.wav,central,hizlariak,zarautz,zar-113-004,15.0
data/processed/speech/ahotsak_subset/segments/zarautz_zar-113-004_001.wav,zarautz_zar-113-004_001.wav,central,hizlariak,zarautz,zar-113-004,15.0
data/processed/speech/ahotsak_subset/segments/zarautz_zar-113-004_002.wav,zarautz_zar-113-004_002.wav,central,hizlariak,zarautz,zar-113-004,15.0
data/processed/speech/ahotsak_subset/segments/zarautz_zar-113-004_003.wav,zarautz_zar-113-004_003.wav,central,hizlariak,zarautz,zar-113-004,15.0
data/processed/speech/ahotsak_subset/segments/zarautz_zar-113-004_004.wav,zarautz_zar-113-004_004.wav,central,hizlariak,zarautz,zar-113-004,15.0
data/processed/speech/ahotsak_subset/segments/zarautz_zar-113-004_005.wav,zarautz_zar-113-004_005.wav,central,hizlariak,zarautz,zar-113-004,15.0
data/processed/speech/ahotsak_subset/segments/zarautz_zar-124-004_000.wav,zarautz_zar-124-004_000.wav,central,hizlariak,zarautz,zar-124-004,15.0
data/processed/speech/ahotsak_subset/segments/zarautz_zar-124-004_001.wav,zarautz_zar-124-004_001.wav,central,hizlariak,zarautz,zar-124-004,15.0
data/processed/speech/ahotsak_subset/segments/zarautz_zar-124-004_002.wav,zarautz_zar-124-004_002.wav,central,hizlariak,zarautz,zar-124-004,15.0
data/processed/speech/ahotsak_subset/segments/zarautz_zar-124-004_003.wav,zarautz_zar-124-004_003.wav,central,hizlariak,zarautz,zar-124-004,15.0
data/processed/speech/ahotsak_subset/segments/zarautz_zar-124-004_004.wav,zarautz_zar-124-004_004.wav,central,hizlariak,zarautz,zar-124-004,15.0
data/processed/speech/ahotsak_subset/segments/zarautz_zar-124-004_005.wav,zarautz_zar-124-004_005.wav,central,hizlariak,zarautz,zar-124-004,15.0
data/processed/speech/ahotsak_subset/segments/zarautz_zar-124-004_006.wav,zarautz_zar-124-004_006.wav,central,hizlariak,zarautz,zar-124-004,13.14
data/processed/speech/ahotsak_subset/segments/oñati_ona-058-016_000.wav,oñati_ona-058-016_000.wav,western,hizlariak,oñati,ona-058-016,15.0
data/processed/speech/ahotsak_subset/segments/oñati_ona-058-016_001.wav,oñati_ona-058-016_001.wav,western,hizlariak,oñati,ona-058-016,15.0
data/processed/speech/ahotsak_subset/segments/oñati_ona-058-016_002.wav,oñati_ona-058-016_002.wav,western,hizlariak,oñati,ona-058-016,15.0
data/processed/speech/ahotsak_subset/segments/oñati_ona-058-016_003.wav,oñati_ona-058-016_003.wav,western,hizlariak,oñati,ona-058-016,10.68
data/processed/speech/ahotsak_subset/segments/oñati_ona-058-016_004.wav,oñati_ona-058-016_004.wav,western,hizlariak,oñati,ona-058-016,1.47
data/processed/speech/ahotsak_subset/segments/oñati_ona-058-016_005.wav,oñati_ona-058-016_005.wav,western,hizlariak,oñati,ona-058-016,15.0
data/processed/speech/ahotsak_subset/segments/oñati_ona-058-016_006.wav,oñati_ona-058-016_006.wav,western,hizlariak,oñati,ona-058-016,15.0
data/processed/speech/ahotsak_subset/segments/oñati_ona-058-016_007.wav,oñati_ona-058-016_007.wav,western,hizlariak,oñati,ona-058-016,15.0
data/processed/speech/ahotsak_subset/segments/oñati_ona-058-016_008.wav,oñati_ona-058-016_008.wav,western,hizlariak,oñati,ona-058-016,15.0
data/processed/speech/ahotsak_subset/segments/oñati_ona-058-016_009.wav,oñati_ona-058-016_009.wav,western,hizlariak,oñati,ona-058-016,4.51
data/processed/speech/ahotsak_subset/segments/oñati_ona-058-016_010.wav,oñati_ona-058-016_010.wav,western,hizlariak,oñati,ona-058-016,11.97
data/processed/speech/ahotsak_subset/segments/oñati_ona-058-016_011.wav,oñati_ona-058-016_011.wav,western,hizlariak,oñati,ona-058-016,5.89
data/processed/speech/ahotsak_subset/segments/oñati_ona-058-016_012.wav,oñati_ona-058-016_012.wav,western,hizlariak,oñati,ona-058-016,9.02
data/processed/speech/ahotsak_subset/segments/oñati_ona-058-016_013.wav,oñati_ona-058-016_013.wav,western,hizlariak,oñati,ona-058-016,6.53
data/processed/speech/ahotsak_subset/segments/oñati_ona-058-016_014.wav,oñati_ona-058-016_014.wav,western,hizlariak,oñati,ona-058-016,15.0
data/processed/speech/ahotsak_subset/segments/oñati_ona-058-016_015.wav,oñati_ona-058-016_015.wav,western,hizlariak,oñati,ona-058-016,15.0
data/processed/speech/ahotsak_subset/segments/oñati_ona-058-016_016.wav,oñati_ona-058-016_016.wav,western,hizlariak,oñati,ona-058-016,7.82
data/processed/speech/ahotsak_subset/segments/oñati_ona-058-016_017.wav,oñati_ona-058-016_017.wav,western,hizlariak,oñati,ona-058-016,15.0
data/processed/speech/ahotsak_subset/segments/oñati_ona-058-016_018.wav,oñati_ona-058-016_018.wav,western,hizlariak,oñati,ona-058-016,15.0
data/processed/speech/ahotsak_subset/segments/oñati_ona-058-016_019.wav,oñati_ona-058-016_019.wav,western,hizlariak,oñati,ona-058-016,1.9
data/processed/speech/ahotsak_subset/segments/oñati_ona-060-004_000.wav,oñati_ona-060-004_000.wav,western,hizlariak,oñati,ona-060-004,10.37
data/processed/speech/ahotsak_subset/segments/oñati_ona-060-004_001.wav,oñati_ona-060-004_001.wav,western,hizlariak,oñati,ona-060-004,9.31
data/processed/speech/ahotsak_subset/segments/oñati_ona-060-004_002.wav,oñati_ona-060-004_002.wav,western,hizlariak,oñati,ona-060-004,1.34
data/processed/speech/ahotsak_subset/segments/oñati_ona-060-004_003.wav,oñati_ona-060-004_003.wav,western,hizlariak,oñati,ona-060-004,2.46
data/processed/speech/ahotsak_subset/segments/oñati_ona-060-004_004.wav,oñati_ona-060-004_004.wav,western,hizlariak,oñati,ona-060-004,11.33
data/processed/speech/ahotsak_subset/segments/oñati_ona-060-004_005.wav,oñati_ona-060-004_005.wav,western,hizlariak,oñati,ona-060-004,5.25
data/processed/speech/ahotsak_subset/segments/oñati_ona-060-004_006.wav,oñati_ona-060-004_006.wav,western,hizlariak,oñati,ona-060-004,1.7
data/processed/speech/ahotsak_subset/segments/oñati_ona-060-004_007.wav,oñati_ona-060-004_007.wav,western,hizlariak,oñati,ona-060-004,3.01
data/processed/speech/ahotsak_subset/segments/oñati_ona-060-004_008.wav,oñati_ona-060-004_008.wav,western,hizlariak,oñati,ona-060-004,1.54
data/processed/speech/ahotsak_subset/segments/oñati_ona-060-004_009.wav,oñati_ona-060-004_009.wav,western,hizlariak,oñati,ona-060-004,3.1
data/processed/speech/ahotsak_subset/segments/oñati_ona-060-004_010.wav,oñati_ona-060-004_010.wav,western,hizlariak,oñati,ona-060-004,4.67
data/processed/speech/ahotsak_subset/segments/oñati_ona-060-004_011.wav,oñati_ona-060-004_011.wav,western,hizlariak,oñati,ona-060-004,1.95
data/processed/speech/ahotsak_subset/segments/oñati_ona-060-004_012.wav,oñati_ona-060-004_012.wav,western,hizlariak,oñati,ona-060-004,10.46
data/processed/speech/ahotsak_subset/segments/oñati_ona-060-004_013.wav,oñati_ona-060-004_013.wav,western,hizlariak,oñati,ona-060-004,2.21
data/processed/speech/ahotsak_subset/segments/oñati_ona-060-004_014.wav,oñati_ona-060-004_014.wav,western,hizlariak,oñati,ona-060-004,4.86
data/processed/speech/ahotsak_subset/segments/oñati_ona-060-004_015.wav,oñati_ona-060-004_015.wav,western,hizlariak,oñati,ona-060-004,7.1
data/processed/speech/ahotsak_subset/segments/oñati_ona-060-004_016.wav,oñati_ona-060-004_016.wav,western,hizlariak,oñati,ona-060-004,4.51
data/processed/speech/ahotsak_subset/segments/oñati_ona-060-004_017.wav,oñati_ona-060-004_017.wav,western,hizlariak,oñati,ona-060-004,4.54
data/processed/speech/ahotsak_subset/segments/oñati_ona-060-004_018.wav,oñati_ona-060-004_018.wav,western,hizlariak,oñati,ona-060-004,5.92
data/processed/speech/ahotsak_subset/segments/oñati_ona-060-004_019.wav,oñati_ona-060-004_019.wav,western,hizlariak,oñati,ona-060-004,3.33
data/processed/speech/ahotsak_subset/segments/oñati_ona-060-004_020.wav,oñati_ona-060-004_020.wav,western,hizlariak,oñati,ona-060-004,4.26
data/processed/speech/ahotsak_subset/segments/oñati_ona-060-004_021.wav,oñati_ona-060-004_021.wav,western,hizlariak,oñati,ona-060-004,1.98
data/processed/speech/ahotsak_subset/segments/oñati_ona-060-004_022.wav,oñati_ona-060-004_022.wav,western,hizlariak,oñati,ona-060-004,15.0
data/processed/speech/ahotsak_subset/segments/oñati_ona-060-004_023.wav,oñati_ona-060-004_023.wav,western,hizlariak,oñati,ona-060-004,15.0
data/processed/speech/ahotsak_subset/segments/oñati_ona-060-004_024.wav,oñati_ona-060-004_024.wav,western,hizlariak,oñati,ona-060-004,9.52
data/processed/speech/ahotsak_subset/segments/oñati_ona-060-004_025.wav,oñati_ona-060-004_025.wav,western,hizlariak,oñati,ona-060-004,3.9
data/processed/speech/ahotsak_subset/segments/oñati_ona-060-004_026.wav,oñati_ona-060-004_026.wav,western,hizlariak,oñati,ona-060-004,1.7
data/processed/speech/ahotsak_subset/segments/oñati_ona-060-004_027.wav,oñati_ona-060-004_027.wav,western,hizlariak,oñati,ona-060-004,3.33
data/processed/speech/ahotsak_subset/segments/oñati_ona-060-004_028.wav,oñati_ona-060-004_028.wav,western,hizlariak,oñati,ona-060-004,6.56
data/processed/speech/ahotsak_subset/segments/oñati_ona-060-004_029.wav,oñati_ona-060-004_029.wav,western,hizlariak,oñati,ona-060-004,2.62
data/processed/speech/ahotsak_subset/segments/oñati_ona-060-004_030.wav,oñati_ona-060-004_030.wav,western,hizlariak,oñati,ona-060-004,1.5
data/processed/speech/ahotsak_subset/segments/oñati_ona-060-004_031.wav,oñati_ona-060-004_031.wav,western,hizlariak,oñati,ona-060-004,2.98
data/processed/speech/ahotsak_subset/segments/oñati_ona-060-004_032.wav,oñati_ona-060-004_032.wav,western,hizlariak,oñati,ona-060-004,9.5
data/processed/speech/ahotsak_subset/segments/oñati_ona-060-004_033.wav,oñati_ona-060-004_033.wav,western,hizlariak,oñati,ona-060-004,2.08
data/processed/speech/ahotsak_subset/segments/oñati_ona-060-004_034.wav,oñati_ona-060-004_034.wav,western,hizlariak,oñati,ona-060-004,3.87
data/processed/speech/ahotsak_subset/segments/oñati_ona-060-004_035.wav,oñati_ona-060-004_035.wav,western,hizlariak,oñati,ona-060-004,4.86
data/processed/speech/ahotsak_subset/segments/oñati_ona-060-004_036.wav,oñati_ona-060-004_036.wav,western,hizlariak,oñati,ona-060-004,2.56
data/processed/speech/ahotsak_subset/segments/oñati_ona-060-004_037.wav,oñati_ona-060-004_037.wav,western,hizlariak,oñati,ona-060-004,1.57
data/processed/speech/ahotsak_subset/segments/oñati_ona-060-004_038.wav,oñati_ona-060-004_038.wav,western,hizlariak,oñati,ona-060-004,2.72
data/processed/speech/ahotsak_subset/segments/oñati_ona-060-004_039.wav,oñati_ona-060-004_039.wav,western,hizlariak,oñati,ona-060-004,1.41
data/processed/speech/ahotsak_subset/segments/oñati_ona-060-004_040.wav,oñati_ona-060-004_040.wav,western,hizlariak,oñati,ona-060-004,1.66
data/processed/speech/ahotsak_subset/segments/oñati_ona-060-004_041.wav,oñati_ona-060-004_041.wav,western,hizlariak,oñati,ona-060-004,1.79
data/processed/speech/ahotsak_subset/segments/oñati_ona-060-004_042.wav,oñati_ona-060-004_042.wav,western,hizlariak,oñati,ona-060-004,2.82
data/processed/speech/ahotsak_subset/segments/oñati_ona-060-004_043.wav,oñati_ona-060-004_043.wav,western,hizlariak,oñati,ona-060-004,7.26
data/processed/speech/ahotsak_subset/segments/oñati_ona-060-004_044.wav,oñati_ona-060-004_044.wav,western,hizlariak,oñati,ona-060-004,11.04
data/processed/speech/ahotsak_subset/segments/oñati_ona-060-014_000.wav,oñati_ona-060-014_000.wav,western,hizlariak,oñati,ona-060-014,3.33
data/processed/speech/ahotsak_subset/segments/oñati_ona-060-014_001.wav,oñati_ona-060-014_001.wav,western,hizlariak,oñati,ona-060-014,15.0
data/processed/speech/ahotsak_subset/segments/oñati_ona-060-014_002.wav,oñati_ona-060-014_002.wav,western,hizlariak,oñati,ona-060-014,15.0
data/processed/speech/ahotsak_subset/segments/oñati_ona-060-014_003.wav,oñati_ona-060-014_003.wav,western,hizlariak,oñati,ona-060-014,2.9
data/processed/speech/ahotsak_subset/segments/oñati_ona-060-014_004.wav,oñati_ona-060-014_004.wav,western,hizlariak,oñati,ona-060-014,8.1
data/processed/speech/ahotsak_subset/segments/oñati_ona-060-014_005.wav,oñati_ona-060-014_005.wav,western,hizlariak,oñati,ona-060-014,2.18
data/processed/speech/ahotsak_subset/segments/oñati_ona-060-014_006.wav,oñati_ona-060-014_006.wav,western,hizlariak,oñati,ona-060-014,5.38
data/processed/speech/ahotsak_subset/segments/oñati_ona-060-014_007.wav,oñati_ona-060-014_007.wav,western,hizlariak,oñati,ona-060-014,1.66
data/processed/speech/ahotsak_subset/segments/oñati_ona-060-014_008.wav,oñati_ona-060-014_008.wav,western,hizlariak,oñati,ona-060-014,4.45
data/processed/speech/ahotsak_subset/segments/oñati_ona-060-014_009.wav,oñati_ona-060-014_009.wav,western,hizlariak,oñati,ona-060-014,2.66
data/processed/speech/ahotsak_subset/segments/oñati_ona-060-014_010.wav,oñati_ona-060-014_010.wav,western,hizlariak,oñati,ona-060-014,2.5
data/processed/speech/ahotsak_subset/segments/oñati_ona-060-014_011.wav,oñati_ona-060-014_011.wav,western,hizlariak,oñati,ona-060-014,3.78
data/processed/speech/ahotsak_subset/segments/oñati_ona-060-014_012.wav,oñati_ona-060-014_012.wav,western,hizlariak,oñati,ona-060-014,6.53
data/processed/speech/ahotsak_subset/segments/oñati_ona-060-014_013.wav,oñati_ona-060-014_013.wav,western,hizlariak,oñati,ona-060-014,3.17
data/processed/speech/ahotsak_subset/segments/oñati_ona-060-014_014.wav,oñati_ona-060-014_014.wav,western,hizlariak,oñati,ona-060-014,3.39
data/processed/speech/ahotsak_subset/segments/oñati_ona-060-014_015.wav,oñati_ona-060-014_015.wav,western,hizlariak,oñati,ona-060-014,3.81
data/processed/speech/ahotsak_subset/segments/oñati_ona-060-014_016.wav,oñati_ona-060-014_016.wav,western,hizlariak,oñati,ona-060-014,3.71
data/processed/speech/ahotsak_subset/segments/oñati_ona-060-014_017.wav,oñati_ona-060-014_017.wav,western,hizlariak,oñati,ona-060-014,4.99
data/processed/speech/ahotsak_subset/segments/oñati_ona-060-014_018.wav,oñati_ona-060-014_018.wav,western,hizlariak,oñati,ona-060-014,4.26
data/processed/speech/ahotsak_subset/segments/oñati_ona-060-014_019.wav,oñati_ona-060-014_019.wav,western,hizlariak,oñati,ona-060-014,7.42
data/processed/speech/ahotsak_subset/segments/oñati_ona-060-014_020.wav,oñati_ona-060-014_020.wav,western,hizlariak,oñati,ona-060-014,4.96
data/processed/speech/ahotsak_subset/segments/oñati_ona-060-014_021.wav,oñati_ona-060-014_021.wav,western,hizlariak,oñati,ona-060-014,4.42
data/processed/speech/ahotsak_subset/segments/oñati_ona-060-014_022.wav,oñati_ona-060-014_022.wav,western,hizlariak,oñati,ona-060-014,2.72
data/processed/speech/ahotsak_subset/segments/oñati_ona-060-014_023.wav,oñati_ona-060-014_023.wav,western,hizlariak,oñati,ona-060-014,9.38
data/processed/speech/ahotsak_subset/segments/oñati_ona-060-014_024.wav,oñati_ona-060-014_024.wav,western,hizlariak,oñati,ona-060-014,1.44
data/processed/speech/ahotsak_subset/segments/oñati_ona-060-014_025.wav,oñati_ona-060-014_025.wav,western,hizlariak,oñati,ona-060-014,3.9
data/processed/speech/ahotsak_subset/segments/oñati_ona-060-014_026.wav,oñati_ona-060-014_026.wav,western,hizlariak,oñati,ona-060-014,2.94
data/processed/speech/ahotsak_subset/segments/oñati_ona-060-014_027.wav,oñati_ona-060-014_027.wav,western,hizlariak,oñati,ona-060-014,1.12
data/processed/speech/ahotsak_subset/segments/oñati_ona-060-014_028.wav,oñati_ona-060-014_028.wav,western,hizlariak,oñati,ona-060-014,4.48
data/processed/speech/ahotsak_subset/segments/oñati_ona-060-014_029.wav,oñati_ona-060-014_029.wav,western,hizlariak,oñati,ona-060-014,2.56
data/processed/speech/ahotsak_subset/segments/oñati_ona-060-014_030.wav,oñati_ona-060-014_030.wav,western,hizlariak,oñati,ona-060-014,7.97
data/processed/speech/ahotsak_subset/segments/oñati_ona-060-014_031.wav,oñati_ona-060-014_031.wav,western,hizlariak,oñati,ona-060-014,1.82
data/processed/speech/ahotsak_subset/segments/oñati_ona-060-014_032.wav,oñati_ona-060-014_032.wav,western,hizlariak,oñati,ona-060-014,3.97
data/processed/speech/ahotsak_subset/segments/oñati_ona-060-014_033.wav,oñati_ona-060-014_033.wav,western,hizlariak,oñati,ona-060-014,6.59
data/processed/speech/ahotsak_subset/segments/oñati_ona-060-014_034.wav,oñati_ona-060-014_034.wav,western,hizlariak,oñati,ona-060-014,2.18
data/processed/speech/ahotsak_subset/segments/oñati_ona-060-014_035.wav,oñati_ona-060-014_035.wav,western,hizlariak,oñati,ona-060-014,6.98
data/processed/speech/ahotsak_subset/segments/oñati_ona-060-014_036.wav,oñati_ona-060-014_036.wav,western,hizlariak,oñati,ona-060-014,4.9
data/processed/speech/ahotsak_subset/segments/oñati_ona-060-014_037.wav,oñati_ona-060-014_037.wav,western,hizlariak,oñati,ona-060-014,2.18
data/processed/speech/ahotsak_subset/segments/oñati_ona-060-014_038.wav,oñati_ona-060-014_038.wav,western,hizlariak,oñati,ona-060-014,2.66
data/processed/speech/ahotsak_subset/segments/oñati_ona-060-014_039.wav,oñati_ona-060-014_039.wav,western,hizlariak,oñati,ona-060-014,1.22
data/processed/speech/ahotsak_subset/segments/oñati_ona-060-014_040.wav,oñati_ona-060-014_040.wav,western,hizlariak,oñati,ona-060-014,5.66
data/processed/speech/ahotsak_subset/segments/oñati_ona-064-002_000.wav,oñati_ona-064-002_000.wav,western,hizlariak,oñati,ona-064-002,8.26
data/processed/speech/ahotsak_subset/segments/oñati_ona-064-002_001.wav,oñati_ona-064-002_001.wav,western,hizlariak,oñati,ona-064-002,7.62
data/processed/speech/ahotsak_subset/segments/oñati_ona-064-002_002.wav,oñati_ona-064-002_002.wav,western,hizlariak,oñati,ona-064-002,15.0
data/processed/speech/ahotsak_subset/segments/oñati_ona-064-002_003.wav,oñati_ona-064-002_003.wav,western,hizlariak,oñati,ona-064-002,15.0
data/processed/speech/ahotsak_subset/segments/oñati_ona-064-002_004.wav,oñati_ona-064-002_004.wav,western,hizlariak,oñati,ona-064-002,15.0
data/processed/speech/ahotsak_subset/segments/oñati_ona-064-002_005.wav,oñati_ona-064-002_005.wav,western,hizlariak,oñati,ona-064-002,15.0
data/processed/speech/ahotsak_subset/segments/oñati_ona-064-002_006.wav,oñati_ona-064-002_006.wav,western,hizlariak,oñati,ona-064-002,15.0
data/processed/speech/ahotsak_subset/segments/oñati_ona-064-002_007.wav,oñati_ona-064-002_007.wav,western,hizlariak,oñati,ona-064-002,15.0
data/processed/speech/ahotsak_subset/segments/oñati_ona-064-002_008.wav,oñati_ona-064-002_008.wav,western,hizlariak,oñati,ona-064-002,15.0
data/processed/speech/ahotsak_subset/segments/oñati_ona-064-002_009.wav,oñati_ona-064-002_009.wav,western,hizlariak,oñati,ona-064-002,15.0
data/processed/speech/ahotsak_subset/segments/oñati_ona-064-002_010.wav,oñati_ona-064-002_010.wav,western,hizlariak,oñati,ona-064-002,1.82
data/processed/speech/ahotsak_subset/segments/oñati_ona-064-002_011.wav,oñati_ona-064-002_011.wav,western,hizlariak,oñati,ona-064-002,1.98
data/processed/speech/ahotsak_subset/segments/oñati_ona-064-002_012.wav,oñati_ona-064-002_012.wav,western,hizlariak,oñati,ona-064-002,3.65
data/processed/speech/ahotsak_subset/segments/oñati_ona-064-002_013.wav,oñati_ona-064-002_013.wav,western,hizlariak,oñati,ona-064-002,2.91
data/processed/speech/ahotsak_subset/segments/oñati_ona-064-002_014.wav,oñati_ona-064-002_014.wav,western,hizlariak,oñati,ona-064-002,15.0
data/processed/speech/ahotsak_subset/segments/oñati_ona-064-002_015.wav,oñati_ona-064-002_015.wav,western,hizlariak,oñati,ona-064-002,15.0
data/processed/speech/ahotsak_subset/segments/oñati_ona-064-002_016.wav,oñati_ona-064-002_016.wav,western,hizlariak,oñati,ona-064-002,12.05
data/processed/speech/ahotsak_subset/segments/oñati_ona-064-002_017.wav,oñati_ona-064-002_017.wav,western,hizlariak,oñati,ona-064-002,15.0
data/processed/speech/ahotsak_subset/segments/oñati_ona-105-021_000.wav,oñati_ona-105-021_000.wav,western,hizlariak,oñati,ona-105-021,15.0
data/processed/speech/ahotsak_subset/segments/oñati_ona-105-021_001.wav,oñati_ona-105-021_001.wav,western,hizlariak,oñati,ona-105-021,15.0
data/processed/speech/ahotsak_subset/segments/oñati_ona-105-021_002.wav,oñati_ona-105-021_002.wav,western,hizlariak,oñati,ona-105-021,15.0
data/processed/speech/ahotsak_subset/segments/oñati_ona-105-021_003.wav,oñati_ona-105-021_003.wav,western,hizlariak,oñati,ona-105-021,15.0
data/processed/speech/ahotsak_subset/segments/oñati_ona-105-021_004.wav,oñati_ona-105-021_004.wav,western,hizlariak,oñati,ona-105-021,15.0
data/processed/speech/ahotsak_subset/segments/oñati_ona-105-021_005.wav,oñati_ona-105-021_005.wav,western,hizlariak,oñati,ona-105-021,15.0
data/processed/speech/ahotsak_subset/segments/oñati_ona-105-021_006.wav,oñati_ona-105-021_006.wav,western,hizlariak,oñati,ona-105-021,15.0
data/processed/speech/ahotsak_subset/segments/oñati_ona-105-021_007.wav,oñati_ona-105-021_007.wav,western,hizlariak,oñati,ona-105-021,15.0
data/processed/speech/ahotsak_subset/segments/oñati_ona-105-021_008.wav,oñati_ona-105-021_008.wav,western,hizlariak,oñati,ona-105-021,15.0
data/processed/speech/ahotsak_subset/segments/oñati_ona-105-021_009.wav,oñati_ona-105-021_009.wav,western,hizlariak,oñati,ona-105-021,3.82
data/processed/speech/ahotsak_subset/segments/oñati_ona-105-025_000.wav,oñati_ona-105-025_000.wav,western,hizlariak,oñati,ona-105-025,15.0
data/processed/speech/ahotsak_subset/segments/oñati_ona-105-025_001.wav,oñati_ona-105-025_001.wav,western,hizlariak,oñati,ona-105-025,15.0
data/processed/speech/ahotsak_subset/segments/oñati_ona-105-025_002.wav,oñati_ona-105-025_002.wav,western,hizlariak,oñati,ona-105-025,15.0
data/processed/speech/ahotsak_subset/segments/oñati_ona-105-025_003.wav,oñati_ona-105-025_003.wav,western,hizlariak,oñati,ona-105-025,3.8
data/processed/speech/ahotsak_subset/segments/ordizia_ord-021-008_000.wav,ordizia_ord-021-008_000.wav,central,hizlariak,ordizia,ord-021-008,15.0
data/processed/speech/ahotsak_subset/segments/ordizia_ord-021-008_001.wav,ordizia_ord-021-008_001.wav,central,hizlariak,ordizia,ord-021-008,6.44
data/processed/speech/ahotsak_subset/segments/ordizia_ord-021-008_002.wav,ordizia_ord-021-008_002.wav,central,hizlariak,ordizia,ord-021-008,15.0
data/processed/speech/ahotsak_subset/segments/ordizia_ord-021-008_003.wav,ordizia_ord-021-008_003.wav,central,hizlariak,ordizia,ord-021-008,11.78
data/processed/speech/ahotsak_subset/segments/ordizia_ord-021-008_004.wav,ordizia_ord-021-008_004.wav,central,hizlariak,ordizia,ord-021-008,12.35
data/processed/speech/ahotsak_subset/segments/ordizia_ord-021-008_005.wav,ordizia_ord-021-008_005.wav,central,hizlariak,ordizia,ord-021-008,9.18
data/processed/speech/ahotsak_subset/segments/ordizia_ord-034-006_000.wav,ordizia_ord-034-006_000.wav,central,hizlariak,ordizia,ord-034-006,1.12
data/processed/speech/ahotsak_subset/segments/ordizia_ord-034-006_001.wav,ordizia_ord-034-006_001.wav,central,hizlariak,ordizia,ord-034-006,15.0
data/processed/speech/ahotsak_subset/segments/ordizia_ord-034-006_002.wav,ordizia_ord-034-006_002.wav,central,hizlariak,ordizia,ord-034-006,15.0
data/processed/speech/ahotsak_subset/segments/ordizia_ord-034-006_003.wav,ordizia_ord-034-006_003.wav,central,hizlariak,ordizia,ord-034-006,15.0
data/processed/speech/ahotsak_subset/segments/ordizia_ord-034-006_004.wav,ordizia_ord-034-006_004.wav,central,hizlariak,ordizia,ord-034-006,15.0
data/processed/speech/ahotsak_subset/segments/ordizia_ord-034-006_005.wav,ordizia_ord-034-006_005.wav,central,hizlariak,ordizia,ord-034-006,15.0
data/processed/speech/ahotsak_subset/segments/ordizia_ord-034-006_006.wav,ordizia_ord-034-006_006.wav,central,hizlariak,ordizia,ord-034-006,15.0
data/processed/speech/ahotsak_subset/segments/ordizia_ord-034-006_007.wav,ordizia_ord-034-006_007.wav,central,hizlariak,ordizia,ord-034-006,4.3
data/processed/speech/ahotsak_subset/segments/ordizia_ord-034-006_008.wav,ordizia_ord-034-006_008.wav,central,hizlariak,ordizia,ord-034-006,15.0
data/processed/speech/ahotsak_subset/segments/ordizia_ord-034-006_009.wav,ordizia_ord-034-006_009.wav,central,hizlariak,ordizia,ord-034-006,15.0
data/processed/speech/ahotsak_subset/segments/ordizia_ord-034-006_010.wav,ordizia_ord-034-006_010.wav,central,hizlariak,ordizia,ord-034-006,13.17
data/processed/speech/ahotsak_subset/segments/ordizia_ord-034-011_000.wav,ordizia_ord-034-011_000.wav,central,hizlariak,ordizia,ord-034-011,15.0
data/processed/speech/ahotsak_subset/segments/ordizia_ord-034-011_001.wav,ordizia_ord-034-011_001.wav,central,hizlariak,ordizia,ord-034-011,15.0
data/processed/speech/ahotsak_subset/segments/ordizia_ord-034-011_002.wav,ordizia_ord-034-011_002.wav,central,hizlariak,ordizia,ord-034-011,15.0
data/processed/speech/ahotsak_subset/segments/ordizia_ord-034-011_003.wav,ordizia_ord-034-011_003.wav,central,hizlariak,ordizia,ord-034-011,15.0
data/processed/speech/ahotsak_subset/segments/ordizia_ord-034-011_004.wav,ordizia_ord-034-011_004.wav,central,hizlariak,ordizia,ord-034-011,15.0
data/processed/speech/ahotsak_subset/segments/ordizia_ord-034-011_005.wav,ordizia_ord-034-011_005.wav,central,hizlariak,ordizia,ord-034-011,15.0
data/processed/speech/ahotsak_subset/segments/ordizia_ord-034-011_006.wav,ordizia_ord-034-011_006.wav,central,hizlariak,ordizia,ord-034-011,15.0
data/processed/speech/ahotsak_subset/segments/ordizia_ord-034-011_007.wav,ordizia_ord-034-011_007.wav,central,hizlariak,ordizia,ord-034-011,15.0
data/processed/speech/ahotsak_subset/segments/ordizia_ord-034-011_008.wav,ordizia_ord-034-011_008.wav,central,hizlariak,ordizia,ord-034-011,6.4
data/processed/speech/ahotsak_subset/segments/hondarribia_hon-001-006_000.wav,hondarribia_hon-001-006_000.wav,navarrese,hizlariak,hondarribia,hon-001-006,15.0
data/processed/speech/ahotsak_subset/segments/hondarribia_hon-001-006_001.wav,hondarribia_hon-001-006_001.wav,navarrese,hizlariak,hondarribia,hon-001-006,15.0
data/processed/speech/ahotsak_subset/segments/hondarribia_hon-001-006_002.wav,hondarribia_hon-001-006_002.wav,navarrese,hizlariak,hondarribia,hon-001-006,15.0
data/processed/speech/ahotsak_subset/segments/hondarribia_hon-001-006_003.wav,hondarribia_hon-001-006_003.wav,navarrese,hizlariak,hondarribia,hon-001-006,15.0
data/processed/speech/ahotsak_subset/segments/hondarribia_hon-001-006_004.wav,hondarribia_hon-001-006_004.wav,navarrese,hizlariak,hondarribia,hon-001-006,15.0
data/processed/speech/ahotsak_subset/segments/hondarribia_hon-001-006_005.wav,hondarribia_hon-001-006_005.wav,navarrese,hizlariak,hondarribia,hon-001-006,15.0
data/processed/speech/ahotsak_subset/segments/hondarribia_hon-001-006_006.wav,hondarribia_hon-001-006_006.wav,navarrese,hizlariak,hondarribia,hon-001-006,3.15
data/processed/speech/ahotsak_subset/segments/hondarribia_hon-018-011_000.wav,hondarribia_hon-018-011_000.wav,navarrese,hizlariak,hondarribia,hon-018-011,15.0
data/processed/speech/ahotsak_subset/segments/hondarribia_hon-018-011_001.wav,hondarribia_hon-018-011_001.wav,navarrese,hizlariak,hondarribia,hon-018-011,15.0
data/processed/speech/ahotsak_subset/segments/hondarribia_hon-018-011_002.wav,hondarribia_hon-018-011_002.wav,navarrese,hizlariak,hondarribia,hon-018-011,15.0
data/processed/speech/ahotsak_subset/segments/hondarribia_hon-018-011_003.wav,hondarribia_hon-018-011_003.wav,navarrese,hizlariak,hondarribia,hon-018-011,15.0
data/processed/speech/ahotsak_subset/segments/hondarribia_hon-018-011_004.wav,hondarribia_hon-018-011_004.wav,navarrese,hizlariak,hondarribia,hon-018-011,15.0
data/processed/speech/ahotsak_subset/segments/hondarribia_hon-018-011_005.wav,hondarribia_hon-018-011_005.wav,navarrese,hizlariak,hondarribia,hon-018-011,15.0
data/processed/speech/ahotsak_subset/segments/hondarribia_hon-018-011_006.wav,hondarribia_hon-018-011_006.wav,navarrese,hizlariak,hondarribia,hon-018-011,15.0
data/processed/speech/ahotsak_subset/segments/hondarribia_hon-018-011_007.wav,hondarribia_hon-018-011_007.wav,navarrese,hizlariak,hondarribia,hon-018-011,15.0
data/processed/speech/ahotsak_subset/segments/hondarribia_hon-018-011_008.wav,hondarribia_hon-018-011_008.wav,navarrese,hizlariak,hondarribia,hon-018-011,15.0
data/processed/speech/ahotsak_subset/segments/hondarribia_hon-018-011_009.wav,hondarribia_hon-018-011_009.wav,navarrese,hizlariak,hondarribia,hon-018-011,15.0
data/processed/speech/ahotsak_subset/segments/hondarribia_hon-018-011_010.wav,hondarribia_hon-018-011_010.wav,navarrese,hizlariak,hondarribia,hon-018-011,2.32
data/processed/speech/ahotsak_subset/segments/hondarribia_hon-037-008_000.wav,hondarribia_hon-037-008_000.wav,navarrese,hizlariak,hondarribia,hon-037-008,8.51
data/processed/speech/ahotsak_subset/segments/hondarribia_hon-037-008_001.wav,hondarribia_hon-037-008_001.wav,navarrese,hizlariak,hondarribia,hon-037-008,3.3
data/processed/speech/ahotsak_subset/segments/hondarribia_hon-037-008_002.wav,hondarribia_hon-037-008_002.wav,navarrese,hizlariak,hondarribia,hon-037-008,2.69
data/processed/speech/ahotsak_subset/segments/hondarribia_hon-037-008_003.wav,hondarribia_hon-037-008_003.wav,navarrese,hizlariak,hondarribia,hon-037-008,2.85
data/processed/speech/ahotsak_subset/segments/hondarribia_hon-037-008_004.wav,hondarribia_hon-037-008_004.wav,navarrese,hizlariak,hondarribia,hon-037-008,3.2
data/processed/speech/ahotsak_subset/segments/hondarribia_hon-037-008_005.wav,hondarribia_hon-037-008_005.wav,navarrese,hizlariak,hondarribia,hon-037-008,2.24
data/processed/speech/ahotsak_subset/segments/hondarribia_hon-037-008_006.wav,hondarribia_hon-037-008_006.wav,navarrese,hizlariak,hondarribia,hon-037-008,2.34
data/processed/speech/ahotsak_subset/segments/hondarribia_hon-037-008_007.wav,hondarribia_hon-037-008_007.wav,navarrese,hizlariak,hondarribia,hon-037-008,8.83
data/processed/speech/ahotsak_subset/segments/hondarribia_hon-037-008_008.wav,hondarribia_hon-037-008_008.wav,navarrese,hizlariak,hondarribia,hon-037-008,6.11
data/processed/speech/ahotsak_subset/segments/hondarribia_hon-037-008_009.wav,hondarribia_hon-037-008_009.wav,navarrese,hizlariak,hondarribia,hon-037-008,3.39
data/processed/speech/ahotsak_subset/segments/hondarribia_hon-037-008_010.wav,hondarribia_hon-037-008_010.wav,navarrese,hizlariak,hondarribia,hon-037-008,12.0
data/processed/speech/ahotsak_subset/segments/hondarribia_hon-037-008_011.wav,hondarribia_hon-037-008_011.wav,navarrese,hizlariak,hondarribia,hon-037-008,7.78
data/processed/speech/ahotsak_subset/segments/hondarribia_hon-037-008_012.wav,hondarribia_hon-037-008_012.wav,navarrese,hizlariak,hondarribia,hon-037-008,1.63
data/processed/speech/ahotsak_subset/segments/hondarribia_hon-037-008_013.wav,hondarribia_hon-037-008_013.wav,navarrese,hizlariak,hondarribia,hon-037-008,3.84
data/processed/speech/ahotsak_subset/segments/hondarribia_hon-037-008_014.wav,hondarribia_hon-037-008_014.wav,navarrese,hizlariak,hondarribia,hon-037-008,1.89
data/processed/speech/ahotsak_subset/segments/hondarribia_hon-037-008_015.wav,hondarribia_hon-037-008_015.wav,navarrese,hizlariak,hondarribia,hon-037-008,1.95
data/processed/speech/ahotsak_subset/segments/hondarribia_hon-037-008_016.wav,hondarribia_hon-037-008_016.wav,navarrese,hizlariak,hondarribia,hon-037-008,15.0
data/processed/speech/ahotsak_subset/segments/hondarribia_hon-037-008_017.wav,hondarribia_hon-037-008_017.wav,navarrese,hizlariak,hondarribia,hon-037-008,14.28
data/processed/speech/ahotsak_subset/segments/hondarribia_hon-037-008_018.wav,hondarribia_hon-037-008_018.wav,navarrese,hizlariak,hondarribia,hon-037-008,1.95
data/processed/speech/ahotsak_subset/segments/hondarribia_hon-037-008_019.wav,hondarribia_hon-037-008_019.wav,navarrese,hizlariak,hondarribia,hon-037-008,2.98
data/processed/speech/ahotsak_subset/segments/hondarribia_hon-037-008_020.wav,hondarribia_hon-037-008_020.wav,navarrese,hizlariak,hondarribia,hon-037-008,2.08
data/processed/speech/ahotsak_subset/segments/hondarribia_hon-037-008_021.wav,hondarribia_hon-037-008_021.wav,navarrese,hizlariak,hondarribia,hon-037-008,1.02
data/processed/speech/ahotsak_subset/segments/hondarribia_hon-037-008_022.wav,hondarribia_hon-037-008_022.wav,navarrese,hizlariak,hondarribia,hon-037-008,9.73
data/processed/speech/ahotsak_subset/segments/hondarribia_hon-046-002_000.wav,hondarribia_hon-046-002_000.wav,navarrese,hizlariak,hondarribia,hon-046-002,3.52
data/processed/speech/ahotsak_subset/segments/hondarribia_hon-046-002_001.wav,hondarribia_hon-046-002_001.wav,navarrese,hizlariak,hondarribia,hon-046-002,2.4
data/processed/speech/ahotsak_subset/segments/hondarribia_hon-046-002_002.wav,hondarribia_hon-046-002_002.wav,navarrese,hizlariak,hondarribia,hon-046-002,6.08
data/processed/speech/ahotsak_subset/segments/hondarribia_hon-046-002_003.wav,hondarribia_hon-046-002_003.wav,navarrese,hizlariak,hondarribia,hon-046-002,1.98
data/processed/speech/ahotsak_subset/segments/hondarribia_hon-046-002_004.wav,hondarribia_hon-046-002_004.wav,navarrese,hizlariak,hondarribia,hon-046-002,1.54
data/processed/speech/ahotsak_subset/segments/hondarribia_hon-046-002_005.wav,hondarribia_hon-046-002_005.wav,navarrese,hizlariak,hondarribia,hon-046-002,2.59
data/processed/speech/ahotsak_subset/segments/hondarribia_hon-046-002_006.wav,hondarribia_hon-046-002_006.wav,navarrese,hizlariak,hondarribia,hon-046-002,6.82
data/processed/speech/ahotsak_subset/segments/hondarribia_hon-046-002_007.wav,hondarribia_hon-046-002_007.wav,navarrese,hizlariak,hondarribia,hon-046-002,1.63
data/processed/speech/ahotsak_subset/segments/hondarribia_hon-046-002_008.wav,hondarribia_hon-046-002_008.wav,navarrese,hizlariak,hondarribia,hon-046-002,3.84
data/processed/speech/ahotsak_subset/segments/hondarribia_hon-046-002_009.wav,hondarribia_hon-046-002_009.wav,navarrese,hizlariak,hondarribia,hon-046-002,5.02
data/processed/speech/ahotsak_subset/segments/hondarribia_hon-046-002_010.wav,hondarribia_hon-046-002_010.wav,navarrese,hizlariak,hondarribia,hon-046-002,3.2
data/processed/speech/ahotsak_subset/segments/hondarribia_hon-046-002_011.wav,hondarribia_hon-046-002_011.wav,navarrese,hizlariak,hondarribia,hon-046-002,3.42
data/processed/speech/ahotsak_subset/segments/hondarribia_hon-046-002_012.wav,hondarribia_hon-046-002_012.wav,navarrese,hizlariak,hondarribia,hon-046-002,1.98
data/processed/speech/ahotsak_subset/segments/hondarribia_hon-046-002_013.wav,hondarribia_hon-046-002_013.wav,navarrese,hizlariak,hondarribia,hon-046-002,2.14
data/processed/speech/ahotsak_subset/segments/hondarribia_hon-046-002_014.wav,hondarribia_hon-046-002_014.wav,navarrese,hizlariak,hondarribia,hon-046-002,3.52
data/processed/speech/ahotsak_subset/segments/hondarribia_hon-046-002_015.wav,hondarribia_hon-046-002_015.wav,navarrese,hizlariak,hondarribia,hon-046-002,4.22
data/processed/speech/ahotsak_subset/segments/hondarribia_hon-046-002_016.wav,hondarribia_hon-046-002_016.wav,navarrese,hizlariak,hondarribia,hon-046-002,1.12
data/processed/speech/ahotsak_subset/segments/hondarribia_hon-046-002_017.wav,hondarribia_hon-046-002_017.wav,navarrese,hizlariak,hondarribia,hon-046-002,1.82
data/processed/speech/ahotsak_subset/segments/hondarribia_hon-046-002_018.wav,hondarribia_hon-046-002_018.wav,navarrese,hizlariak,hondarribia,hon-046-002,3.55
data/processed/speech/ahotsak_subset/segments/hondarribia_hon-046-002_019.wav,hondarribia_hon-046-002_019.wav,navarrese,hizlariak,hondarribia,hon-046-002,1.15
data/processed/speech/ahotsak_subset/segments/hondarribia_hon-046-002_020.wav,hondarribia_hon-046-002_020.wav,navarrese,hizlariak,hondarribia,hon-046-002,5.41
data/processed/speech/ahotsak_subset/segments/hondarribia_hon-046-002_021.wav,hondarribia_hon-046-002_021.wav,navarrese,hizlariak,hondarribia,hon-046-002,6.66
data/processed/speech/ahotsak_subset/segments/hondarribia_hon-046-002_022.wav,hondarribia_hon-046-002_022.wav,navarrese,hizlariak,hondarribia,hon-046-002,4.51
data/processed/speech/ahotsak_subset/segments/hondarribia_hon-046-002_023.wav,hondarribia_hon-046-002_023.wav,navarrese,hizlariak,hondarribia,hon-046-002,2.34
data/processed/speech/ahotsak_subset/segments/hondarribia_hon-046-002_024.wav,hondarribia_hon-046-002_024.wav,navarrese,hizlariak,hondarribia,hon-046-002,3.46
data/processed/speech/ahotsak_subset/segments/hondarribia_hon-046-002_025.wav,hondarribia_hon-046-002_025.wav,navarrese,hizlariak,hondarribia,hon-046-002,1.44
data/processed/speech/ahotsak_subset/segments/hondarribia_hon-046-002_026.wav,hondarribia_hon-046-002_026.wav,navarrese,hizlariak,hondarribia,hon-046-002,5.31
data/processed/speech/ahotsak_subset/segments/hondarribia_hon-046-002_027.wav,hondarribia_hon-046-002_027.wav,navarrese,hizlariak,hondarribia,hon-046-002,1.41
data/processed/speech/ahotsak_subset/segments/hondarribia_hon-046-002_028.wav,hondarribia_hon-046-002_028.wav,navarrese,hizlariak,hondarribia,hon-046-002,5.09
data/processed/speech/ahotsak_subset/segments/hondarribia_hon-046-002_029.wav,hondarribia_hon-046-002_029.wav,navarrese,hizlariak,hondarribia,hon-046-002,2.56
data/processed/speech/ahotsak_subset/segments/hondarribia_hon-046-002_030.wav,hondarribia_hon-046-002_030.wav,navarrese,hizlariak,hondarribia,hon-046-002,3.52
data/processed/speech/ahotsak_subset/segments/hondarribia_hon-046-002_031.wav,hondarribia_hon-046-002_031.wav,navarrese,hizlariak,hondarribia,hon-046-002,3.65
data/processed/speech/ahotsak_subset/segments/hondarribia_hon-046-002_032.wav,hondarribia_hon-046-002_032.wav,navarrese,hizlariak,hondarribia,hon-046-002,3.97
data/processed/speech/ahotsak_subset/segments/hondarribia_hon-046-002_033.wav,hondarribia_hon-046-002_033.wav,navarrese,hizlariak,hondarribia,hon-046-002,2.46
data/processed/speech/ahotsak_subset/segments/hondarribia_hon-046-002_034.wav,hondarribia_hon-046-002_034.wav,navarrese,hizlariak,hondarribia,hon-046-002,1.98
data/processed/speech/ahotsak_subset/segments/hondarribia_hon-046-002_035.wav,hondarribia_hon-046-002_035.wav,navarrese,hizlariak,hondarribia,hon-046-002,1.63
data/processed/speech/ahotsak_subset/segments/hondarribia_hon-046-002_036.wav,hondarribia_hon-046-002_036.wav,navarrese,hizlariak,hondarribia,hon-046-002,2.02
data/processed/speech/ahotsak_subset/segments/hondarribia_hon-046-002_037.wav,hondarribia_hon-046-002_037.wav,navarrese,hizlariak,hondarribia,hon-046-002,3.97
data/processed/speech/ahotsak_subset/segments/hondarribia_hon-046-002_038.wav,hondarribia_hon-046-002_038.wav,navarrese,hizlariak,hondarribia,hon-046-002,1.54
data/processed/speech/ahotsak_subset/segments/hondarribia_hon-046-002_039.wav,hondarribia_hon-046-002_039.wav,navarrese,hizlariak,hondarribia,hon-046-002,2.75
data/processed/speech/ahotsak_subset/segments/hondarribia_hon-046-002_040.wav,hondarribia_hon-046-002_040.wav,navarrese,hizlariak,hondarribia,hon-046-002,1.98
data/processed/speech/ahotsak_subset/segments/hondarribia_hon-046-002_041.wav,hondarribia_hon-046-002_041.wav,navarrese,hizlariak,hondarribia,hon-046-002,5.73
data/processed/speech/ahotsak_subset/segments/hondarribia_hon-046-002_042.wav,hondarribia_hon-046-002_042.wav,navarrese,hizlariak,hondarribia,hon-046-002,2.69
data/processed/speech/ahotsak_subset/segments/hondarribia_hon-046-002_043.wav,hondarribia_hon-046-002_043.wav,navarrese,hizlariak,hondarribia,hon-046-002,8.16
data/processed/speech/ahotsak_subset/segments/hondarribia_hon-046-002_044.wav,hondarribia_hon-046-002_044.wav,navarrese,hizlariak,hondarribia,hon-046-002,1.38
data/processed/speech/ahotsak_subset/segments/hondarribia_hon-046-002_045.wav,hondarribia_hon-046-002_045.wav,navarrese,hizlariak,hondarribia,hon-046-002,2.4
data/processed/speech/ahotsak_subset/segments/hondarribia_hon-046-002_046.wav,hondarribia_hon-046-002_046.wav,navarrese,hizlariak,hondarribia,hon-046-002,3.49
data/processed/speech/ahotsak_subset/segments/hondarribia_hon-046-002_047.wav,hondarribia_hon-046-002_047.wav,navarrese,hizlariak,hondarribia,hon-046-002,1.86
data/processed/speech/ahotsak_subset/segments/hondarribia_hon-046-002_048.wav,hondarribia_hon-046-002_048.wav,navarrese,hizlariak,hondarribia,hon-046-002,1.57
data/processed/speech/ahotsak_subset/segments/hondarribia_hon-046-002_049.wav,hondarribia_hon-046-002_049.wav,navarrese,hizlariak,hondarribia,hon-046-002,4.61
data/processed/speech/ahotsak_subset/segments/hondarribia_hon-046-002_050.wav,hondarribia_hon-046-002_050.wav,navarrese,hizlariak,hondarribia,hon-046-002,1.38
data/processed/speech/ahotsak_subset/segments/hondarribia_hon-046-030_000.wav,hondarribia_hon-046-030_000.wav,navarrese,hizlariak,hondarribia,hon-046-030,1.86
data/processed/speech/ahotsak_subset/segments/hondarribia_hon-046-030_001.wav,hondarribia_hon-046-030_001.wav,navarrese,hizlariak,hondarribia,hon-046-030,1.02
data/processed/speech/ahotsak_subset/segments/hondarribia_hon-046-030_002.wav,hondarribia_hon-046-030_002.wav,navarrese,hizlariak,hondarribia,hon-046-030,4.26
data/processed/speech/ahotsak_subset/segments/hondarribia_hon-046-030_003.wav,hondarribia_hon-046-030_003.wav,navarrese,hizlariak,hondarribia,hon-046-030,2.59
data/processed/speech/ahotsak_subset/segments/hondarribia_hon-046-030_004.wav,hondarribia_hon-046-030_004.wav,navarrese,hizlariak,hondarribia,hon-046-030,3.39
data/processed/speech/ahotsak_subset/segments/hondarribia_hon-046-030_005.wav,hondarribia_hon-046-030_005.wav,navarrese,hizlariak,hondarribia,hon-046-030,1.22
data/processed/speech/ahotsak_subset/segments/hondarribia_hon-046-030_006.wav,hondarribia_hon-046-030_006.wav,navarrese,hizlariak,hondarribia,hon-046-030,4.19
data/processed/speech/ahotsak_subset/segments/hondarribia_hon-046-030_007.wav,hondarribia_hon-046-030_007.wav,navarrese,hizlariak,hondarribia,hon-046-030,2.85
data/processed/speech/ahotsak_subset/segments/hondarribia_hon-046-030_008.wav,hondarribia_hon-046-030_008.wav,navarrese,hizlariak,hondarribia,hon-046-030,3.1
data/processed/speech/ahotsak_subset/segments/hondarribia_hon-046-030_009.wav,hondarribia_hon-046-030_009.wav,navarrese,hizlariak,hondarribia,hon-046-030,1.73
data/processed/speech/ahotsak_subset/segments/hondarribia_hon-046-030_010.wav,hondarribia_hon-046-030_010.wav,navarrese,hizlariak,hondarribia,hon-046-030,4.64
data/processed/speech/ahotsak_subset/segments/hondarribia_hon-046-030_011.wav,hondarribia_hon-046-030_011.wav,navarrese,hizlariak,hondarribia,hon-046-030,1.15
data/processed/speech/ahotsak_subset/segments/hondarribia_hon-046-030_012.wav,hondarribia_hon-046-030_012.wav,navarrese,hizlariak,hondarribia,hon-046-030,1.22
data/processed/speech/ahotsak_subset/segments/hondarribia_hon-046-030_013.wav,hondarribia_hon-046-030_013.wav,navarrese,hizlariak,hondarribia,hon-046-030,2.14
data/processed/speech/ahotsak_subset/segments/hondarribia_hon-046-030_014.wav,hondarribia_hon-046-030_014.wav,navarrese,hizlariak,hondarribia,hon-046-030,1.47
data/processed/speech/ahotsak_subset/segments/hondarribia_hon-046-030_015.wav,hondarribia_hon-046-030_015.wav,navarrese,hizlariak,hondarribia,hon-046-030,1.12
data/processed/speech/ahotsak_subset/segments/hondarribia_hon-046-030_016.wav,hondarribia_hon-046-030_016.wav,navarrese,hizlariak,hondarribia,hon-046-030,1.25
data/processed/speech/ahotsak_subset/segments/hondarribia_hon-046-030_017.wav,hondarribia_hon-046-030_017.wav,navarrese,hizlariak,hondarribia,hon-046-030,1.66
data/processed/speech/ahotsak_subset/segments/hondarribia_hon-046-030_018.wav,hondarribia_hon-046-030_018.wav,navarrese,hizlariak,hondarribia,hon-046-030,2.14
data/processed/speech/ahotsak_subset/segments/hondarribia_hon-046-030_019.wav,hondarribia_hon-046-030_019.wav,navarrese,hizlariak,hondarribia,hon-046-030,2.18
data/processed/speech/ahotsak_subset/segments/hondarribia_hon-046-030_020.wav,hondarribia_hon-046-030_020.wav,navarrese,hizlariak,hondarribia,hon-046-030,2.34
data/processed/speech/ahotsak_subset/segments/hondarribia_hon-046-030_021.wav,hondarribia_hon-046-030_021.wav,navarrese,hizlariak,hondarribia,hon-046-030,1.12
data/processed/speech/ahotsak_subset/segments/hondarribia_hon-046-030_022.wav,hondarribia_hon-046-030_022.wav,navarrese,hizlariak,hondarribia,hon-046-030,1.22
data/processed/speech/ahotsak_subset/segments/hondarribia_hon-046-030_023.wav,hondarribia_hon-046-030_023.wav,navarrese,hizlariak,hondarribia,hon-046-030,1.09
data/processed/speech/ahotsak_subset/segments/hondarribia_hon-046-030_024.wav,hondarribia_hon-046-030_024.wav,navarrese,hizlariak,hondarribia,hon-046-030,1.18
data/processed/speech/ahotsak_subset/segments/hondarribia_hon-046-030_025.wav,hondarribia_hon-046-030_025.wav,navarrese,hizlariak,hondarribia,hon-046-030,1.28
data/processed/speech/ahotsak_subset/segments/hondarribia_hon-046-030_026.wav,hondarribia_hon-046-030_026.wav,navarrese,hizlariak,hondarribia,hon-046-030,2.3
data/processed/speech/ahotsak_subset/segments/hondarribia_hon-046-030_027.wav,hondarribia_hon-046-030_027.wav,navarrese,hizlariak,hondarribia,hon-046-030,1.92
data/processed/speech/ahotsak_subset/segments/hondarribia_hon-046-030_028.wav,hondarribia_hon-046-030_028.wav,navarrese,hizlariak,hondarribia,hon-046-030,4.51
data/processed/speech/ahotsak_subset/segments/hondarribia_hon-046-030_029.wav,hondarribia_hon-046-030_029.wav,navarrese,hizlariak,hondarribia,hon-046-030,2.98
data/processed/speech/ahotsak_subset/segments/hondarribia_hon-046-030_030.wav,hondarribia_hon-046-030_030.wav,navarrese,hizlariak,hondarribia,hon-046-030,1.98
data/processed/speech/ahotsak_subset/segments/hondarribia_hon-046-030_031.wav,hondarribia_hon-046-030_031.wav,navarrese,hizlariak,hondarribia,hon-046-030,4.7
data/processed/speech/ahotsak_subset/segments/hondarribia_hon-046-030_032.wav,hondarribia_hon-046-030_032.wav,navarrese,hizlariak,hondarribia,hon-046-030,1.47
data/processed/speech/ahotsak_subset/segments/hondarribia_hon-046-030_033.wav,hondarribia_hon-046-030_033.wav,navarrese,hizlariak,hondarribia,hon-046-030,5.73
data/processed/speech/ahotsak_subset/segments/hondarribia_hon-046-030_034.wav,hondarribia_hon-046-030_034.wav,navarrese,hizlariak,hondarribia,hon-046-030,2.85
data/processed/speech/ahotsak_subset/segments/hondarribia_hon-046-030_035.wav,hondarribia_hon-046-030_035.wav,navarrese,hizlariak,hondarribia,hon-046-030,5.57
data/processed/speech/ahotsak_subset/segments/hondarribia_hon-046-030_036.wav,hondarribia_hon-046-030_036.wav,navarrese,hizlariak,hondarribia,hon-046-030,1.76
data/processed/speech/ahotsak_subset/segments/hondarribia_hon-046-030_037.wav,hondarribia_hon-046-030_037.wav,navarrese,hizlariak,hondarribia,hon-046-030,2.05
data/processed/speech/ahotsak_subset/segments/hondarribia_hon-046-030_038.wav,hondarribia_hon-046-030_038.wav,navarrese,hizlariak,hondarribia,hon-046-030,7.81
data/processed/speech/ahotsak_subset/segments/hondarribia_hon-046-030_039.wav,hondarribia_hon-046-030_039.wav,navarrese,hizlariak,hondarribia,hon-046-030,1.28
data/processed/speech/ahotsak_subset/segments/hondarribia_hon-046-030_040.wav,hondarribia_hon-046-030_040.wav,navarrese,hizlariak,hondarribia,hon-046-030,1.63
data/processed/speech/ahotsak_subset/segments/hondarribia_hon-046-030_041.wav,hondarribia_hon-046-030_041.wav,navarrese,hizlariak,hondarribia,hon-046-030,5.79
data/processed/speech/ahotsak_subset/segments/hondarribia_hon-046-030_042.wav,hondarribia_hon-046-030_042.wav,navarrese,hizlariak,hondarribia,hon-046-030,2.05
data/processed/speech/ahotsak_subset/segments/hondarribia_hon-046-030_043.wav,hondarribia_hon-046-030_043.wav,navarrese,hizlariak,hondarribia,hon-046-030,3.97
data/processed/speech/ahotsak_subset/segments/hondarribia_hon-046-030_044.wav,hondarribia_hon-046-030_044.wav,navarrese,hizlariak,hondarribia,hon-046-030,2.02
data/processed/speech/ahotsak_subset/segments/hondarribia_hon-046-030_045.wav,hondarribia_hon-046-030_045.wav,navarrese,hizlariak,hondarribia,hon-046-030,1.6
data/processed/speech/ahotsak_subset/segments/hondarribia_hon-046-030_046.wav,hondarribia_hon-046-030_046.wav,navarrese,hizlariak,hondarribia,hon-046-030,3.84
data/processed/speech/ahotsak_subset/segments/hondarribia_hon-046-030_047.wav,hondarribia_hon-046-030_047.wav,navarrese,hizlariak,hondarribia,hon-046-030,1.95
data/processed/speech/ahotsak_subset/segments/hondarribia_hon-046-030_048.wav,hondarribia_hon-046-030_048.wav,navarrese,hizlariak,hondarribia,hon-046-030,4.67
data/processed/speech/ahotsak_subset/segments/hondarribia_hon-046-030_049.wav,hondarribia_hon-046-030_049.wav,navarrese,hizlariak,hondarribia,hon-046-030,1.34
data/processed/speech/ahotsak_subset/segments/hondarribia_hon-046-030_050.wav,hondarribia_hon-046-030_050.wav,navarrese,hizlariak,hondarribia,hon-046-030,5.25
data/processed/speech/ahotsak_subset/segments/hondarribia_hon-046-030_051.wav,hondarribia_hon-046-030_051.wav,navarrese,hizlariak,hondarribia,hon-046-030,1.82
data/processed/speech/ahotsak_subset/segments/hondarribia_hon-046-030_052.wav,hondarribia_hon-046-030_052.wav,navarrese,hizlariak,hondarribia,hon-046-030,1.92
data/processed/speech/ahotsak_subset/segments/hondarribia_hon-046-030_053.wav,hondarribia_hon-046-030_053.wav,navarrese,hizlariak,hondarribia,hon-046-030,1.76
data/processed/speech/ahotsak_subset/segments/hondarribia_hon-046-030_054.wav,hondarribia_hon-046-030_054.wav,navarrese,hizlariak,hondarribia,hon-046-030,3.07
data/processed/speech/ahotsak_subset/segments/hondarribia_hon-046-030_055.wav,hondarribia_hon-046-030_055.wav,navarrese,hizlariak,hondarribia,hon-046-030,2.75
data/processed/speech/ahotsak_subset/segments/hondarribia_hon-046-030_056.wav,hondarribia_hon-046-030_056.wav,navarrese,hizlariak,hondarribia,hon-046-030,4.03
data/processed/speech/ahotsak_subset/segments/hondarribia_hon-046-030_057.wav,hondarribia_hon-046-030_057.wav,navarrese,hizlariak,hondarribia,hon-046-030,1.82
data/processed/speech/ahotsak_subset/segments/hondarribia_hon-046-030_058.wav,hondarribia_hon-046-030_058.wav,navarrese,hizlariak,hondarribia,hon-046-030,4.64
data/processed/speech/ahotsak_subset/segments/hondarribia_hon-046-030_059.wav,hondarribia_hon-046-030_059.wav,navarrese,hizlariak,hondarribia,hon-046-030,3.65
data/processed/speech/ahotsak_subset/segments/hondarribia_hon-046-030_060.wav,hondarribia_hon-046-030_060.wav,navarrese,hizlariak,hondarribia,hon-046-030,6.53
data/processed/speech/ahotsak_subset/segments/hondarribia_hon-046-030_061.wav,hondarribia_hon-046-030_061.wav,navarrese,hizlariak,hondarribia,hon-046-030,4.35
data/processed/speech/ahotsak_subset/segments/hondarribia_hon-046-031_000.wav,hondarribia_hon-046-031_000.wav,navarrese,hizlariak,hondarribia,hon-046-031,4.22
data/processed/speech/ahotsak_subset/segments/hondarribia_hon-046-031_001.wav,hondarribia_hon-046-031_001.wav,navarrese,hizlariak,hondarribia,hon-046-031,4.35
data/processed/speech/ahotsak_subset/segments/hondarribia_hon-046-031_002.wav,hondarribia_hon-046-031_002.wav,navarrese,hizlariak,hondarribia,hon-046-031,3.07
data/processed/speech/ahotsak_subset/segments/hondarribia_hon-046-031_003.wav,hondarribia_hon-046-031_003.wav,navarrese,hizlariak,hondarribia,hon-046-031,1.82
data/processed/speech/ahotsak_subset/segments/hondarribia_hon-046-031_004.wav,hondarribia_hon-046-031_004.wav,navarrese,hizlariak,hondarribia,hon-046-031,1.63
data/processed/speech/ahotsak_subset/segments/hondarribia_hon-046-031_005.wav,hondarribia_hon-046-031_005.wav,navarrese,hizlariak,hondarribia,hon-046-031,1.79
data/processed/speech/ahotsak_subset/segments/hondarribia_hon-046-031_006.wav,hondarribia_hon-046-031_006.wav,navarrese,hizlariak,hondarribia,hon-046-031,2.98
data/processed/speech/ahotsak_subset/segments/hondarribia_hon-046-031_007.wav,hondarribia_hon-046-031_007.wav,navarrese,hizlariak,hondarribia,hon-046-031,1.89
data/processed/speech/ahotsak_subset/segments/hondarribia_hon-046-031_008.wav,hondarribia_hon-046-031_008.wav,navarrese,hizlariak,hondarribia,hon-046-031,7.17
data/processed/speech/ahotsak_subset/segments/hondarribia_hon-046-031_009.wav,hondarribia_hon-046-031_009.wav,navarrese,hizlariak,hondarribia,hon-046-031,3.78
data/processed/speech/ahotsak_subset/segments/hondarribia_hon-046-031_010.wav,hondarribia_hon-046-031_010.wav,navarrese,hizlariak,hondarribia,hon-046-031,2.88
data/processed/speech/ahotsak_subset/segments/hondarribia_hon-046-031_011.wav,hondarribia_hon-046-031_011.wav,navarrese,hizlariak,hondarribia,hon-046-031,7.68
data/processed/speech/ahotsak_subset/segments/hondarribia_hon-046-031_012.wav,hondarribia_hon-046-031_012.wav,navarrese,hizlariak,hondarribia,hon-046-031,5.34
data/processed/speech/ahotsak_subset/segments/hondarribia_hon-046-031_013.wav,hondarribia_hon-046-031_013.wav,navarrese,hizlariak,hondarribia,hon-046-031,1.34
data/processed/speech/ahotsak_subset/segments/hondarribia_hon-046-031_014.wav,hondarribia_hon-046-031_014.wav,navarrese,hizlariak,hondarribia,hon-046-031,1.02
data/processed/speech/ahotsak_subset/segments/hondarribia_hon-046-031_015.wav,hondarribia_hon-046-031_015.wav,navarrese,hizlariak,hondarribia,hon-046-031,2.59
data/processed/speech/ahotsak_subset/segments/hondarribia_hon-046-031_016.wav,hondarribia_hon-046-031_016.wav,navarrese,hizlariak,hondarribia,hon-046-031,4.38
data/processed/speech/ahotsak_subset/segments/hondarribia_hon-046-031_017.wav,hondarribia_hon-046-031_017.wav,navarrese,hizlariak,hondarribia,hon-046-031,1.22
data/processed/speech/ahotsak_subset/segments/hondarribia_hon-046-031_018.wav,hondarribia_hon-046-031_018.wav,navarrese,hizlariak,hondarribia,hon-046-031,1.89
data/processed/speech/ahotsak_subset/segments/hondarribia_hon-046-031_019.wav,hondarribia_hon-046-031_019.wav,navarrese,hizlariak,hondarribia,hon-046-031,1.7
data/processed/speech/ahotsak_subset/segments/hondarribia_hon-046-031_020.wav,hondarribia_hon-046-031_020.wav,navarrese,hizlariak,hondarribia,hon-046-031,1.57
data/processed/speech/ahotsak_subset/segments/hondarribia_hon-046-031_021.wav,hondarribia_hon-046-031_021.wav,navarrese,hizlariak,hondarribia,hon-046-031,3.04
data/processed/speech/ahotsak_subset/segments/hondarribia_hon-046-031_022.wav,hondarribia_hon-046-031_022.wav,navarrese,hizlariak,hondarribia,hon-046-031,2.98
data/processed/speech/ahotsak_subset/segments/hondarribia_hon-046-031_023.wav,hondarribia_hon-046-031_023.wav,navarrese,hizlariak,hondarribia,hon-046-031,2.91
data/processed/speech/ahotsak_subset/segments/hondarribia_hon-046-031_024.wav,hondarribia_hon-046-031_024.wav,navarrese,hizlariak,hondarribia,hon-046-031,8.48
data/processed/speech/ahotsak_subset/segments/hondarribia_hon-046-031_025.wav,hondarribia_hon-046-031_025.wav,navarrese,hizlariak,hondarribia,hon-046-031,6.08
data/processed/speech/ahotsak_subset/segments/hondarribia_hon-046-031_026.wav,hondarribia_hon-046-031_026.wav,navarrese,hizlariak,hondarribia,hon-046-031,7.49
data/processed/speech/ahotsak_subset/segments/hondarribia_hon-046-031_027.wav,hondarribia_hon-046-031_027.wav,navarrese,hizlariak,hondarribia,hon-046-031,4.35
data/processed/speech/ahotsak_subset/segments/hondarribia_hon-046-031_028.wav,hondarribia_hon-046-031_028.wav,navarrese,hizlariak,hondarribia,hon-046-031,4.1
data/processed/speech/ahotsak_subset/segments/hondarribia_hon-046-031_029.wav,hondarribia_hon-046-031_029.wav,navarrese,hizlariak,hondarribia,hon-046-031,5.15
data/processed/speech/ahotsak_subset/segments/hondarribia_hon-046-031_030.wav,hondarribia_hon-046-031_030.wav,navarrese,hizlariak,hondarribia,hon-046-031,3.94
data/processed/speech/ahotsak_subset/segments/hondarribia_hon-046-031_031.wav,hondarribia_hon-046-031_031.wav,navarrese,hizlariak,hondarribia,hon-046-031,2.94
data/processed/speech/ahotsak_subset/segments/hondarribia_hon-046-031_032.wav,hondarribia_hon-046-031_032.wav,navarrese,hizlariak,hondarribia,hon-046-031,1.12
data/processed/speech/ahotsak_subset/segments/hondarribia_hon-046-031_033.wav,hondarribia_hon-046-031_033.wav,navarrese,hizlariak,hondarribia,hon-046-031,1.22
data/processed/speech/ahotsak_subset/segments/hondarribia_hon-046-031_034.wav,hondarribia_hon-046-031_034.wav,navarrese,hizlariak,hondarribia,hon-046-031,6.4
data/processed/speech/ahotsak_subset/segments/hondarribia_hon-046-031_035.wav,hondarribia_hon-046-031_035.wav,navarrese,hizlariak,hondarribia,hon-046-031,3.87
data/processed/speech/ahotsak_subset/segments/hondarribia_hon-046-031_036.wav,hondarribia_hon-046-031_036.wav,navarrese,hizlariak,hondarribia,hon-046-031,1.57
data/processed/speech/ahotsak_subset/segments/hondarribia_hon-046-031_037.wav,hondarribia_hon-046-031_037.wav,navarrese,hizlariak,hondarribia,hon-046-031,1.63
data/processed/speech/ahotsak_subset/segments/hondarribia_hon-046-031_038.wav,hondarribia_hon-046-031_038.wav,navarrese,hizlariak,hondarribia,hon-046-031,1.18
data/processed/speech/ahotsak_subset/segments/hondarribia_hon-046-031_039.wav,hondarribia_hon-046-031_039.wav,navarrese,hizlariak,hondarribia,hon-046-031,1.95
data/processed/speech/ahotsak_subset/segments/hondarribia_hon-046-031_040.wav,hondarribia_hon-046-031_040.wav,navarrese,hizlariak,hondarribia,hon-046-031,2.62
data/processed/speech/ahotsak_subset/segments/hondarribia_hon-046-031_041.wav,hondarribia_hon-046-031_041.wav,navarrese,hizlariak,hondarribia,hon-046-031,2.91
data/processed/speech/ahotsak_subset/segments/hondarribia_hon-050-002_000.wav,hondarribia_hon-050-002_000.wav,navarrese,hizlariak,hondarribia,hon-050-002,2.3
data/processed/speech/ahotsak_subset/segments/hondarribia_hon-050-002_001.wav,hondarribia_hon-050-002_001.wav,navarrese,hizlariak,hondarribia,hon-050-002,2.91
data/processed/speech/ahotsak_subset/segments/hondarribia_hon-050-002_002.wav,hondarribia_hon-050-002_002.wav,navarrese,hizlariak,hondarribia,hon-050-002,1.22
data/processed/speech/ahotsak_subset/segments/hondarribia_hon-050-002_003.wav,hondarribia_hon-050-002_003.wav,navarrese,hizlariak,hondarribia,hon-050-002,3.78
data/processed/speech/ahotsak_subset/segments/hondarribia_hon-050-002_004.wav,hondarribia_hon-050-002_004.wav,navarrese,hizlariak,hondarribia,hon-050-002,2.11
data/processed/speech/ahotsak_subset/segments/hondarribia_hon-050-002_005.wav,hondarribia_hon-050-002_005.wav,navarrese,hizlariak,hondarribia,hon-050-002,4.22
data/processed/speech/ahotsak_subset/segments/hondarribia_hon-050-002_006.wav,hondarribia_hon-050-002_006.wav,navarrese,hizlariak,hondarribia,hon-050-002,1.5
data/processed/speech/ahotsak_subset/segments/hondarribia_hon-050-002_007.wav,hondarribia_hon-050-002_007.wav,navarrese,hizlariak,hondarribia,hon-050-002,2.46
data/processed/speech/ahotsak_subset/segments/hondarribia_hon-050-002_008.wav,hondarribia_hon-050-002_008.wav,navarrese,hizlariak,hondarribia,hon-050-002,3.26
data/processed/speech/ahotsak_subset/segments/hondarribia_hon-050-002_009.wav,hondarribia_hon-050-002_009.wav,navarrese,hizlariak,hondarribia,hon-050-002,2.91
data/processed/speech/ahotsak_subset/segments/hondarribia_hon-050-002_010.wav,hondarribia_hon-050-002_010.wav,navarrese,hizlariak,hondarribia,hon-050-002,3.23
data/processed/speech/ahotsak_subset/segments/hondarribia_hon-050-002_011.wav,hondarribia_hon-050-002_011.wav,navarrese,hizlariak,hondarribia,hon-050-002,1.76
data/processed/speech/ahotsak_subset/segments/hondarribia_hon-050-002_012.wav,hondarribia_hon-050-002_012.wav,navarrese,hizlariak,hondarribia,hon-050-002,15.0
data/processed/speech/ahotsak_subset/segments/hondarribia_hon-050-002_013.wav,hondarribia_hon-050-002_013.wav,navarrese,hizlariak,hondarribia,hon-050-002,2.92
data/processed/speech/ahotsak_subset/segments/hondarribia_hon-050-002_014.wav,hondarribia_hon-050-002_014.wav,navarrese,hizlariak,hondarribia,hon-050-002,3.42
data/processed/speech/ahotsak_subset/segments/hondarribia_hon-050-002_015.wav,hondarribia_hon-050-002_015.wav,navarrese,hizlariak,hondarribia,hon-050-002,12.45
data/processed/speech/ahotsak_subset/segments/hondarribia_hon-050-002_016.wav,hondarribia_hon-050-002_016.wav,navarrese,hizlariak,hondarribia,hon-050-002,12.32
data/processed/speech/ahotsak_subset/segments/hondarribia_hon-050-002_017.wav,hondarribia_hon-050-002_017.wav,navarrese,hizlariak,hondarribia,hon-050-002,7.04
data/processed/speech/ahotsak_subset/segments/hondarribia_hon-050-002_018.wav,hondarribia_hon-050-002_018.wav,navarrese,hizlariak,hondarribia,hon-050-002,9.66
data/processed/speech/ahotsak_subset/segments/hondarribia_hon-050-002_019.wav,hondarribia_hon-050-002_019.wav,navarrese,hizlariak,hondarribia,hon-050-002,15.0
data/processed/speech/ahotsak_subset/segments/hondarribia_hon-050-002_020.wav,hondarribia_hon-050-002_020.wav,navarrese,hizlariak,hondarribia,hon-050-002,9.8
data/processed/speech/ahotsak_subset/segments/hondarribia_hon-050-002_021.wav,hondarribia_hon-050-002_021.wav,navarrese,hizlariak,hondarribia,hon-050-002,1.7
data/processed/speech/ahotsak_subset/segments/hondarribia_hon-050-002_022.wav,hondarribia_hon-050-002_022.wav,navarrese,hizlariak,hondarribia,hon-050-002,15.0
data/processed/speech/ahotsak_subset/segments/hondarribia_hon-050-002_023.wav,hondarribia_hon-050-002_023.wav,navarrese,hizlariak,hondarribia,hon-050-002,15.0
data/processed/speech/ahotsak_subset/segments/hondarribia_hon-050-002_024.wav,hondarribia_hon-050-002_024.wav,navarrese,hizlariak,hondarribia,hon-050-002,1.74
data/processed/speech/ahotsak_subset/segments/hondarribia_hon-050-002_025.wav,hondarribia_hon-050-002_025.wav,navarrese,hizlariak,hondarribia,hon-050-002,12.22
data/processed/speech/ahotsak_subset/segments/hondarribia_hon-050-002_026.wav,hondarribia_hon-050-002_026.wav,navarrese,hizlariak,hondarribia,hon-050-002,11.55
data/processed/speech/ahotsak_subset/segments/hondarribia_hon-050-002_027.wav,hondarribia_hon-050-002_027.wav,navarrese,hizlariak,hondarribia,hon-050-002,1.09
data/processed/speech/ahotsak_subset/segments/hondarribia_hon-050-002_028.wav,hondarribia_hon-050-002_028.wav,navarrese,hizlariak,hondarribia,hon-050-002,9.89
data/processed/speech/ahotsak_subset/segments/hondarribia_hon-050-002_029.wav,hondarribia_hon-050-002_029.wav,navarrese,hizlariak,hondarribia,hon-050-002,10.05
data/processed/speech/ahotsak_subset/segments/hondarribia_hon-050-010_000.wav,hondarribia_hon-050-010_000.wav,navarrese,hizlariak,hondarribia,hon-050-010,1.92
data/processed/speech/ahotsak_subset/segments/hondarribia_hon-050-010_001.wav,hondarribia_hon-050-010_001.wav,navarrese,hizlariak,hondarribia,hon-050-010,1.92
data/processed/speech/ahotsak_subset/segments/hondarribia_hon-050-010_002.wav,hondarribia_hon-050-010_002.wav,navarrese,hizlariak,hondarribia,hon-050-010,1.5
data/processed/speech/ahotsak_subset/segments/hondarribia_hon-050-010_003.wav,hondarribia_hon-050-010_003.wav,navarrese,hizlariak,hondarribia,hon-050-010,5.44
data/processed/speech/ahotsak_subset/segments/hondarribia_hon-050-010_004.wav,hondarribia_hon-050-010_004.wav,navarrese,hizlariak,hondarribia,hon-050-010,7.65
data/processed/speech/ahotsak_subset/segments/hondarribia_hon-050-010_005.wav,hondarribia_hon-050-010_005.wav,navarrese,hizlariak,hondarribia,hon-050-010,1.73
data/processed/speech/ahotsak_subset/segments/hondarribia_hon-050-010_006.wav,hondarribia_hon-050-010_006.wav,navarrese,hizlariak,hondarribia,hon-050-010,2.98
data/processed/speech/ahotsak_subset/segments/hondarribia_hon-050-010_007.wav,hondarribia_hon-050-010_007.wav,navarrese,hizlariak,hondarribia,hon-050-010,5.82
data/processed/speech/ahotsak_subset/segments/hondarribia_hon-050-010_008.wav,hondarribia_hon-050-010_008.wav,navarrese,hizlariak,hondarribia,hon-050-010,3.58
data/processed/speech/ahotsak_subset/segments/hondarribia_hon-050-010_009.wav,hondarribia_hon-050-010_009.wav,navarrese,hizlariak,hondarribia,hon-050-010,5.86
data/processed/speech/ahotsak_subset/segments/hondarribia_hon-050-010_010.wav,hondarribia_hon-050-010_010.wav,navarrese,hizlariak,hondarribia,hon-050-010,8.1
data/processed/speech/ahotsak_subset/segments/hondarribia_hon-050-010_011.wav,hondarribia_hon-050-010_011.wav,navarrese,hizlariak,hondarribia,hon-050-010,3.68
data/processed/speech/ahotsak_subset/segments/hondarribia_hon-050-010_012.wav,hondarribia_hon-050-010_012.wav,navarrese,hizlariak,hondarribia,hon-050-010,5.09
data/processed/speech/ahotsak_subset/segments/hondarribia_hon-050-010_013.wav,hondarribia_hon-050-010_013.wav,navarrese,hizlariak,hondarribia,hon-050-010,2.62
data/processed/speech/ahotsak_subset/segments/hondarribia_hon-050-010_014.wav,hondarribia_hon-050-010_014.wav,navarrese,hizlariak,hondarribia,hon-050-010,4.9
data/processed/speech/ahotsak_subset/segments/hondarribia_hon-050-010_015.wav,hondarribia_hon-050-010_015.wav,navarrese,hizlariak,hondarribia,hon-050-010,4.93
data/processed/speech/ahotsak_subset/segments/hondarribia_hon-050-010_016.wav,hondarribia_hon-050-010_016.wav,navarrese,hizlariak,hondarribia,hon-050-010,4.26
data/processed/speech/ahotsak_subset/segments/hondarribia_hon-050-010_017.wav,hondarribia_hon-050-010_017.wav,navarrese,hizlariak,hondarribia,hon-050-010,1.22
data/processed/speech/ahotsak_subset/segments/hondarribia_hon-050-010_018.wav,hondarribia_hon-050-010_018.wav,navarrese,hizlariak,hondarribia,hon-050-010,3.55
data/processed/speech/ahotsak_subset/segments/hondarribia_hon-050-010_019.wav,hondarribia_hon-050-010_019.wav,navarrese,hizlariak,hondarribia,hon-050-010,7.49
data/processed/speech/ahotsak_subset/segments/hondarribia_hon-050-010_020.wav,hondarribia_hon-050-010_020.wav,navarrese,hizlariak,hondarribia,hon-050-010,9.63
data/processed/speech/ahotsak_subset/segments/hondarribia_hon-050-010_021.wav,hondarribia_hon-050-010_021.wav,navarrese,hizlariak,hondarribia,hon-050-010,2.14
data/processed/speech/ahotsak_subset/segments/hondarribia_hon-050-010_022.wav,hondarribia_hon-050-010_022.wav,navarrese,hizlariak,hondarribia,hon-050-010,4.58
data/processed/speech/ahotsak_subset/segments/hondarribia_hon-050-010_023.wav,hondarribia_hon-050-010_023.wav,navarrese,hizlariak,hondarribia,hon-050-010,15.0
data/processed/speech/ahotsak_subset/segments/hondarribia_hon-050-010_024.wav,hondarribia_hon-050-010_024.wav,navarrese,hizlariak,hondarribia,hon-050-010,15.0
data/processed/speech/ahotsak_subset/segments/hondarribia_hon-050-010_025.wav,hondarribia_hon-050-010_025.wav,navarrese,hizlariak,hondarribia,hon-050-010,8.37
data/processed/speech/ahotsak_subset/segments/hondarribia_hon-050-010_026.wav,hondarribia_hon-050-010_026.wav,navarrese,hizlariak,hondarribia,hon-050-010,2.3
data/processed/speech/ahotsak_subset/segments/hondarribia_hon-050-010_027.wav,hondarribia_hon-050-010_027.wav,navarrese,hizlariak,hondarribia,hon-050-010,5.76
data/processed/speech/ahotsak_subset/segments/hondarribia_hon-050-012_000.wav,hondarribia_hon-050-012_000.wav,navarrese,hizlariak,hondarribia,hon-050-012,4.38
data/processed/speech/ahotsak_subset/segments/hondarribia_hon-050-012_001.wav,hondarribia_hon-050-012_001.wav,navarrese,hizlariak,hondarribia,hon-050-012,1.44
data/processed/speech/ahotsak_subset/segments/hondarribia_hon-050-012_002.wav,hondarribia_hon-050-012_002.wav,navarrese,hizlariak,hondarribia,hon-050-012,4.13
data/processed/speech/ahotsak_subset/segments/hondarribia_hon-050-012_003.wav,hondarribia_hon-050-012_003.wav,navarrese,hizlariak,hondarribia,hon-050-012,3.39
data/processed/speech/ahotsak_subset/segments/hondarribia_hon-050-012_004.wav,hondarribia_hon-050-012_004.wav,navarrese,hizlariak,hondarribia,hon-050-012,2.72
data/processed/speech/ahotsak_subset/segments/hondarribia_hon-050-012_005.wav,hondarribia_hon-050-012_005.wav,navarrese,hizlariak,hondarribia,hon-050-012,3.04
data/processed/speech/ahotsak_subset/segments/hondarribia_hon-050-012_006.wav,hondarribia_hon-050-012_006.wav,navarrese,hizlariak,hondarribia,hon-050-012,1.57
data/processed/speech/ahotsak_subset/segments/hondarribia_hon-050-012_007.wav,hondarribia_hon-050-012_007.wav,navarrese,hizlariak,hondarribia,hon-050-012,1.79
data/processed/speech/ahotsak_subset/segments/hondarribia_hon-050-012_008.wav,hondarribia_hon-050-012_008.wav,navarrese,hizlariak,hondarribia,hon-050-012,2.24
data/processed/speech/ahotsak_subset/segments/hondarribia_hon-050-012_009.wav,hondarribia_hon-050-012_009.wav,navarrese,hizlariak,hondarribia,hon-050-012,1.95
data/processed/speech/ahotsak_subset/segments/hondarribia_hon-050-012_010.wav,hondarribia_hon-050-012_010.wav,navarrese,hizlariak,hondarribia,hon-050-012,4.22
data/processed/speech/ahotsak_subset/segments/hondarribia_hon-050-012_011.wav,hondarribia_hon-050-012_011.wav,navarrese,hizlariak,hondarribia,hon-050-012,3.17
data/processed/speech/ahotsak_subset/segments/hondarribia_hon-050-012_012.wav,hondarribia_hon-050-012_012.wav,navarrese,hizlariak,hondarribia,hon-050-012,1.66
data/processed/speech/ahotsak_subset/segments/hondarribia_hon-050-012_013.wav,hondarribia_hon-050-012_013.wav,navarrese,hizlariak,hondarribia,hon-050-012,7.39
data/processed/speech/ahotsak_subset/segments/hondarribia_hon-050-012_014.wav,hondarribia_hon-050-012_014.wav,navarrese,hizlariak,hondarribia,hon-050-012,5.82
data/processed/speech/ahotsak_subset/segments/hondarribia_hon-050-012_015.wav,hondarribia_hon-050-012_015.wav,navarrese,hizlariak,hondarribia,hon-050-012,9.92
data/processed/speech/ahotsak_subset/segments/hondarribia_hon-050-012_016.wav,hondarribia_hon-050-012_016.wav,navarrese,hizlariak,hondarribia,hon-050-012,4.7
data/processed/speech/ahotsak_subset/segments/hondarribia_hon-050-012_017.wav,hondarribia_hon-050-012_017.wav,navarrese,hizlariak,hondarribia,hon-050-012,10.91
data/processed/speech/ahotsak_subset/segments/hondarribia_hon-050-012_018.wav,hondarribia_hon-050-012_018.wav,navarrese,hizlariak,hondarribia,hon-050-012,1.28
data/processed/speech/ahotsak_subset/segments/hondarribia_hon-050-012_019.wav,hondarribia_hon-050-012_019.wav,navarrese,hizlariak,hondarribia,hon-050-012,1.31
data/processed/speech/ahotsak_subset/segments/hondarribia_hon-050-012_020.wav,hondarribia_hon-050-012_020.wav,navarrese,hizlariak,hondarribia,hon-050-012,5.57
data/processed/speech/ahotsak_subset/segments/hondarribia_hon-050-012_021.wav,hondarribia_hon-050-012_021.wav,navarrese,hizlariak,hondarribia,hon-050-012,5.54
data/processed/speech/ahotsak_subset/segments/hondarribia_hon-050-012_022.wav,hondarribia_hon-050-012_022.wav,navarrese,hizlariak,hondarribia,hon-050-012,3.55
data/processed/speech/ahotsak_subset/segments/hondarribia_hon-050-012_023.wav,hondarribia_hon-050-012_023.wav,navarrese,hizlariak,hondarribia,hon-050-012,2.21
data/processed/speech/ahotsak_subset/segments/hondarribia_hon-050-012_024.wav,hondarribia_hon-050-012_024.wav,navarrese,hizlariak,hondarribia,hon-050-012,7.07
data/processed/speech/ahotsak_subset/segments/hondarribia_hon-050-012_025.wav,hondarribia_hon-050-012_025.wav,navarrese,hizlariak,hondarribia,hon-050-012,7.9
data/processed/speech/ahotsak_subset/segments/hondarribia_hon-050-012_026.wav,hondarribia_hon-050-012_026.wav,navarrese,hizlariak,hondarribia,hon-050-012,2.27
data/processed/speech/ahotsak_subset/segments/hondarribia_hon-050-012_027.wav,hondarribia_hon-050-012_027.wav,navarrese,hizlariak,hondarribia,hon-050-012,13.12
data/processed/speech/ahotsak_subset/segments/hondarribia_hon-050-012_028.wav,hondarribia_hon-050-012_028.wav,navarrese,hizlariak,hondarribia,hon-050-012,1.25
data/processed/speech/ahotsak_subset/segments/hondarribia_hon-050-012_029.wav,hondarribia_hon-050-012_029.wav,navarrese,hizlariak,hondarribia,hon-050-012,3.1
data/processed/speech/ahotsak_subset/segments/hondarribia_hon-050-012_030.wav,hondarribia_hon-050-012_030.wav,navarrese,hizlariak,hondarribia,hon-050-012,2.98
data/processed/speech/ahotsak_subset/segments/hondarribia_hon-050-012_031.wav,hondarribia_hon-050-012_031.wav,navarrese,hizlariak,hondarribia,hon-050-012,3.17
data/processed/speech/ahotsak_subset/segments/hondarribia_hon-050-012_032.wav,hondarribia_hon-050-012_032.wav,navarrese,hizlariak,hondarribia,hon-050-012,13.38
data/processed/speech/ahotsak_subset/segments/hondarribia_hon-050-012_033.wav,hondarribia_hon-050-012_033.wav,navarrese,hizlariak,hondarribia,hon-050-012,1.57
data/processed/speech/ahotsak_subset/segments/hondarribia_hon-050-012_034.wav,hondarribia_hon-050-012_034.wav,navarrese,hizlariak,hondarribia,hon-050-012,1.66
data/processed/speech/ahotsak_subset/segments/hondarribia_hon-050-012_035.wav,hondarribia_hon-050-012_035.wav,navarrese,hizlariak,hondarribia,hon-050-012,1.28
data/processed/speech/ahotsak_subset/segments/hondarribia_hon-050-012_036.wav,hondarribia_hon-050-012_036.wav,navarrese,hizlariak,hondarribia,hon-050-012,3.2
data/processed/speech/ahotsak_subset/segments/hondarribia_hon-050-012_037.wav,hondarribia_hon-050-012_037.wav,navarrese,hizlariak,hondarribia,hon-050-012,2.34
data/processed/speech/ahotsak_subset/segments/hondarribia_hon-069-015_000.wav,hondarribia_hon-069-015_000.wav,navarrese,hizlariak,hondarribia,hon-069-015,1.12
data/processed/speech/ahotsak_subset/segments/hondarribia_hon-069-015_001.wav,hondarribia_hon-069-015_001.wav,navarrese,hizlariak,hondarribia,hon-069-015,2.37
data/processed/speech/ahotsak_subset/segments/hondarribia_hon-069-015_002.wav,hondarribia_hon-069-015_002.wav,navarrese,hizlariak,hondarribia,hon-069-015,1.28
data/processed/speech/ahotsak_subset/segments/hondarribia_hon-069-015_003.wav,hondarribia_hon-069-015_003.wav,navarrese,hizlariak,hondarribia,hon-069-015,3.23
data/processed/speech/ahotsak_subset/segments/hondarribia_hon-069-015_004.wav,hondarribia_hon-069-015_004.wav,navarrese,hizlariak,hondarribia,hon-069-015,1.25
data/processed/speech/ahotsak_subset/segments/hondarribia_hon-069-015_005.wav,hondarribia_hon-069-015_005.wav,navarrese,hizlariak,hondarribia,hon-069-015,5.57
data/processed/speech/ahotsak_subset/segments/hondarribia_hon-069-015_006.wav,hondarribia_hon-069-015_006.wav,navarrese,hizlariak,hondarribia,hon-069-015,2.05
data/processed/speech/ahotsak_subset/segments/hondarribia_hon-069-015_007.wav,hondarribia_hon-069-015_007.wav,navarrese,hizlariak,hondarribia,hon-069-015,2.78
data/processed/speech/ahotsak_subset/segments/hondarribia_hon-069-015_008.wav,hondarribia_hon-069-015_008.wav,navarrese,hizlariak,hondarribia,hon-069-015,1.31
data/processed/speech/ahotsak_subset/segments/hondarribia_hon-069-015_009.wav,hondarribia_hon-069-015_009.wav,navarrese,hizlariak,hondarribia,hon-069-015,2.56
data/processed/speech/ahotsak_subset/segments/hondarribia_hon-069-015_010.wav,hondarribia_hon-069-015_010.wav,navarrese,hizlariak,hondarribia,hon-069-015,7.39
data/processed/speech/ahotsak_subset/segments/hondarribia_hon-069-015_011.wav,hondarribia_hon-069-015_011.wav,navarrese,hizlariak,hondarribia,hon-069-015,4.58
data/processed/speech/ahotsak_subset/segments/hondarribia_hon-069-015_012.wav,hondarribia_hon-069-015_012.wav,navarrese,hizlariak,hondarribia,hon-069-015,4.83
data/processed/speech/ahotsak_subset/segments/hondarribia_hon-069-015_013.wav,hondarribia_hon-069-015_013.wav,navarrese,hizlariak,hondarribia,hon-069-015,2.34
data/processed/speech/ahotsak_subset/segments/hondarribia_hon-069-015_014.wav,hondarribia_hon-069-015_014.wav,navarrese,hizlariak,hondarribia,hon-069-015,3.97
data/processed/speech/ahotsak_subset/segments/hondarribia_hon-069-015_015.wav,hondarribia_hon-069-015_015.wav,navarrese,hizlariak,hondarribia,hon-069-015,1.54
data/processed/speech/ahotsak_subset/segments/hondarribia_hon-069-015_016.wav,hondarribia_hon-069-015_016.wav,navarrese,hizlariak,hondarribia,hon-069-015,2.3
data/processed/speech/ahotsak_subset/segments/hondarribia_hon-069-015_017.wav,hondarribia_hon-069-015_017.wav,navarrese,hizlariak,hondarribia,hon-069-015,8.83
data/processed/speech/ahotsak_subset/segments/hondarribia_hon-069-015_018.wav,hondarribia_hon-069-015_018.wav,navarrese,hizlariak,hondarribia,hon-069-015,2.46
data/processed/speech/ahotsak_subset/segments/hondarribia_hon-069-015_019.wav,hondarribia_hon-069-015_019.wav,navarrese,hizlariak,hondarribia,hon-069-015,6.78
data/processed/speech/ahotsak_subset/segments/hondarribia_hon-069-021_000.wav,hondarribia_hon-069-021_000.wav,navarrese,hizlariak,hondarribia,hon-069-021,9.34
data/processed/speech/ahotsak_subset/segments/hondarribia_hon-069-021_001.wav,hondarribia_hon-069-021_001.wav,navarrese,hizlariak,hondarribia,hon-069-021,1.57
data/processed/speech/ahotsak_subset/segments/hondarribia_hon-069-021_002.wav,hondarribia_hon-069-021_002.wav,navarrese,hizlariak,hondarribia,hon-069-021,1.7
data/processed/speech/ahotsak_subset/segments/hondarribia_hon-069-021_003.wav,hondarribia_hon-069-021_003.wav,navarrese,hizlariak,hondarribia,hon-069-021,5.47
data/processed/speech/ahotsak_subset/segments/hondarribia_hon-069-021_004.wav,hondarribia_hon-069-021_004.wav,navarrese,hizlariak,hondarribia,hon-069-021,2.78
data/processed/speech/ahotsak_subset/segments/hondarribia_hon-069-021_005.wav,hondarribia_hon-069-021_005.wav,navarrese,hizlariak,hondarribia,hon-069-021,1.25
data/processed/speech/ahotsak_subset/segments/hondarribia_hon-069-021_006.wav,hondarribia_hon-069-021_006.wav,navarrese,hizlariak,hondarribia,hon-069-021,4.29
data/processed/speech/ahotsak_subset/segments/hondarribia_hon-069-021_007.wav,hondarribia_hon-069-021_007.wav,navarrese,hizlariak,hondarribia,hon-069-021,1.09
data/processed/speech/ahotsak_subset/segments/hondarribia_hon-069-021_008.wav,hondarribia_hon-069-021_008.wav,navarrese,hizlariak,hondarribia,hon-069-021,1.47
data/processed/speech/ahotsak_subset/segments/hondarribia_hon-069-021_009.wav,hondarribia_hon-069-021_009.wav,navarrese,hizlariak,hondarribia,hon-069-021,1.18
data/processed/speech/ahotsak_subset/segments/hondarribia_hon-069-021_010.wav,hondarribia_hon-069-021_010.wav,navarrese,hizlariak,hondarribia,hon-069-021,5.38
data/processed/speech/ahotsak_subset/segments/hondarribia_hon-069-021_011.wav,hondarribia_hon-069-021_011.wav,navarrese,hizlariak,hondarribia,hon-069-021,1.63
data/processed/speech/ahotsak_subset/segments/hondarribia_hon-069-021_012.wav,hondarribia_hon-069-021_012.wav,navarrese,hizlariak,hondarribia,hon-069-021,3.49
data/processed/speech/ahotsak_subset/segments/hondarribia_hon-069-021_013.wav,hondarribia_hon-069-021_013.wav,navarrese,hizlariak,hondarribia,hon-069-021,2.02
data/processed/speech/ahotsak_subset/segments/hondarribia_hon-069-021_014.wav,hondarribia_hon-069-021_014.wav,navarrese,hizlariak,hondarribia,hon-069-021,4.38
data/processed/speech/ahotsak_subset/segments/hondarribia_hon-069-021_015.wav,hondarribia_hon-069-021_015.wav,navarrese,hizlariak,hondarribia,hon-069-021,2.53
data/processed/speech/ahotsak_subset/segments/hondarribia_hon-069-021_016.wav,hondarribia_hon-069-021_016.wav,navarrese,hizlariak,hondarribia,hon-069-021,1.09
data/processed/speech/ahotsak_subset/segments/hondarribia_hon-069-021_017.wav,hondarribia_hon-069-021_017.wav,navarrese,hizlariak,hondarribia,hon-069-021,5.63
data/processed/speech/ahotsak_subset/segments/hondarribia_hon-069-021_018.wav,hondarribia_hon-069-021_018.wav,navarrese,hizlariak,hondarribia,hon-069-021,1.34
data/processed/speech/ahotsak_subset/segments/hondarribia_hon-069-021_019.wav,hondarribia_hon-069-021_019.wav,navarrese,hizlariak,hondarribia,hon-069-021,2.02
data/processed/speech/ahotsak_subset/segments/hondarribia_hon-069-021_020.wav,hondarribia_hon-069-021_020.wav,navarrese,hizlariak,hondarribia,hon-069-021,1.34
data/processed/speech/ahotsak_subset/segments/hondarribia_hon-069-021_021.wav,hondarribia_hon-069-021_021.wav,navarrese,hizlariak,hondarribia,hon-069-021,2.98
data/processed/speech/ahotsak_subset/segments/hondarribia_hon-069-021_022.wav,hondarribia_hon-069-021_022.wav,navarrese,hizlariak,hondarribia,hon-069-021,1.63
data/processed/speech/ahotsak_subset/segments/hondarribia_hon-069-021_023.wav,hondarribia_hon-069-021_023.wav,navarrese,hizlariak,hondarribia,hon-069-021,1.73
data/processed/speech/ahotsak_subset/segments/hondarribia_hon-069-021_024.wav,hondarribia_hon-069-021_024.wav,navarrese,hizlariak,hondarribia,hon-069-021,1.34
data/processed/speech/ahotsak_subset/segments/hondarribia_hon-069-021_025.wav,hondarribia_hon-069-021_025.wav,navarrese,hizlariak,hondarribia,hon-069-021,3.1
data/processed/speech/ahotsak_subset/segments/hondarribia_hon-069-021_026.wav,hondarribia_hon-069-021_026.wav,navarrese,hizlariak,hondarribia,hon-069-021,3.58
data/processed/speech/ahotsak_subset/segments/hondarribia_hon-069-021_027.wav,hondarribia_hon-069-021_027.wav,navarrese,hizlariak,hondarribia,hon-069-021,1.28
data/processed/speech/ahotsak_subset/segments/hondarribia_hon-069-021_028.wav,hondarribia_hon-069-021_028.wav,navarrese,hizlariak,hondarribia,hon-069-021,2.72
data/processed/speech/ahotsak_subset/segments/hondarribia_hon-069-021_029.wav,hondarribia_hon-069-021_029.wav,navarrese,hizlariak,hondarribia,hon-069-021,2.18
data/processed/speech/ahotsak_subset/segments/hondarribia_hon-069-021_030.wav,hondarribia_hon-069-021_030.wav,navarrese,hizlariak,hondarribia,hon-069-021,1.02
data/processed/speech/ahotsak_subset/segments/hondarribia_hon-069-021_031.wav,hondarribia_hon-069-021_031.wav,navarrese,hizlariak,hondarribia,hon-069-021,2.75
data/processed/speech/ahotsak_subset/segments/hondarribia_hon-069-021_032.wav,hondarribia_hon-069-021_032.wav,navarrese,hizlariak,hondarribia,hon-069-021,2.43
data/processed/speech/ahotsak_subset/segments/hondarribia_hon-069-021_033.wav,hondarribia_hon-069-021_033.wav,navarrese,hizlariak,hondarribia,hon-069-021,3.9
data/processed/speech/ahotsak_subset/segments/hondarribia_hon-069-021_034.wav,hondarribia_hon-069-021_034.wav,navarrese,hizlariak,hondarribia,hon-069-021,1.09
data/processed/speech/ahotsak_subset/segments/hondarribia_hon-069-021_035.wav,hondarribia_hon-069-021_035.wav,navarrese,hizlariak,hondarribia,hon-069-021,1.5
data/processed/speech/ahotsak_subset/segments/hondarribia_hon-069-021_036.wav,hondarribia_hon-069-021_036.wav,navarrese,hizlariak,hondarribia,hon-069-021,1.82
data/processed/speech/ahotsak_subset/segments/hondarribia_hon-069-021_037.wav,hondarribia_hon-069-021_037.wav,navarrese,hizlariak,hondarribia,hon-069-021,1.34
data/processed/speech/ahotsak_subset/segments/hondarribia_hon-069-021_038.wav,hondarribia_hon-069-021_038.wav,navarrese,hizlariak,hondarribia,hon-069-021,1.73
data/processed/speech/ahotsak_subset/segments/hondarribia_hon-069-021_039.wav,hondarribia_hon-069-021_039.wav,navarrese,hizlariak,hondarribia,hon-069-021,1.73
data/processed/speech/ahotsak_subset/segments/hondarribia_hon-069-021_040.wav,hondarribia_hon-069-021_040.wav,navarrese,hizlariak,hondarribia,hon-069-021,1.02
data/processed/speech/ahotsak_subset/segments/hondarribia_hon-069-021_041.wav,hondarribia_hon-069-021_041.wav,navarrese,hizlariak,hondarribia,hon-069-021,4.45
data/processed/speech/ahotsak_subset/segments/hondarribia_hon-069-021_042.wav,hondarribia_hon-069-021_042.wav,navarrese,hizlariak,hondarribia,hon-069-021,1.82
data/processed/speech/ahotsak_subset/segments/hondarribia_hon-069-021_043.wav,hondarribia_hon-069-021_043.wav,navarrese,hizlariak,hondarribia,hon-069-021,1.82
data/processed/speech/ahotsak_subset/segments/hondarribia_hon-069-021_044.wav,hondarribia_hon-069-021_044.wav,navarrese,hizlariak,hondarribia,hon-069-021,9.47
data/processed/speech/ahotsak_subset/segments/hondarribia_hon-069-021_045.wav,hondarribia_hon-069-021_045.wav,navarrese,hizlariak,hondarribia,hon-069-021,4.13
data/processed/speech/ahotsak_subset/segments/hondarribia_hon-069-021_046.wav,hondarribia_hon-069-021_046.wav,navarrese,hizlariak,hondarribia,hon-069-021,1.02
data/processed/speech/ahotsak_subset/segments/hondarribia_hon-069-021_047.wav,hondarribia_hon-069-021_047.wav,navarrese,hizlariak,hondarribia,hon-069-021,1.18
data/processed/speech/ahotsak_subset/segments/hondarribia_hon-069-021_048.wav,hondarribia_hon-069-021_048.wav,navarrese,hizlariak,hondarribia,hon-069-021,6.88
data/processed/speech/ahotsak_subset/segments/hondarribia_hon-069-021_049.wav,hondarribia_hon-069-021_049.wav,navarrese,hizlariak,hondarribia,hon-069-021,3.71
data/processed/speech/ahotsak_subset/segments/hondarribia_hon-069-024_000.wav,hondarribia_hon-069-024_000.wav,navarrese,hizlariak,hondarribia,hon-069-024,1.12
data/processed/speech/ahotsak_subset/segments/hondarribia_hon-069-024_001.wav,hondarribia_hon-069-024_001.wav,navarrese,hizlariak,hondarribia,hon-069-024,1.34
data/processed/speech/ahotsak_subset/segments/hondarribia_hon-069-024_002.wav,hondarribia_hon-069-024_002.wav,navarrese,hizlariak,hondarribia,hon-069-024,4.22
data/processed/speech/ahotsak_subset/segments/hondarribia_hon-069-024_003.wav,hondarribia_hon-069-024_003.wav,navarrese,hizlariak,hondarribia,hon-069-024,1.86
data/processed/speech/ahotsak_subset/segments/hondarribia_hon-069-024_004.wav,hondarribia_hon-069-024_004.wav,navarrese,hizlariak,hondarribia,hon-069-024,3.9
data/processed/speech/ahotsak_subset/segments/hondarribia_hon-069-024_005.wav,hondarribia_hon-069-024_005.wav,navarrese,hizlariak,hondarribia,hon-069-024,1.76
data/processed/speech/ahotsak_subset/segments/hondarribia_hon-069-024_006.wav,hondarribia_hon-069-024_006.wav,navarrese,hizlariak,hondarribia,hon-069-024,2.05
data/processed/speech/ahotsak_subset/segments/hondarribia_hon-069-024_007.wav,hondarribia_hon-069-024_007.wav,navarrese,hizlariak,hondarribia,hon-069-024,1.57
data/processed/speech/ahotsak_subset/segments/hondarribia_hon-069-024_008.wav,hondarribia_hon-069-024_008.wav,navarrese,hizlariak,hondarribia,hon-069-024,2.46
data/processed/speech/ahotsak_subset/segments/hondarribia_hon-069-024_009.wav,hondarribia_hon-069-024_009.wav,navarrese,hizlariak,hondarribia,hon-069-024,3.42
data/processed/speech/ahotsak_subset/segments/hondarribia_hon-069-024_010.wav,hondarribia_hon-069-024_010.wav,navarrese,hizlariak,hondarribia,hon-069-024,2.82
data/processed/speech/ahotsak_subset/segments/hondarribia_hon-069-024_011.wav,hondarribia_hon-069-024_011.wav,navarrese,hizlariak,hondarribia,hon-069-024,2.85
data/processed/speech/ahotsak_subset/segments/hondarribia_hon-069-024_012.wav,hondarribia_hon-069-024_012.wav,navarrese,hizlariak,hondarribia,hon-069-024,3.3
data/processed/speech/ahotsak_subset/segments/hondarribia_hon-069-024_013.wav,hondarribia_hon-069-024_013.wav,navarrese,hizlariak,hondarribia,hon-069-024,2.82
data/processed/speech/ahotsak_subset/segments/hondarribia_hon-069-024_014.wav,hondarribia_hon-069-024_014.wav,navarrese,hizlariak,hondarribia,hon-069-024,15.0
data/processed/speech/ahotsak_subset/segments/hondarribia_hon-069-024_015.wav,hondarribia_hon-069-024_015.wav,navarrese,hizlariak,hondarribia,hon-069-024,3.5
data/processed/speech/ahotsak_subset/segments/hondarribia_hon-069-024_016.wav,hondarribia_hon-069-024_016.wav,navarrese,hizlariak,hondarribia,hon-069-024,1.73
data/processed/speech/ahotsak_subset/segments/hondarribia_hon-069-024_017.wav,hondarribia_hon-069-024_017.wav,navarrese,hizlariak,hondarribia,hon-069-024,2.75
data/processed/speech/ahotsak_subset/segments/hondarribia_hon-069-024_018.wav,hondarribia_hon-069-024_018.wav,navarrese,hizlariak,hondarribia,hon-069-024,1.82
data/processed/speech/ahotsak_subset/segments/hondarribia_hon-069-024_019.wav,hondarribia_hon-069-024_019.wav,navarrese,hizlariak,hondarribia,hon-069-024,2.02
data/processed/speech/ahotsak_subset/segments/hondarribia_hon-069-024_020.wav,hondarribia_hon-069-024_020.wav,navarrese,hizlariak,hondarribia,hon-069-024,1.82
data/processed/speech/ahotsak_subset/segments/hondarribia_hon-069-024_021.wav,hondarribia_hon-069-024_021.wav,navarrese,hizlariak,hondarribia,hon-069-024,1.92
data/processed/speech/ahotsak_subset/segments/hondarribia_hon-069-024_022.wav,hondarribia_hon-069-024_022.wav,navarrese,hizlariak,hondarribia,hon-069-024,2.14
data/processed/speech/ahotsak_subset/segments/hondarribia_hon-069-024_023.wav,hondarribia_hon-069-024_023.wav,navarrese,hizlariak,hondarribia,hon-069-024,12.86
data/processed/speech/ahotsak_subset/segments/hondarribia_hon-069-024_024.wav,hondarribia_hon-069-024_024.wav,navarrese,hizlariak,hondarribia,hon-069-024,7.07
data/processed/speech/ahotsak_subset/segments/hondarribia_hon-069-024_025.wav,hondarribia_hon-069-024_025.wav,navarrese,hizlariak,hondarribia,hon-069-024,3.23
data/processed/speech/ahotsak_subset/segments/hondarribia_hon-069-024_026.wav,hondarribia_hon-069-024_026.wav,navarrese,hizlariak,hondarribia,hon-069-024,2.59
data/processed/speech/ahotsak_subset/segments/hondarribia_hon-069-024_027.wav,hondarribia_hon-069-024_027.wav,navarrese,hizlariak,hondarribia,hon-069-024,1.44
data/processed/speech/ahotsak_subset/segments/hondarribia_hon-069-024_028.wav,hondarribia_hon-069-024_028.wav,navarrese,hizlariak,hondarribia,hon-069-024,4.54
data/processed/speech/ahotsak_subset/segments/hondarribia_hon-069-024_029.wav,hondarribia_hon-069-024_029.wav,navarrese,hizlariak,hondarribia,hon-069-024,1.7
data/processed/speech/ahotsak_subset/segments/hondarribia_hon-069-024_030.wav,hondarribia_hon-069-024_030.wav,navarrese,hizlariak,hondarribia,hon-069-024,6.02
data/processed/speech/ahotsak_subset/segments/hondarribia_hon-069-024_031.wav,hondarribia_hon-069-024_031.wav,navarrese,hizlariak,hondarribia,hon-069-024,5.12
data/processed/speech/ahotsak_subset/segments/hondarribia_hon-077-009_000.wav,hondarribia_hon-077-009_000.wav,navarrese,hizlariak,hondarribia,hon-077-009,1.47
data/processed/speech/ahotsak_subset/segments/hondarribia_hon-077-009_001.wav,hondarribia_hon-077-009_001.wav,navarrese,hizlariak,hondarribia,hon-077-009,6.3
data/processed/speech/ahotsak_subset/segments/hondarribia_hon-077-009_002.wav,hondarribia_hon-077-009_002.wav,navarrese,hizlariak,hondarribia,hon-077-009,1.47
data/processed/speech/ahotsak_subset/segments/hondarribia_hon-077-009_003.wav,hondarribia_hon-077-009_003.wav,navarrese,hizlariak,hondarribia,hon-077-009,1.09
data/processed/speech/ahotsak_subset/segments/hondarribia_hon-077-009_004.wav,hondarribia_hon-077-009_004.wav,navarrese,hizlariak,hondarribia,hon-077-009,2.11
data/processed/speech/ahotsak_subset/segments/hondarribia_hon-077-009_005.wav,hondarribia_hon-077-009_005.wav,navarrese,hizlariak,hondarribia,hon-077-009,7.1
data/processed/speech/ahotsak_subset/segments/hondarribia_hon-077-009_006.wav,hondarribia_hon-077-009_006.wav,navarrese,hizlariak,hondarribia,hon-077-009,1.82
data/processed/speech/ahotsak_subset/segments/hondarribia_hon-077-009_007.wav,hondarribia_hon-077-009_007.wav,navarrese,hizlariak,hondarribia,hon-077-009,4.19
data/processed/speech/ahotsak_subset/segments/hondarribia_hon-077-009_008.wav,hondarribia_hon-077-009_008.wav,navarrese,hizlariak,hondarribia,hon-077-009,8.26
data/processed/speech/ahotsak_subset/segments/hondarribia_hon-077-009_009.wav,hondarribia_hon-077-009_009.wav,navarrese,hizlariak,hondarribia,hon-077-009,2.85
data/processed/speech/ahotsak_subset/segments/hondarribia_hon-077-009_010.wav,hondarribia_hon-077-009_010.wav,navarrese,hizlariak,hondarribia,hon-077-009,7.65
data/processed/speech/ahotsak_subset/segments/hondarribia_hon-077-009_011.wav,hondarribia_hon-077-009_011.wav,navarrese,hizlariak,hondarribia,hon-077-009,3.87
data/processed/speech/ahotsak_subset/segments/hondarribia_hon-077-009_012.wav,hondarribia_hon-077-009_012.wav,navarrese,hizlariak,hondarribia,hon-077-009,1.54
data/processed/speech/ahotsak_subset/segments/hondarribia_hon-077-009_013.wav,hondarribia_hon-077-009_013.wav,navarrese,hizlariak,hondarribia,hon-077-009,5.7
data/processed/speech/ahotsak_subset/segments/hondarribia_hon-077-009_014.wav,hondarribia_hon-077-009_014.wav,navarrese,hizlariak,hondarribia,hon-077-009,1.18
data/processed/speech/ahotsak_subset/segments/hondarribia_hon-077-009_015.wav,hondarribia_hon-077-009_015.wav,navarrese,hizlariak,hondarribia,hon-077-009,7.58
data/processed/speech/ahotsak_subset/segments/hondarribia_hon-077-009_016.wav,hondarribia_hon-077-009_016.wav,navarrese,hizlariak,hondarribia,hon-077-009,1.95
data/processed/speech/ahotsak_subset/segments/hondarribia_hon-077-009_017.wav,hondarribia_hon-077-009_017.wav,navarrese,hizlariak,hondarribia,hon-077-009,3.36
data/processed/speech/ahotsak_subset/segments/hondarribia_hon-077-009_018.wav,hondarribia_hon-077-009_018.wav,navarrese,hizlariak,hondarribia,hon-077-009,1.86
data/processed/speech/ahotsak_subset/segments/hondarribia_hon-077-009_019.wav,hondarribia_hon-077-009_019.wav,navarrese,hizlariak,hondarribia,hon-077-009,3.87
data/processed/speech/ahotsak_subset/segments/hondarribia_hon-077-009_020.wav,hondarribia_hon-077-009_020.wav,navarrese,hizlariak,hondarribia,hon-077-009,2.59
data/processed/speech/ahotsak_subset/segments/hondarribia_hon-077-009_021.wav,hondarribia_hon-077-009_021.wav,navarrese,hizlariak,hondarribia,hon-077-009,3.1
data/processed/speech/ahotsak_subset/segments/hondarribia_hon-077-009_022.wav,hondarribia_hon-077-009_022.wav,navarrese,hizlariak,hondarribia,hon-077-009,3.33
data/processed/speech/ahotsak_subset/segments/hondarribia_hon-077-009_023.wav,hondarribia_hon-077-009_023.wav,navarrese,hizlariak,hondarribia,hon-077-009,1.7
data/processed/speech/ahotsak_subset/segments/hondarribia_hon-077-009_024.wav,hondarribia_hon-077-009_024.wav,navarrese,hizlariak,hondarribia,hon-077-009,3.23
data/processed/speech/ahotsak_subset/segments/hondarribia_hon-077-009_025.wav,hondarribia_hon-077-009_025.wav,navarrese,hizlariak,hondarribia,hon-077-009,3.65
data/processed/speech/ahotsak_subset/segments/hondarribia_hon-077-009_026.wav,hondarribia_hon-077-009_026.wav,navarrese,hizlariak,hondarribia,hon-077-009,4.67
data/processed/speech/ahotsak_subset/segments/hondarribia_hon-077-009_027.wav,hondarribia_hon-077-009_027.wav,navarrese,hizlariak,hondarribia,hon-077-009,3.17
data/processed/speech/ahotsak_subset/segments/hondarribia_hon-077-009_028.wav,hondarribia_hon-077-009_028.wav,navarrese,hizlariak,hondarribia,hon-077-009,5.92
data/processed/speech/ahotsak_subset/segments/hondarribia_hon-077-009_029.wav,hondarribia_hon-077-009_029.wav,navarrese,hizlariak,hondarribia,hon-077-009,4.45
data/processed/speech/ahotsak_subset/segments/hondarribia_hon-077-009_030.wav,hondarribia_hon-077-009_030.wav,navarrese,hizlariak,hondarribia,hon-077-009,7.14
data/processed/speech/ahotsak_subset/segments/hondarribia_hon-077-009_031.wav,hondarribia_hon-077-009_031.wav,navarrese,hizlariak,hondarribia,hon-077-009,4.51
data/processed/speech/ahotsak_subset/segments/hondarribia_hon-077-009_032.wav,hondarribia_hon-077-009_032.wav,navarrese,hizlariak,hondarribia,hon-077-009,2.14
data/processed/speech/ahotsak_subset/segments/hondarribia_hon-077-009_033.wav,hondarribia_hon-077-009_033.wav,navarrese,hizlariak,hondarribia,hon-077-009,1.02
data/processed/speech/ahotsak_subset/segments/hondarribia_hon-077-009_034.wav,hondarribia_hon-077-009_034.wav,navarrese,hizlariak,hondarribia,hon-077-009,7.68
data/processed/speech/ahotsak_subset/segments/hondarribia_hon-077-009_035.wav,hondarribia_hon-077-009_035.wav,navarrese,hizlariak,hondarribia,hon-077-009,11.33
data/processed/speech/ahotsak_subset/segments/hondarribia_hon-077-009_036.wav,hondarribia_hon-077-009_036.wav,navarrese,hizlariak,hondarribia,hon-077-009,1.18
data/processed/speech/ahotsak_subset/segments/hondarribia_hon-077-018_000.wav,hondarribia_hon-077-018_000.wav,navarrese,hizlariak,hondarribia,hon-077-018,8.06
data/processed/speech/ahotsak_subset/segments/hondarribia_hon-077-018_001.wav,hondarribia_hon-077-018_001.wav,navarrese,hizlariak,hondarribia,hon-077-018,1.47
data/processed/speech/ahotsak_subset/segments/hondarribia_hon-077-018_002.wav,hondarribia_hon-077-018_002.wav,navarrese,hizlariak,hondarribia,hon-077-018,1.6
data/processed/speech/ahotsak_subset/segments/hondarribia_hon-077-018_003.wav,hondarribia_hon-077-018_003.wav,navarrese,hizlariak,hondarribia,hon-077-018,1.98
data/processed/speech/ahotsak_subset/segments/hondarribia_hon-077-018_004.wav,hondarribia_hon-077-018_004.wav,navarrese,hizlariak,hondarribia,hon-077-018,9.18
data/processed/speech/ahotsak_subset/segments/hondarribia_hon-077-018_005.wav,hondarribia_hon-077-018_005.wav,navarrese,hizlariak,hondarribia,hon-077-018,7.39
data/processed/speech/ahotsak_subset/segments/hondarribia_hon-077-018_006.wav,hondarribia_hon-077-018_006.wav,navarrese,hizlariak,hondarribia,hon-077-018,5.25
data/processed/speech/ahotsak_subset/segments/hondarribia_hon-077-018_007.wav,hondarribia_hon-077-018_007.wav,navarrese,hizlariak,hondarribia,hon-077-018,6.37
data/processed/speech/ahotsak_subset/segments/hondarribia_hon-077-018_008.wav,hondarribia_hon-077-018_008.wav,navarrese,hizlariak,hondarribia,hon-077-018,1.66
data/processed/speech/ahotsak_subset/segments/hondarribia_hon-077-018_009.wav,hondarribia_hon-077-018_009.wav,navarrese,hizlariak,hondarribia,hon-077-018,2.18
data/processed/speech/ahotsak_subset/segments/hondarribia_hon-077-018_010.wav,hondarribia_hon-077-018_010.wav,navarrese,hizlariak,hondarribia,hon-077-018,3.33
data/processed/speech/ahotsak_subset/segments/hondarribia_hon-077-018_011.wav,hondarribia_hon-077-018_011.wav,navarrese,hizlariak,hondarribia,hon-077-018,1.22
data/processed/speech/ahotsak_subset/segments/hondarribia_hon-077-018_012.wav,hondarribia_hon-077-018_012.wav,navarrese,hizlariak,hondarribia,hon-077-018,1.34
data/processed/speech/ahotsak_subset/segments/hondarribia_hon-077-018_013.wav,hondarribia_hon-077-018_013.wav,navarrese,hizlariak,hondarribia,hon-077-018,15.0
data/processed/speech/ahotsak_subset/segments/hondarribia_hon-077-018_014.wav,hondarribia_hon-077-018_014.wav,navarrese,hizlariak,hondarribia,hon-077-018,7.78
data/processed/speech/ahotsak_subset/segments/hondarribia_hon-077-018_015.wav,hondarribia_hon-077-018_015.wav,navarrese,hizlariak,hondarribia,hon-077-018,4.86
data/processed/speech/ahotsak_subset/segments/hondarribia_hon-077-018_016.wav,hondarribia_hon-077-018_016.wav,navarrese,hizlariak,hondarribia,hon-077-018,3.33
data/processed/speech/ahotsak_subset/segments/hondarribia_hon-077-018_017.wav,hondarribia_hon-077-018_017.wav,navarrese,hizlariak,hondarribia,hon-077-018,4.48
data/processed/speech/ahotsak_subset/segments/hondarribia_hon-077-018_018.wav,hondarribia_hon-077-018_018.wav,navarrese,hizlariak,hondarribia,hon-077-018,5.25
data/processed/speech/ahotsak_subset/segments/hondarribia_hon-077-018_019.wav,hondarribia_hon-077-018_019.wav,navarrese,hizlariak,hondarribia,hon-077-018,6.27
data/processed/speech/ahotsak_subset/segments/hondarribia_hon-077-018_020.wav,hondarribia_hon-077-018_020.wav,navarrese,hizlariak,hondarribia,hon-077-018,2.14
data/processed/speech/ahotsak_subset/segments/hondarribia_hon-077-018_021.wav,hondarribia_hon-077-018_021.wav,navarrese,hizlariak,hondarribia,hon-077-018,2.14
data/processed/speech/ahotsak_subset/segments/hondarribia_hon-077-018_022.wav,hondarribia_hon-077-018_022.wav,navarrese,hizlariak,hondarribia,hon-077-018,5.18
data/processed/speech/ahotsak_subset/segments/hondarribia_hon-077-018_023.wav,hondarribia_hon-077-018_023.wav,navarrese,hizlariak,hondarribia,hon-077-018,5.63
data/processed/speech/ahotsak_subset/segments/hondarribia_hon-077-018_024.wav,hondarribia_hon-077-018_024.wav,navarrese,hizlariak,hondarribia,hon-077-018,1.28
data/processed/speech/ahotsak_subset/segments/hondarribia_hon-077-018_025.wav,hondarribia_hon-077-018_025.wav,navarrese,hizlariak,hondarribia,hon-077-018,2.72
data/processed/speech/ahotsak_subset/segments/hondarribia_hon-077-023_000.wav,hondarribia_hon-077-023_000.wav,navarrese,hizlariak,hondarribia,hon-077-023,4.48
data/processed/speech/ahotsak_subset/segments/hondarribia_hon-077-023_001.wav,hondarribia_hon-077-023_001.wav,navarrese,hizlariak,hondarribia,hon-077-023,6.72
data/processed/speech/ahotsak_subset/segments/hondarribia_hon-077-023_002.wav,hondarribia_hon-077-023_002.wav,navarrese,hizlariak,hondarribia,hon-077-023,2.62
data/processed/speech/ahotsak_subset/segments/hondarribia_hon-077-023_003.wav,hondarribia_hon-077-023_003.wav,navarrese,hizlariak,hondarribia,hon-077-023,11.3
data/processed/speech/ahotsak_subset/segments/hondarribia_hon-077-023_004.wav,hondarribia_hon-077-023_004.wav,navarrese,hizlariak,hondarribia,hon-077-023,2.18
data/processed/speech/ahotsak_subset/segments/hondarribia_hon-077-023_005.wav,hondarribia_hon-077-023_005.wav,navarrese,hizlariak,hondarribia,hon-077-023,2.43
data/processed/speech/ahotsak_subset/segments/hondarribia_hon-077-023_006.wav,hondarribia_hon-077-023_006.wav,navarrese,hizlariak,hondarribia,hon-077-023,2.88
data/processed/speech/ahotsak_subset/segments/hondarribia_hon-077-023_007.wav,hondarribia_hon-077-023_007.wav,navarrese,hizlariak,hondarribia,hon-077-023,4.77
data/processed/speech/ahotsak_subset/segments/hondarribia_hon-077-023_008.wav,hondarribia_hon-077-023_008.wav,navarrese,hizlariak,hondarribia,hon-077-023,4.38
data/processed/speech/ahotsak_subset/segments/hondarribia_hon-077-023_009.wav,hondarribia_hon-077-023_009.wav,navarrese,hizlariak,hondarribia,hon-077-023,1.09
data/processed/speech/ahotsak_subset/segments/hondarribia_hon-077-023_010.wav,hondarribia_hon-077-023_010.wav,navarrese,hizlariak,hondarribia,hon-077-023,1.18
data/processed/speech/ahotsak_subset/segments/hondarribia_hon-077-023_011.wav,hondarribia_hon-077-023_011.wav,navarrese,hizlariak,hondarribia,hon-077-023,1.5
data/processed/speech/ahotsak_subset/segments/hondarribia_hon-077-023_012.wav,hondarribia_hon-077-023_012.wav,navarrese,hizlariak,hondarribia,hon-077-023,1.47
data/processed/speech/ahotsak_subset/segments/hondarribia_hon-077-023_013.wav,hondarribia_hon-077-023_013.wav,navarrese,hizlariak,hondarribia,hon-077-023,2.27
data/processed/speech/ahotsak_subset/segments/hondarribia_hon-077-023_014.wav,hondarribia_hon-077-023_014.wav,navarrese,hizlariak,hondarribia,hon-077-023,1.28
data/processed/speech/ahotsak_subset/segments/hondarribia_hon-077-023_015.wav,hondarribia_hon-077-023_015.wav,navarrese,hizlariak,hondarribia,hon-077-023,2.46
data/processed/speech/ahotsak_subset/segments/hondarribia_hon-077-023_016.wav,hondarribia_hon-077-023_016.wav,navarrese,hizlariak,hondarribia,hon-077-023,1.92
data/processed/speech/ahotsak_subset/segments/hondarribia_hon-077-023_017.wav,hondarribia_hon-077-023_017.wav,navarrese,hizlariak,hondarribia,hon-077-023,3.1
data/processed/speech/ahotsak_subset/segments/hondarribia_hon-077-023_018.wav,hondarribia_hon-077-023_018.wav,navarrese,hizlariak,hondarribia,hon-077-023,6.08
data/processed/speech/ahotsak_subset/segments/hondarribia_hon-077-023_019.wav,hondarribia_hon-077-023_019.wav,navarrese,hizlariak,hondarribia,hon-077-023,1.6
data/processed/speech/ahotsak_subset/segments/hondarribia_hon-077-023_020.wav,hondarribia_hon-077-023_020.wav,navarrese,hizlariak,hondarribia,hon-077-023,6.18
data/processed/speech/ahotsak_subset/segments/hondarribia_hon-077-023_021.wav,hondarribia_hon-077-023_021.wav,navarrese,hizlariak,hondarribia,hon-077-023,2.82
data/processed/speech/ahotsak_subset/segments/hondarribia_hon-077-023_022.wav,hondarribia_hon-077-023_022.wav,navarrese,hizlariak,hondarribia,hon-077-023,1.95
data/processed/speech/ahotsak_subset/segments/hondarribia_hon-077-023_023.wav,hondarribia_hon-077-023_023.wav,navarrese,hizlariak,hondarribia,hon-077-023,1.86
data/processed/speech/ahotsak_subset/segments/hondarribia_hon-077-023_024.wav,hondarribia_hon-077-023_024.wav,navarrese,hizlariak,hondarribia,hon-077-023,6.34
data/processed/speech/ahotsak_subset/segments/hondarribia_hon-077-023_025.wav,hondarribia_hon-077-023_025.wav,navarrese,hizlariak,hondarribia,hon-077-023,2.59
data/processed/speech/ahotsak_subset/segments/hondarribia_hon-077-023_026.wav,hondarribia_hon-077-023_026.wav,navarrese,hizlariak,hondarribia,hon-077-023,6.53
data/processed/speech/ahotsak_subset/segments/hondarribia_hon-077-023_027.wav,hondarribia_hon-077-023_027.wav,navarrese,hizlariak,hondarribia,hon-077-023,6.53
data/processed/speech/ahotsak_subset/segments/hondarribia_hon-077-023_028.wav,hondarribia_hon-077-023_028.wav,navarrese,hizlariak,hondarribia,hon-077-023,2.02
data/processed/speech/ahotsak_subset/segments/hondarribia_hon-077-023_029.wav,hondarribia_hon-077-023_029.wav,navarrese,hizlariak,hondarribia,hon-077-023,1.89
data/processed/speech/ahotsak_subset/segments/hondarribia_hon-077-023_030.wav,hondarribia_hon-077-023_030.wav,navarrese,hizlariak,hondarribia,hon-077-023,1.18
data/processed/speech/ahotsak_subset/segments/hondarribia_hon-077-023_031.wav,hondarribia_hon-077-023_031.wav,navarrese,hizlariak,hondarribia,hon-077-023,1.09
data/processed/speech/ahotsak_subset/segments/hondarribia_hon-077-023_032.wav,hondarribia_hon-077-023_032.wav,navarrese,hizlariak,hondarribia,hon-077-023,1.18
data/processed/speech/ahotsak_subset/segments/hondarribia_hon-077-023_033.wav,hondarribia_hon-077-023_033.wav,navarrese,hizlariak,hondarribia,hon-077-023,4.13
data/processed/speech/ahotsak_subset/segments/hondarribia_hon-077-023_034.wav,hondarribia_hon-077-023_034.wav,navarrese,hizlariak,hondarribia,hon-077-023,1.18
data/processed/speech/ahotsak_subset/segments/hondarribia_hon-077-023_035.wav,hondarribia_hon-077-023_035.wav,navarrese,hizlariak,hondarribia,hon-077-023,1.92
data/processed/speech/ahotsak_subset/segments/hondarribia_hon-077-023_036.wav,hondarribia_hon-077-023_036.wav,navarrese,hizlariak,hondarribia,hon-077-023,3.81
data/processed/speech/ahotsak_subset/segments/hondarribia_hon-077-023_037.wav,hondarribia_hon-077-023_037.wav,navarrese,hizlariak,hondarribia,hon-077-023,4.77
data/processed/speech/ahotsak_subset/segments/hondarribia_hon-077-023_038.wav,hondarribia_hon-077-023_038.wav,navarrese,hizlariak,hondarribia,hon-077-023,1.73
data/processed/speech/ahotsak_subset/segments/hondarribia_hon-077-023_039.wav,hondarribia_hon-077-023_039.wav,navarrese,hizlariak,hondarribia,hon-077-023,2.69
data/processed/speech/ahotsak_subset/segments/hondarribia_hon-077-023_040.wav,hondarribia_hon-077-023_040.wav,navarrese,hizlariak,hondarribia,hon-077-023,1.5
data/processed/speech/ahotsak_subset/segments/hondarribia_hon-077-023_041.wav,hondarribia_hon-077-023_041.wav,navarrese,hizlariak,hondarribia,hon-077-023,1.09
data/processed/speech/ahotsak_subset/segments/hondarribia_hon-077-023_042.wav,hondarribia_hon-077-023_042.wav,navarrese,hizlariak,hondarribia,hon-077-023,3.23
data/processed/speech/ahotsak_subset/segments/hondarribia_hon-077-023_043.wav,hondarribia_hon-077-023_043.wav,navarrese,hizlariak,hondarribia,hon-077-023,2.69
data/processed/speech/ahotsak_subset/segments/hondarribia_hon-077-023_044.wav,hondarribia_hon-077-023_044.wav,navarrese,hizlariak,hondarribia,hon-077-023,1.6
data/processed/speech/ahotsak_subset/segments/hondarribia_hon-077-023_045.wav,hondarribia_hon-077-023_045.wav,navarrese,hizlariak,hondarribia,hon-077-023,4.42
data/processed/speech/ahotsak_subset/segments/hondarribia_hon-077-023_046.wav,hondarribia_hon-077-023_046.wav,navarrese,hizlariak,hondarribia,hon-077-023,5.02
data/processed/speech/ahotsak_subset/segments/errenteria_err-013-042_000.wav,errenteria_err-013-042_000.wav,navarrese,hizlariak,errenteria,err-013-042,15.0
data/processed/speech/ahotsak_subset/segments/errenteria_err-013-042_001.wav,errenteria_err-013-042_001.wav,navarrese,hizlariak,errenteria,err-013-042,5.66
data/processed/speech/ahotsak_subset/segments/errenteria_err-013-042_002.wav,errenteria_err-013-042_002.wav,navarrese,hizlariak,errenteria,err-013-042,7.1
data/processed/speech/ahotsak_subset/segments/errenteria_err-013-042_003.wav,errenteria_err-013-042_003.wav,navarrese,hizlariak,errenteria,err-013-042,8.8
data/processed/speech/ahotsak_subset/segments/errenteria_err-013-042_004.wav,errenteria_err-013-042_004.wav,navarrese,hizlariak,errenteria,err-013-042,12.61
data/processed/speech/ahotsak_subset/segments/errenteria_err-013-042_005.wav,errenteria_err-013-042_005.wav,navarrese,hizlariak,errenteria,err-013-042,15.0
data/processed/speech/ahotsak_subset/segments/errenteria_err-013-042_006.wav,errenteria_err-013-042_006.wav,navarrese,hizlariak,errenteria,err-013-042,12.23
data/processed/speech/ahotsak_subset/segments/errenteria_err-013-042_007.wav,errenteria_err-013-042_007.wav,navarrese,hizlariak,errenteria,err-013-042,3.39
data/processed/speech/ahotsak_subset/segments/errenteria_err-013-067_000.wav,errenteria_err-013-067_000.wav,navarrese,hizlariak,errenteria,err-013-067,1.28
data/processed/speech/ahotsak_subset/segments/errenteria_err-013-067_001.wav,errenteria_err-013-067_001.wav,navarrese,hizlariak,errenteria,err-013-067,15.0
data/processed/speech/ahotsak_subset/segments/errenteria_err-013-067_002.wav,errenteria_err-013-067_002.wav,navarrese,hizlariak,errenteria,err-013-067,11.37
data/processed/speech/ahotsak_subset/segments/errenteria_err-013-067_003.wav,errenteria_err-013-067_003.wav,navarrese,hizlariak,errenteria,err-013-067,13.89
data/processed/speech/ahotsak_subset/segments/errenteria_err-013-067_004.wav,errenteria_err-013-067_004.wav,navarrese,hizlariak,errenteria,err-013-067,2.24
data/processed/speech/ahotsak_subset/segments/errenteria_err-013-067_005.wav,errenteria_err-013-067_005.wav,navarrese,hizlariak,errenteria,err-013-067,3.84
data/processed/speech/ahotsak_subset/segments/errenteria_err-013-067_006.wav,errenteria_err-013-067_006.wav,navarrese,hizlariak,errenteria,err-013-067,1.18
data/processed/speech/ahotsak_subset/segments/errenteria_err-013-067_007.wav,errenteria_err-013-067_007.wav,navarrese,hizlariak,errenteria,err-013-067,2.78
data/processed/speech/ahotsak_subset/segments/errenteria_err-013-067_008.wav,errenteria_err-013-067_008.wav,navarrese,hizlariak,errenteria,err-013-067,2.66
data/processed/speech/ahotsak_subset/segments/errenteria_err-013-067_009.wav,errenteria_err-013-067_009.wav,navarrese,hizlariak,errenteria,err-013-067,5.73
data/processed/speech/ahotsak_subset/segments/errenteria_err-013-067_010.wav,errenteria_err-013-067_010.wav,navarrese,hizlariak,errenteria,err-013-067,3.2
data/processed/speech/ahotsak_subset/segments/errenteria_err-013-067_011.wav,errenteria_err-013-067_011.wav,navarrese,hizlariak,errenteria,err-013-067,2.24
data/processed/speech/ahotsak_subset/segments/errenteria_err-013-067_012.wav,errenteria_err-013-067_012.wav,navarrese,hizlariak,errenteria,err-013-067,2.27
data/processed/speech/ahotsak_subset/segments/errenteria_err-013-067_013.wav,errenteria_err-013-067_013.wav,navarrese,hizlariak,errenteria,err-013-067,1.7
data/processed/speech/ahotsak_subset/segments/errenteria_err-013-067_014.wav,errenteria_err-013-067_014.wav,navarrese,hizlariak,errenteria,err-013-067,3.14
data/processed/speech/ahotsak_subset/segments/errenteria_err-013-067_015.wav,errenteria_err-013-067_015.wav,navarrese,hizlariak,errenteria,err-013-067,6.53
data/processed/speech/ahotsak_subset/segments/errenteria_err-013-067_016.wav,errenteria_err-013-067_016.wav,navarrese,hizlariak,errenteria,err-013-067,1.98
data/processed/speech/ahotsak_subset/segments/errenteria_err-013-067_017.wav,errenteria_err-013-067_017.wav,navarrese,hizlariak,errenteria,err-013-067,15.0
data/processed/speech/ahotsak_subset/segments/errenteria_err-013-067_018.wav,errenteria_err-013-067_018.wav,navarrese,hizlariak,errenteria,err-013-067,3.02
data/processed/speech/ahotsak_subset/segments/errenteria_err-023-017_000.wav,errenteria_err-023-017_000.wav,navarrese,hizlariak,errenteria,err-023-017,11.84
data/processed/speech/ahotsak_subset/segments/errenteria_err-023-017_001.wav,errenteria_err-023-017_001.wav,navarrese,hizlariak,errenteria,err-023-017,2.34
data/processed/speech/ahotsak_subset/segments/errenteria_err-023-017_002.wav,errenteria_err-023-017_002.wav,navarrese,hizlariak,errenteria,err-023-017,1.7
data/processed/speech/ahotsak_subset/segments/errenteria_err-023-017_003.wav,errenteria_err-023-017_003.wav,navarrese,hizlariak,errenteria,err-023-017,1.5
data/processed/speech/ahotsak_subset/segments/errenteria_err-023-017_004.wav,errenteria_err-023-017_004.wav,navarrese,hizlariak,errenteria,err-023-017,15.0
data/processed/speech/ahotsak_subset/segments/errenteria_err-023-017_005.wav,errenteria_err-023-017_005.wav,navarrese,hizlariak,errenteria,err-023-017,14.69
data/processed/speech/ahotsak_subset/segments/errenteria_err-023-017_006.wav,errenteria_err-023-017_006.wav,navarrese,hizlariak,errenteria,err-023-017,1.66
data/processed/speech/ahotsak_subset/segments/errenteria_err-023-017_007.wav,errenteria_err-023-017_007.wav,navarrese,hizlariak,errenteria,err-023-017,15.0
data/processed/speech/ahotsak_subset/segments/errenteria_err-023-017_008.wav,errenteria_err-023-017_008.wav,navarrese,hizlariak,errenteria,err-023-017,7.85
data/processed/speech/ahotsak_subset/segments/errenteria_err-023-017_009.wav,errenteria_err-023-017_009.wav,navarrese,hizlariak,errenteria,err-023-017,15.0
data/processed/speech/ahotsak_subset/segments/errenteria_err-023-017_010.wav,errenteria_err-023-017_010.wav,navarrese,hizlariak,errenteria,err-023-017,15.0
data/processed/speech/ahotsak_subset/segments/errenteria_err-023-019_000.wav,errenteria_err-023-019_000.wav,navarrese,hizlariak,errenteria,err-023-019,1.09
data/processed/speech/ahotsak_subset/segments/errenteria_err-023-019_001.wav,errenteria_err-023-019_001.wav,navarrese,hizlariak,errenteria,err-023-019,4.48
data/processed/speech/ahotsak_subset/segments/errenteria_err-023-019_002.wav,errenteria_err-023-019_002.wav,navarrese,hizlariak,errenteria,err-023-019,1.22
data/processed/speech/ahotsak_subset/segments/errenteria_err-023-019_003.wav,errenteria_err-023-019_003.wav,navarrese,hizlariak,errenteria,err-023-019,4.96
data/processed/speech/ahotsak_subset/segments/errenteria_err-023-019_004.wav,errenteria_err-023-019_004.wav,navarrese,hizlariak,errenteria,err-023-019,4.96
data/processed/speech/ahotsak_subset/segments/errenteria_err-023-019_005.wav,errenteria_err-023-019_005.wav,navarrese,hizlariak,errenteria,err-023-019,2.82
data/processed/speech/ahotsak_subset/segments/errenteria_err-023-019_006.wav,errenteria_err-023-019_006.wav,navarrese,hizlariak,errenteria,err-023-019,15.0
data/processed/speech/ahotsak_subset/segments/errenteria_err-023-019_007.wav,errenteria_err-023-019_007.wav,navarrese,hizlariak,errenteria,err-023-019,3.75
data/processed/speech/ahotsak_subset/segments/errenteria_err-023-019_008.wav,errenteria_err-023-019_008.wav,navarrese,hizlariak,errenteria,err-023-019,4.32
data/processed/speech/ahotsak_subset/segments/errenteria_err-023-019_009.wav,errenteria_err-023-019_009.wav,navarrese,hizlariak,errenteria,err-023-019,7.3
data/processed/speech/ahotsak_subset/segments/errenteria_err-023-019_010.wav,errenteria_err-023-019_010.wav,navarrese,hizlariak,errenteria,err-023-019,1.41
data/processed/speech/ahotsak_subset/segments/errenteria_err-023-019_011.wav,errenteria_err-023-019_011.wav,navarrese,hizlariak,errenteria,err-023-019,13.5
data/processed/speech/ahotsak_subset/segments/errenteria_err-023-019_012.wav,errenteria_err-023-019_012.wav,navarrese,hizlariak,errenteria,err-023-019,2.24
data/processed/speech/ahotsak_subset/segments/errenteria_err-023-019_013.wav,errenteria_err-023-019_013.wav,navarrese,hizlariak,errenteria,err-023-019,1.34
data/processed/speech/ahotsak_subset/segments/errenteria_err-023-019_014.wav,errenteria_err-023-019_014.wav,navarrese,hizlariak,errenteria,err-023-019,15.0
data/processed/speech/ahotsak_subset/segments/errenteria_err-023-019_015.wav,errenteria_err-023-019_015.wav,navarrese,hizlariak,errenteria,err-023-019,7.59
data/processed/speech/ahotsak_subset/segments/errenteria_err-023-019_016.wav,errenteria_err-023-019_016.wav,navarrese,hizlariak,errenteria,err-023-019,3.42
data/processed/speech/ahotsak_subset/segments/errenteria_err-023-019_017.wav,errenteria_err-023-019_017.wav,navarrese,hizlariak,errenteria,err-023-019,15.0
data/processed/speech/ahotsak_subset/segments/errenteria_err-023-019_018.wav,errenteria_err-023-019_018.wav,navarrese,hizlariak,errenteria,err-023-019,8.1
data/processed/speech/ahotsak_subset/segments/errenteria_err-023-019_019.wav,errenteria_err-023-019_019.wav,navarrese,hizlariak,errenteria,err-023-019,5.31
data/processed/speech/ahotsak_subset/segments/errenteria_err-023-019_020.wav,errenteria_err-023-019_020.wav,navarrese,hizlariak,errenteria,err-023-019,2.34
data/processed/speech/ahotsak_subset/segments/errenteria_err-023-019_021.wav,errenteria_err-023-019_021.wav,navarrese,hizlariak,errenteria,err-023-019,1.12
data/processed/speech/ahotsak_subset/segments/errenteria_err-023-019_022.wav,errenteria_err-023-019_022.wav,navarrese,hizlariak,errenteria,err-023-019,2.08
data/processed/speech/ahotsak_subset/segments/errenteria_err-023-019_023.wav,errenteria_err-023-019_023.wav,navarrese,hizlariak,errenteria,err-023-019,3.2
data/processed/speech/ahotsak_subset/segments/errenteria_err-024-005_000.wav,errenteria_err-024-005_000.wav,navarrese,hizlariak,errenteria,err-024-005,10.53
data/processed/speech/ahotsak_subset/segments/errenteria_err-024-005_001.wav,errenteria_err-024-005_001.wav,navarrese,hizlariak,errenteria,err-024-005,1.12
data/processed/speech/ahotsak_subset/segments/errenteria_err-024-005_002.wav,errenteria_err-024-005_002.wav,navarrese,hizlariak,errenteria,err-024-005,1.63
data/processed/speech/ahotsak_subset/segments/errenteria_err-024-005_003.wav,errenteria_err-024-005_003.wav,navarrese,hizlariak,errenteria,err-024-005,6.14
data/processed/speech/ahotsak_subset/segments/errenteria_err-024-005_004.wav,errenteria_err-024-005_004.wav,navarrese,hizlariak,errenteria,err-024-005,6.27
data/processed/speech/ahotsak_subset/segments/errenteria_err-024-005_005.wav,errenteria_err-024-005_005.wav,navarrese,hizlariak,errenteria,err-024-005,1.09
data/processed/speech/ahotsak_subset/segments/errenteria_err-024-005_006.wav,errenteria_err-024-005_006.wav,navarrese,hizlariak,errenteria,err-024-005,2.82
data/processed/speech/ahotsak_subset/segments/errenteria_err-024-005_007.wav,errenteria_err-024-005_007.wav,navarrese,hizlariak,errenteria,err-024-005,14.5
data/processed/speech/ahotsak_subset/segments/errenteria_err-024-005_008.wav,errenteria_err-024-005_008.wav,navarrese,hizlariak,errenteria,err-024-005,15.0
data/processed/speech/ahotsak_subset/segments/errenteria_err-024-005_009.wav,errenteria_err-024-005_009.wav,navarrese,hizlariak,errenteria,err-024-005,3.05
data/processed/speech/ahotsak_subset/segments/errenteria_err-024-005_010.wav,errenteria_err-024-005_010.wav,navarrese,hizlariak,errenteria,err-024-005,10.91
data/processed/speech/ahotsak_subset/segments/errenteria_err-024-005_011.wav,errenteria_err-024-005_011.wav,navarrese,hizlariak,errenteria,err-024-005,2.78
data/processed/speech/ahotsak_subset/segments/errenteria_err-024-005_012.wav,errenteria_err-024-005_012.wav,navarrese,hizlariak,errenteria,err-024-005,1.12
data/processed/speech/ahotsak_subset/segments/errenteria_err-024-005_013.wav,errenteria_err-024-005_013.wav,navarrese,hizlariak,errenteria,err-024-005,1.98
data/processed/speech/ahotsak_subset/segments/errenteria_err-024-005_014.wav,errenteria_err-024-005_014.wav,navarrese,hizlariak,errenteria,err-024-005,5.57
data/processed/speech/ahotsak_subset/segments/errenteria_err-024-005_015.wav,errenteria_err-024-005_015.wav,navarrese,hizlariak,errenteria,err-024-005,15.0
data/processed/speech/ahotsak_subset/segments/errenteria_err-024-005_016.wav,errenteria_err-024-005_016.wav,navarrese,hizlariak,errenteria,err-024-005,2.06
data/processed/speech/ahotsak_subset/segments/errenteria_err-024-005_017.wav,errenteria_err-024-005_017.wav,navarrese,hizlariak,errenteria,err-024-005,1.38
data/processed/speech/ahotsak_subset/segments/errenteria_err-024-005_018.wav,errenteria_err-024-005_018.wav,navarrese,hizlariak,errenteria,err-024-005,9.22
data/processed/speech/ahotsak_subset/segments/errenteria_err-024-005_019.wav,errenteria_err-024-005_019.wav,navarrese,hizlariak,errenteria,err-024-005,1.38
data/processed/speech/ahotsak_subset/segments/errenteria_err-024-005_020.wav,errenteria_err-024-005_020.wav,navarrese,hizlariak,errenteria,err-024-005,7.17
data/processed/speech/ahotsak_subset/segments/errenteria_err-024-005_021.wav,errenteria_err-024-005_021.wav,navarrese,hizlariak,errenteria,err-024-005,9.86
data/processed/speech/ahotsak_subset/segments/errenteria_err-024-005_022.wav,errenteria_err-024-005_022.wav,navarrese,hizlariak,errenteria,err-024-005,10.34
data/processed/speech/ahotsak_subset/segments/errenteria_err-024-005_023.wav,errenteria_err-024-005_023.wav,navarrese,hizlariak,errenteria,err-024-005,4.38
data/processed/speech/ahotsak_subset/segments/errenteria_err-028-005_000.wav,errenteria_err-028-005_000.wav,navarrese,hizlariak,errenteria,err-028-005,15.0
data/processed/speech/ahotsak_subset/segments/errenteria_err-028-005_001.wav,errenteria_err-028-005_001.wav,navarrese,hizlariak,errenteria,err-028-005,5.06
data/processed/speech/ahotsak_subset/segments/errenteria_err-028-005_002.wav,errenteria_err-028-005_002.wav,navarrese,hizlariak,errenteria,err-028-005,11.39
data/processed/speech/ahotsak_subset/segments/errenteria_err-028-005_003.wav,errenteria_err-028-005_003.wav,navarrese,hizlariak,errenteria,err-028-005,15.0
data/processed/speech/ahotsak_subset/segments/errenteria_err-028-005_004.wav,errenteria_err-028-005_004.wav,navarrese,hizlariak,errenteria,err-028-005,15.0
data/processed/speech/ahotsak_subset/segments/errenteria_err-028-005_005.wav,errenteria_err-028-005_005.wav,navarrese,hizlariak,errenteria,err-028-005,12.19
data/processed/speech/ahotsak_subset/segments/errenteria_err-028-007_000.wav,errenteria_err-028-007_000.wav,navarrese,hizlariak,errenteria,err-028-007,11.23
data/processed/speech/ahotsak_subset/segments/errenteria_err-028-007_001.wav,errenteria_err-028-007_001.wav,navarrese,hizlariak,errenteria,err-028-007,3.97
data/processed/speech/ahotsak_subset/segments/errenteria_err-028-007_002.wav,errenteria_err-028-007_002.wav,navarrese,hizlariak,errenteria,err-028-007,1.73
data/processed/speech/ahotsak_subset/segments/errenteria_err-028-007_003.wav,errenteria_err-028-007_003.wav,navarrese,hizlariak,errenteria,err-028-007,14.56
data/processed/speech/ahotsak_subset/segments/errenteria_err-028-007_004.wav,errenteria_err-028-007_004.wav,navarrese,hizlariak,errenteria,err-028-007,4.9
data/processed/speech/ahotsak_subset/segments/errenteria_err-028-007_005.wav,errenteria_err-028-007_005.wav,navarrese,hizlariak,errenteria,err-028-007,2.91
data/processed/speech/ahotsak_subset/segments/errenteria_err-028-007_006.wav,errenteria_err-028-007_006.wav,navarrese,hizlariak,errenteria,err-028-007,9.86
data/processed/speech/ahotsak_subset/segments/errenteria_err-028-007_007.wav,errenteria_err-028-007_007.wav,navarrese,hizlariak,errenteria,err-028-007,4.0
data/processed/speech/ahotsak_subset/segments/errenteria_err-028-007_008.wav,errenteria_err-028-007_008.wav,navarrese,hizlariak,errenteria,err-028-007,12.35
data/processed/speech/ahotsak_subset/segments/errenteria_err-039-007_000.wav,errenteria_err-039-007_000.wav,navarrese,hizlariak,errenteria,err-039-007,3.36
data/processed/speech/ahotsak_subset/segments/errenteria_err-039-007_001.wav,errenteria_err-039-007_001.wav,navarrese,hizlariak,errenteria,err-039-007,11.1
data/processed/speech/ahotsak_subset/segments/errenteria_err-039-007_002.wav,errenteria_err-039-007_002.wav,navarrese,hizlariak,errenteria,err-039-007,12.54
data/processed/speech/ahotsak_subset/segments/errenteria_err-039-007_003.wav,errenteria_err-039-007_003.wav,navarrese,hizlariak,errenteria,err-039-007,3.17
data/processed/speech/ahotsak_subset/segments/errenteria_err-039-007_004.wav,errenteria_err-039-007_004.wav,navarrese,hizlariak,errenteria,err-039-007,8.22
data/processed/speech/ahotsak_subset/segments/errenteria_err-039-007_005.wav,errenteria_err-039-007_005.wav,navarrese,hizlariak,errenteria,err-039-007,1.76
data/processed/speech/ahotsak_subset/segments/errenteria_err-039-007_006.wav,errenteria_err-039-007_006.wav,navarrese,hizlariak,errenteria,err-039-007,12.03
data/processed/speech/ahotsak_subset/segments/errenteria_err-039-007_007.wav,errenteria_err-039-007_007.wav,navarrese,hizlariak,errenteria,err-039-007,6.75
data/processed/speech/ahotsak_subset/segments/errenteria_err-039-007_008.wav,errenteria_err-039-007_008.wav,navarrese,hizlariak,errenteria,err-039-007,15.0
data/processed/speech/ahotsak_subset/segments/errenteria_err-039-007_009.wav,errenteria_err-039-007_009.wav,navarrese,hizlariak,errenteria,err-039-007,2.24
data/processed/speech/ahotsak_subset/segments/errenteria_err-039-007_010.wav,errenteria_err-039-007_010.wav,navarrese,hizlariak,errenteria,err-039-007,3.74
data/processed/speech/ahotsak_subset/segments/errenteria_err-039-007_011.wav,errenteria_err-039-007_011.wav,navarrese,hizlariak,errenteria,err-039-007,3.33
data/processed/speech/ahotsak_subset/segments/errenteria_err-039-007_012.wav,errenteria_err-039-007_012.wav,navarrese,hizlariak,errenteria,err-039-007,7.71
data/processed/speech/ahotsak_subset/segments/errenteria_err-039-007_013.wav,errenteria_err-039-007_013.wav,navarrese,hizlariak,errenteria,err-039-007,6.62
data/processed/speech/ahotsak_subset/segments/errenteria_err-039-007_014.wav,errenteria_err-039-007_014.wav,navarrese,hizlariak,errenteria,err-039-007,11.01
data/processed/speech/ahotsak_subset/segments/errenteria_err-039-007_015.wav,errenteria_err-039-007_015.wav,navarrese,hizlariak,errenteria,err-039-007,1.31
data/processed/speech/ahotsak_subset/segments/errenteria_err-039-007_016.wav,errenteria_err-039-007_016.wav,navarrese,hizlariak,errenteria,err-039-007,4.48
data/processed/speech/ahotsak_subset/segments/errenteria_err-039-007_017.wav,errenteria_err-039-007_017.wav,navarrese,hizlariak,errenteria,err-039-007,2.88
data/processed/speech/ahotsak_subset/segments/errenteria_err-039-007_018.wav,errenteria_err-039-007_018.wav,navarrese,hizlariak,errenteria,err-039-007,3.87
data/processed/speech/ahotsak_subset/segments/errenteria_err-039-007_019.wav,errenteria_err-039-007_019.wav,navarrese,hizlariak,errenteria,err-039-007,1.76
data/processed/speech/ahotsak_subset/segments/errenteria_err-039-007_020.wav,errenteria_err-039-007_020.wav,navarrese,hizlariak,errenteria,err-039-007,1.73
data/processed/speech/ahotsak_subset/segments/errenteria_err-039-007_021.wav,errenteria_err-039-007_021.wav,navarrese,hizlariak,errenteria,err-039-007,2.56
data/processed/speech/ahotsak_subset/segments/errenteria_err-039-007_022.wav,errenteria_err-039-007_022.wav,navarrese,hizlariak,errenteria,err-039-007,2.11
data/processed/speech/ahotsak_subset/segments/errenteria_err-039-007_023.wav,errenteria_err-039-007_023.wav,navarrese,hizlariak,errenteria,err-039-007,3.58
data/processed/speech/ahotsak_subset/segments/errenteria_err-039-007_024.wav,errenteria_err-039-007_024.wav,navarrese,hizlariak,errenteria,err-039-007,1.02
data/processed/speech/ahotsak_subset/segments/errenteria_err-039-007_025.wav,errenteria_err-039-007_025.wav,navarrese,hizlariak,errenteria,err-039-007,3.36
data/processed/speech/ahotsak_subset/segments/errenteria_err-039-007_026.wav,errenteria_err-039-007_026.wav,navarrese,hizlariak,errenteria,err-039-007,1.28
data/processed/speech/ahotsak_subset/segments/errenteria_err-039-007_027.wav,errenteria_err-039-007_027.wav,navarrese,hizlariak,errenteria,err-039-007,4.9
data/processed/speech/ahotsak_subset/segments/errenteria_err-039-007_028.wav,errenteria_err-039-007_028.wav,navarrese,hizlariak,errenteria,err-039-007,6.72
data/processed/speech/ahotsak_subset/segments/errenteria_err-039-007_029.wav,errenteria_err-039-007_029.wav,navarrese,hizlariak,errenteria,err-039-007,1.82
data/processed/speech/ahotsak_subset/segments/errenteria_err-039-007_030.wav,errenteria_err-039-007_030.wav,navarrese,hizlariak,errenteria,err-039-007,9.28
data/processed/speech/ahotsak_subset/segments/errenteria_err-039-007_031.wav,errenteria_err-039-007_031.wav,navarrese,hizlariak,errenteria,err-039-007,9.89
data/processed/speech/ahotsak_subset/segments/errenteria_err-039-007_032.wav,errenteria_err-039-007_032.wav,navarrese,hizlariak,errenteria,err-039-007,6.66
data/processed/speech/ahotsak_subset/segments/errenteria_err-039-007_033.wav,errenteria_err-039-007_033.wav,navarrese,hizlariak,errenteria,err-039-007,2.34
data/processed/speech/ahotsak_subset/segments/errenteria_err-039-007_034.wav,errenteria_err-039-007_034.wav,navarrese,hizlariak,errenteria,err-039-007,8.8
data/processed/speech/ahotsak_subset/segments/errenteria_err-050-003_000.wav,errenteria_err-050-003_000.wav,navarrese,hizlariak,errenteria,err-050-003,14.43
data/processed/speech/ahotsak_subset/segments/errenteria_err-050-003_001.wav,errenteria_err-050-003_001.wav,navarrese,hizlariak,errenteria,err-050-003,1.92
data/processed/speech/ahotsak_subset/segments/errenteria_err-050-003_002.wav,errenteria_err-050-003_002.wav,navarrese,hizlariak,errenteria,err-050-003,1.76
data/processed/speech/ahotsak_subset/segments/errenteria_err-050-003_003.wav,errenteria_err-050-003_003.wav,navarrese,hizlariak,errenteria,err-050-003,1.06
data/processed/speech/ahotsak_subset/segments/errenteria_err-050-003_004.wav,errenteria_err-050-003_004.wav,navarrese,hizlariak,errenteria,err-050-003,13.7
data/processed/speech/ahotsak_subset/segments/errenteria_err-050-003_005.wav,errenteria_err-050-003_005.wav,navarrese,hizlariak,errenteria,err-050-003,7.71
data/processed/speech/ahotsak_subset/segments/errenteria_err-050-003_006.wav,errenteria_err-050-003_006.wav,navarrese,hizlariak,errenteria,err-050-003,2.46
data/processed/speech/ahotsak_subset/segments/errenteria_err-050-003_007.wav,errenteria_err-050-003_007.wav,navarrese,hizlariak,errenteria,err-050-003,11.65
data/processed/speech/ahotsak_subset/segments/errenteria_err-050-003_008.wav,errenteria_err-050-003_008.wav,navarrese,hizlariak,errenteria,err-050-003,2.05
data/processed/speech/ahotsak_subset/segments/errenteria_err-050-003_009.wav,errenteria_err-050-003_009.wav,navarrese,hizlariak,errenteria,err-050-003,2.78
data/processed/speech/ahotsak_subset/segments/errenteria_err-050-003_010.wav,errenteria_err-050-003_010.wav,navarrese,hizlariak,errenteria,err-050-003,1.95
data/processed/speech/ahotsak_subset/segments/errenteria_err-050-003_011.wav,errenteria_err-050-003_011.wav,navarrese,hizlariak,errenteria,err-050-003,2.34
data/processed/speech/ahotsak_subset/segments/errenteria_err-050-003_012.wav,errenteria_err-050-003_012.wav,navarrese,hizlariak,errenteria,err-050-003,10.56
data/processed/speech/ahotsak_subset/segments/errenteria_err-050-003_013.wav,errenteria_err-050-003_013.wav,navarrese,hizlariak,errenteria,err-050-003,6.72
data/processed/speech/ahotsak_subset/segments/azkoitia_azk-010-001_000.wav,azkoitia_azk-010-001_000.wav,central,hizlariak,azkoitia,azk-010-001,15.0
data/processed/speech/ahotsak_subset/segments/azkoitia_azk-010-001_001.wav,azkoitia_azk-010-001_001.wav,central,hizlariak,azkoitia,azk-010-001,15.0
data/processed/speech/ahotsak_subset/segments/azkoitia_azk-010-001_002.wav,azkoitia_azk-010-001_002.wav,central,hizlariak,azkoitia,azk-010-001,15.0
data/processed/speech/ahotsak_subset/segments/azkoitia_azk-010-001_003.wav,azkoitia_azk-010-001_003.wav,central,hizlariak,azkoitia,azk-010-001,15.0
data/processed/speech/ahotsak_subset/segments/azkoitia_azk-010-001_004.wav,azkoitia_azk-010-001_004.wav,central,hizlariak,azkoitia,azk-010-001,15.0
data/processed/speech/ahotsak_subset/segments/azkoitia_azk-010-001_005.wav,azkoitia_azk-010-001_005.wav,central,hizlariak,azkoitia,azk-010-001,15.0
data/processed/speech/ahotsak_subset/segments/azkoitia_azk-010-001_006.wav,azkoitia_azk-010-001_006.wav,central,hizlariak,azkoitia,azk-010-001,14.96
data/processed/speech/ahotsak_subset/segments/azkoitia_azk-011-023_000.wav,azkoitia_azk-011-023_000.wav,central,hizlariak,azkoitia,azk-011-023,15.0
data/processed/speech/ahotsak_subset/segments/azkoitia_azk-011-023_001.wav,azkoitia_azk-011-023_001.wav,central,hizlariak,azkoitia,azk-011-023,15.0
data/processed/speech/ahotsak_subset/segments/azkoitia_azk-011-023_002.wav,azkoitia_azk-011-023_002.wav,central,hizlariak,azkoitia,azk-011-023,15.0
data/processed/speech/ahotsak_subset/segments/azkoitia_azk-011-023_003.wav,azkoitia_azk-011-023_003.wav,central,hizlariak,azkoitia,azk-011-023,15.0
data/processed/speech/ahotsak_subset/segments/azkoitia_azk-011-023_004.wav,azkoitia_azk-011-023_004.wav,central,hizlariak,azkoitia,azk-011-023,15.0
data/processed/speech/ahotsak_subset/segments/azkoitia_azk-011-023_005.wav,azkoitia_azk-011-023_005.wav,central,hizlariak,azkoitia,azk-011-023,14.92
data/processed/speech/ahotsak_subset/segments/azkoitia_azk-012-002_000.wav,azkoitia_azk-012-002_000.wav,central,hizlariak,azkoitia,azk-012-002,15.0
data/processed/speech/ahotsak_subset/segments/azkoitia_azk-012-002_001.wav,azkoitia_azk-012-002_001.wav,central,hizlariak,azkoitia,azk-012-002,15.0
data/processed/speech/ahotsak_subset/segments/azkoitia_azk-012-002_002.wav,azkoitia_azk-012-002_002.wav,central,hizlariak,azkoitia,azk-012-002,15.0
data/processed/speech/ahotsak_subset/segments/azkoitia_azk-012-002_003.wav,azkoitia_azk-012-002_003.wav,central,hizlariak,azkoitia,azk-012-002,15.0
data/processed/speech/ahotsak_subset/segments/azkoitia_azk-012-002_004.wav,azkoitia_azk-012-002_004.wav,central,hizlariak,azkoitia,azk-012-002,15.0
data/processed/speech/ahotsak_subset/segments/azkoitia_azk-012-002_005.wav,azkoitia_azk-012-002_005.wav,central,hizlariak,azkoitia,azk-012-002,15.0
data/processed/speech/ahotsak_subset/segments/azkoitia_azk-012-002_006.wav,azkoitia_azk-012-002_006.wav,central,hizlariak,azkoitia,azk-012-002,15.0
data/processed/speech/ahotsak_subset/segments/azkoitia_azk-012-002_007.wav,azkoitia_azk-012-002_007.wav,central,hizlariak,azkoitia,azk-012-002,15.0
data/processed/speech/ahotsak_subset/segments/azkoitia_azk-012-002_008.wav,azkoitia_azk-012-002_008.wav,central,hizlariak,azkoitia,azk-012-002,15.0
data/processed/speech/ahotsak_subset/segments/azkoitia_azk-012-002_009.wav,azkoitia_azk-012-002_009.wav,central,hizlariak,azkoitia,azk-012-002,15.0
data/processed/speech/ahotsak_subset/segments/azkoitia_azk-012-002_010.wav,azkoitia_azk-012-002_010.wav,central,hizlariak,azkoitia,azk-012-002,8.91
data/processed/speech/ahotsak_subset/segments/azkoitia_azk-012-005_000.wav,azkoitia_azk-012-005_000.wav,central,hizlariak,azkoitia,azk-012-005,15.0
data/processed/speech/ahotsak_subset/segments/azkoitia_azk-012-005_001.wav,azkoitia_azk-012-005_001.wav,central,hizlariak,azkoitia,azk-012-005,15.0
data/processed/speech/ahotsak_subset/segments/azkoitia_azk-012-005_002.wav,azkoitia_azk-012-005_002.wav,central,hizlariak,azkoitia,azk-012-005,15.0
data/processed/speech/ahotsak_subset/segments/azkoitia_azk-012-005_003.wav,azkoitia_azk-012-005_003.wav,central,hizlariak,azkoitia,azk-012-005,15.0
data/processed/speech/ahotsak_subset/segments/azkoitia_azk-012-005_004.wav,azkoitia_azk-012-005_004.wav,central,hizlariak,azkoitia,azk-012-005,15.0
data/processed/speech/ahotsak_subset/segments/azkoitia_azk-012-005_005.wav,azkoitia_azk-012-005_005.wav,central,hizlariak,azkoitia,azk-012-005,15.0
data/processed/speech/ahotsak_subset/segments/azkoitia_azk-012-005_006.wav,azkoitia_azk-012-005_006.wav,central,hizlariak,azkoitia,azk-012-005,15.0
data/processed/speech/ahotsak_subset/segments/azkoitia_azk-012-005_007.wav,azkoitia_azk-012-005_007.wav,central,hizlariak,azkoitia,azk-012-005,15.0
data/processed/speech/ahotsak_subset/segments/azkoitia_azk-012-005_008.wav,azkoitia_azk-012-005_008.wav,central,hizlariak,azkoitia,azk-012-005,15.0
data/processed/speech/ahotsak_subset/segments/azkoitia_azk-012-005_009.wav,azkoitia_azk-012-005_009.wav,central,hizlariak,azkoitia,azk-012-005,15.0
data/processed/speech/ahotsak_subset/segments/azkoitia_azk-012-005_010.wav,azkoitia_azk-012-005_010.wav,central,hizlariak,azkoitia,azk-012-005,15.0
data/processed/speech/ahotsak_subset/segments/azkoitia_azk-012-005_011.wav,azkoitia_azk-012-005_011.wav,central,hizlariak,azkoitia,azk-012-005,15.0
data/processed/speech/ahotsak_subset/segments/azkoitia_azk-012-005_012.wav,azkoitia_azk-012-005_012.wav,central,hizlariak,azkoitia,azk-012-005,15.0
data/processed/speech/ahotsak_subset/segments/azkoitia_azk-012-005_013.wav,azkoitia_azk-012-005_013.wav,central,hizlariak,azkoitia,azk-012-005,15.0
data/processed/speech/ahotsak_subset/segments/azkoitia_azk-012-005_014.wav,azkoitia_azk-012-005_014.wav,central,hizlariak,azkoitia,azk-012-005,15.0
data/processed/speech/ahotsak_subset/segments/azkoitia_azk-012-005_015.wav,azkoitia_azk-012-005_015.wav,central,hizlariak,azkoitia,azk-012-005,9.3
data/processed/speech/ahotsak_subset/segments/azkoitia_azk-012-007_000.wav,azkoitia_azk-012-007_000.wav,central,hizlariak,azkoitia,azk-012-007,1.15
data/processed/speech/ahotsak_subset/segments/azkoitia_azk-012-007_001.wav,azkoitia_azk-012-007_001.wav,central,hizlariak,azkoitia,azk-012-007,15.0
data/processed/speech/ahotsak_subset/segments/azkoitia_azk-012-007_002.wav,azkoitia_azk-012-007_002.wav,central,hizlariak,azkoitia,azk-012-007,10.92
data/processed/speech/ahotsak_subset/segments/azkoitia_azk-077-020_000.wav,azkoitia_azk-077-020_000.wav,central,hizlariak,azkoitia,azk-077-020,5.89
data/processed/speech/ahotsak_subset/segments/azkoitia_azk-077-020_001.wav,azkoitia_azk-077-020_001.wav,central,hizlariak,azkoitia,azk-077-020,2.18
data/processed/speech/ahotsak_subset/segments/azkoitia_azk-077-020_002.wav,azkoitia_azk-077-020_002.wav,central,hizlariak,azkoitia,azk-077-020,15.0
data/processed/speech/ahotsak_subset/segments/azkoitia_azk-077-020_003.wav,azkoitia_azk-077-020_003.wav,central,hizlariak,azkoitia,azk-077-020,15.0
data/processed/speech/ahotsak_subset/segments/azkoitia_azk-077-020_004.wav,azkoitia_azk-077-020_004.wav,central,hizlariak,azkoitia,azk-077-020,10.96
data/processed/speech/ahotsak_subset/segments/azkoitia_azk-077-020_005.wav,azkoitia_azk-077-020_005.wav,central,hizlariak,azkoitia,azk-077-020,1.31
data/processed/speech/ahotsak_subset/segments/azkoitia_azk-077-020_006.wav,azkoitia_azk-077-020_006.wav,central,hizlariak,azkoitia,azk-077-020,15.0
data/processed/speech/ahotsak_subset/segments/azkoitia_azk-077-020_007.wav,azkoitia_azk-077-020_007.wav,central,hizlariak,azkoitia,azk-077-020,15.0
data/processed/speech/ahotsak_subset/segments/azkoitia_azk-077-020_008.wav,azkoitia_azk-077-020_008.wav,central,hizlariak,azkoitia,azk-077-020,2.0
data/processed/speech/ahotsak_subset/segments/azkoitia_azk-077-020_009.wav,azkoitia_azk-077-020_009.wav,central,hizlariak,azkoitia,azk-077-020,1.15
data/processed/speech/ahotsak_subset/segments/azkoitia_azk-077-020_010.wav,azkoitia_azk-077-020_010.wav,central,hizlariak,azkoitia,azk-077-020,7.9
data/processed/speech/ahotsak_subset/segments/azkoitia_azk-077-020_011.wav,azkoitia_azk-077-020_011.wav,central,hizlariak,azkoitia,azk-077-020,8.8
data/processed/speech/ahotsak_subset/segments/azkoitia_azk-081-039_000.wav,azkoitia_azk-081-039_000.wav,central,hizlariak,azkoitia,azk-081-039,2.11
data/processed/speech/ahotsak_subset/segments/azkoitia_azk-081-039_001.wav,azkoitia_azk-081-039_001.wav,central,hizlariak,azkoitia,azk-081-039,3.1
data/processed/speech/ahotsak_subset/segments/azkoitia_azk-081-039_002.wav,azkoitia_azk-081-039_002.wav,central,hizlariak,azkoitia,azk-081-039,1.34
data/processed/speech/ahotsak_subset/segments/azkoitia_azk-081-039_003.wav,azkoitia_azk-081-039_003.wav,central,hizlariak,azkoitia,azk-081-039,2.4
data/processed/speech/ahotsak_subset/segments/azkoitia_azk-081-039_004.wav,azkoitia_azk-081-039_004.wav,central,hizlariak,azkoitia,azk-081-039,2.4
data/processed/speech/ahotsak_subset/segments/azkoitia_azk-081-039_005.wav,azkoitia_azk-081-039_005.wav,central,hizlariak,azkoitia,azk-081-039,6.59
data/processed/speech/ahotsak_subset/segments/azkoitia_azk-081-039_006.wav,azkoitia_azk-081-039_006.wav,central,hizlariak,azkoitia,azk-081-039,8.22
data/processed/speech/ahotsak_subset/segments/azkoitia_azk-081-039_007.wav,azkoitia_azk-081-039_007.wav,central,hizlariak,azkoitia,azk-081-039,1.41
data/processed/speech/ahotsak_subset/segments/azkoitia_azk-081-039_008.wav,azkoitia_azk-081-039_008.wav,central,hizlariak,azkoitia,azk-081-039,2.5
data/processed/speech/ahotsak_subset/segments/azkoitia_azk-081-039_009.wav,azkoitia_azk-081-039_009.wav,central,hizlariak,azkoitia,azk-081-039,6.59
data/processed/speech/ahotsak_subset/segments/azkoitia_azk-081-039_010.wav,azkoitia_azk-081-039_010.wav,central,hizlariak,azkoitia,azk-081-039,5.12
data/processed/speech/ahotsak_subset/segments/azkoitia_azk-081-039_011.wav,azkoitia_azk-081-039_011.wav,central,hizlariak,azkoitia,azk-081-039,5.79
data/processed/speech/ahotsak_subset/segments/azkoitia_azk-081-039_012.wav,azkoitia_azk-081-039_012.wav,central,hizlariak,azkoitia,azk-081-039,15.0
data/processed/speech/ahotsak_subset/segments/azkoitia_azk-081-039_013.wav,azkoitia_azk-081-039_013.wav,central,hizlariak,azkoitia,azk-081-039,6.5
data/processed/speech/ahotsak_subset/segments/azkoitia_azk-081-039_014.wav,azkoitia_azk-081-039_014.wav,central,hizlariak,azkoitia,azk-081-039,8.03
data/processed/speech/ahotsak_subset/segments/azkoitia_azk-081-039_015.wav,azkoitia_azk-081-039_015.wav,central,hizlariak,azkoitia,azk-081-039,1.86
data/processed/speech/ahotsak_subset/segments/azkoitia_azk-081-039_016.wav,azkoitia_azk-081-039_016.wav,central,hizlariak,azkoitia,azk-081-039,3.23
data/processed/speech/ahotsak_subset/segments/azkoitia_azk-081-039_017.wav,azkoitia_azk-081-039_017.wav,central,hizlariak,azkoitia,azk-081-039,5.31
data/processed/speech/ahotsak_subset/segments/azkoitia_azk-081-039_018.wav,azkoitia_azk-081-039_018.wav,central,hizlariak,azkoitia,azk-081-039,7.17
data/processed/speech/ahotsak_subset/segments/azkoitia_azk-081-039_019.wav,azkoitia_azk-081-039_019.wav,central,hizlariak,azkoitia,azk-081-039,11.2
data/processed/speech/ahotsak_subset/segments/azkoitia_azk-081-039_020.wav,azkoitia_azk-081-039_020.wav,central,hizlariak,azkoitia,azk-081-039,6.56
data/processed/speech/ahotsak_subset/segments/azkoitia_azk-081-039_021.wav,azkoitia_azk-081-039_021.wav,central,hizlariak,azkoitia,azk-081-039,10.05
data/processed/speech/ahotsak_subset/segments/azkoitia_azk-081-039_022.wav,azkoitia_azk-081-039_022.wav,central,hizlariak,azkoitia,azk-081-039,1.34
data/processed/speech/ahotsak_subset/segments/azkoitia_azk-081-039_023.wav,azkoitia_azk-081-039_023.wav,central,hizlariak,azkoitia,azk-081-039,1.86
data/processed/speech/ahotsak_subset/segments/azkoitia_azk-086-023_000.wav,azkoitia_azk-086-023_000.wav,central,hizlariak,azkoitia,azk-086-023,15.0
data/processed/speech/ahotsak_subset/segments/azkoitia_azk-086-023_001.wav,azkoitia_azk-086-023_001.wav,central,hizlariak,azkoitia,azk-086-023,15.0
data/processed/speech/ahotsak_subset/segments/azkoitia_azk-086-023_002.wav,azkoitia_azk-086-023_002.wav,central,hizlariak,azkoitia,azk-086-023,15.0
data/processed/speech/ahotsak_subset/segments/azkoitia_azk-086-023_003.wav,azkoitia_azk-086-023_003.wav,central,hizlariak,azkoitia,azk-086-023,11.16
data/processed/speech/ahotsak_subset/segments/azkoitia_azk-086-023_004.wav,azkoitia_azk-086-023_004.wav,central,hizlariak,azkoitia,azk-086-023,2.08
data/processed/speech/ahotsak_subset/segments/azkoitia_azk-086-023_005.wav,azkoitia_azk-086-023_005.wav,central,hizlariak,azkoitia,azk-086-023,3.9
data/processed/speech/ahotsak_subset/segments/azkoitia_azk-086-023_006.wav,azkoitia_azk-086-023_006.wav,central,hizlariak,azkoitia,azk-086-023,3.1
data/processed/speech/ahotsak_subset/segments/azkoitia_azk-086-023_007.wav,azkoitia_azk-086-023_007.wav,central,hizlariak,azkoitia,azk-086-023,1.18
data/processed/speech/ahotsak_subset/segments/azkoitia_azk-086-023_008.wav,azkoitia_azk-086-023_008.wav,central,hizlariak,azkoitia,azk-086-023,5.98
data/processed/speech/ahotsak_subset/segments/azkoitia_azk-086-023_009.wav,azkoitia_azk-086-023_009.wav,central,hizlariak,azkoitia,azk-086-023,1.34
data/processed/speech/ahotsak_subset/segments/azkoitia_azk-086-023_010.wav,azkoitia_azk-086-023_010.wav,central,hizlariak,azkoitia,azk-086-023,2.27
data/processed/speech/ahotsak_subset/segments/azkoitia_azk-086-023_011.wav,azkoitia_azk-086-023_011.wav,central,hizlariak,azkoitia,azk-086-023,1.44
data/processed/speech/ahotsak_subset/segments/azkoitia_azk-086-023_012.wav,azkoitia_azk-086-023_012.wav,central,hizlariak,azkoitia,azk-086-023,6.69
data/processed/speech/ahotsak_subset/segments/azkoitia_azk-086-023_013.wav,azkoitia_azk-086-023_013.wav,central,hizlariak,azkoitia,azk-086-023,1.09
data/processed/speech/ahotsak_subset/segments/azkoitia_azk-086-023_014.wav,azkoitia_azk-086-023_014.wav,central,hizlariak,azkoitia,azk-086-023,3.52
data/processed/speech/ahotsak_subset/segments/azkoitia_azk-086-023_015.wav,azkoitia_azk-086-023_015.wav,central,hizlariak,azkoitia,azk-086-023,3.49
data/processed/speech/ahotsak_subset/segments/azkoitia_azk-086-023_016.wav,azkoitia_azk-086-023_016.wav,central,hizlariak,azkoitia,azk-086-023,15.0
data/processed/speech/ahotsak_subset/segments/azkoitia_azk-086-023_017.wav,azkoitia_azk-086-023_017.wav,central,hizlariak,azkoitia,azk-086-023,9.0
data/processed/speech/ahotsak_subset/segments/azkoitia_azk-086-023_018.wav,azkoitia_azk-086-023_018.wav,central,hizlariak,azkoitia,azk-086-023,4.0
data/processed/speech/ahotsak_subset/segments/azkoitia_azk-086-023_019.wav,azkoitia_azk-086-023_019.wav,central,hizlariak,azkoitia,azk-086-023,4.19
data/processed/speech/ahotsak_subset/segments/azkoitia_azk-086-023_020.wav,azkoitia_azk-086-023_020.wav,central,hizlariak,azkoitia,azk-086-023,5.06
data/processed/speech/ahotsak_subset/segments/azkoitia_azk-086-023_021.wav,azkoitia_azk-086-023_021.wav,central,hizlariak,azkoitia,azk-086-023,3.81
data/processed/speech/ahotsak_subset/segments/azpeitia_azp-008-009_000.wav,azpeitia_azp-008-009_000.wav,central,hizlariak,azpeitia,azp-008-009,2.3
data/processed/speech/ahotsak_subset/segments/azpeitia_azp-008-009_001.wav,azpeitia_azp-008-009_001.wav,central,hizlariak,azpeitia,azp-008-009,15.0
data/processed/speech/ahotsak_subset/segments/azpeitia_azp-008-009_002.wav,azpeitia_azp-008-009_002.wav,central,hizlariak,azpeitia,azp-008-009,15.0
data/processed/speech/ahotsak_subset/segments/azpeitia_azp-008-009_003.wav,azpeitia_azp-008-009_003.wav,central,hizlariak,azpeitia,azp-008-009,15.0
data/processed/speech/ahotsak_subset/segments/azpeitia_azp-008-009_004.wav,azpeitia_azp-008-009_004.wav,central,hizlariak,azpeitia,azp-008-009,15.0
data/processed/speech/ahotsak_subset/segments/azpeitia_azp-008-009_005.wav,azpeitia_azp-008-009_005.wav,central,hizlariak,azpeitia,azp-008-009,15.0
data/processed/speech/ahotsak_subset/segments/azpeitia_azp-008-009_006.wav,azpeitia_azp-008-009_006.wav,central,hizlariak,azpeitia,azp-008-009,15.0
data/processed/speech/ahotsak_subset/segments/azpeitia_azp-008-009_007.wav,azpeitia_azp-008-009_007.wav,central,hizlariak,azpeitia,azp-008-009,15.0
data/processed/speech/ahotsak_subset/segments/azpeitia_azp-008-009_008.wav,azpeitia_azp-008-009_008.wav,central,hizlariak,azpeitia,azp-008-009,15.0
data/processed/speech/ahotsak_subset/segments/azpeitia_azp-008-009_009.wav,azpeitia_azp-008-009_009.wav,central,hizlariak,azpeitia,azp-008-009,15.0
data/processed/speech/ahotsak_subset/segments/azpeitia_azp-008-009_010.wav,azpeitia_azp-008-009_010.wav,central,hizlariak,azpeitia,azp-008-009,15.0
data/processed/speech/ahotsak_subset/segments/azpeitia_azp-008-009_011.wav,azpeitia_azp-008-009_011.wav,central,hizlariak,azpeitia,azp-008-009,15.0
data/processed/speech/ahotsak_subset/segments/azpeitia_azp-008-009_012.wav,azpeitia_azp-008-009_012.wav,central,hizlariak,azpeitia,azp-008-009,15.0
data/processed/speech/ahotsak_subset/segments/azpeitia_azp-008-009_013.wav,azpeitia_azp-008-009_013.wav,central,hizlariak,azpeitia,azp-008-009,15.0
data/processed/speech/ahotsak_subset/segments/azpeitia_azp-008-009_014.wav,azpeitia_azp-008-009_014.wav,central,hizlariak,azpeitia,azp-008-009,15.0
data/processed/speech/ahotsak_subset/segments/azpeitia_azp-008-009_015.wav,azpeitia_azp-008-009_015.wav,central,hizlariak,azpeitia,azp-008-009,15.0
data/processed/speech/ahotsak_subset/segments/azpeitia_azp-008-009_016.wav,azpeitia_azp-008-009_016.wav,central,hizlariak,azpeitia,azp-008-009,10.36
data/processed/speech/ahotsak_subset/segments/azpeitia_azp-008-009_017.wav,azpeitia_azp-008-009_017.wav,central,hizlariak,azpeitia,azp-008-009,15.0
data/processed/speech/ahotsak_subset/segments/azpeitia_azp-008-009_018.wav,azpeitia_azp-008-009_018.wav,central,hizlariak,azpeitia,azp-008-009,15.0
data/processed/speech/ahotsak_subset/segments/azpeitia_azp-008-009_019.wav,azpeitia_azp-008-009_019.wav,central,hizlariak,azpeitia,azp-008-009,15.0
data/processed/speech/ahotsak_subset/segments/azpeitia_azp-008-009_020.wav,azpeitia_azp-008-009_020.wav,central,hizlariak,azpeitia,azp-008-009,15.0
data/processed/speech/ahotsak_subset/segments/azpeitia_azp-008-009_021.wav,azpeitia_azp-008-009_021.wav,central,hizlariak,azpeitia,azp-008-009,15.0
data/processed/speech/ahotsak_subset/segments/azpeitia_azp-008-009_022.wav,azpeitia_azp-008-009_022.wav,central,hizlariak,azpeitia,azp-008-009,3.02
data/processed/speech/ahotsak_subset/segments/azpeitia_azp-008-009_023.wav,azpeitia_azp-008-009_023.wav,central,hizlariak,azpeitia,azp-008-009,15.0
data/processed/speech/ahotsak_subset/segments/azpeitia_azp-008-009_024.wav,azpeitia_azp-008-009_024.wav,central,hizlariak,azpeitia,azp-008-009,4.81
data/processed/speech/ahotsak_subset/segments/azpeitia_azp-022-008_000.wav,azpeitia_azp-022-008_000.wav,central,hizlariak,azpeitia,azp-022-008,15.0
data/processed/speech/ahotsak_subset/segments/azpeitia_azp-022-008_001.wav,azpeitia_azp-022-008_001.wav,central,hizlariak,azpeitia,azp-022-008,15.0
data/processed/speech/ahotsak_subset/segments/azpeitia_azp-022-008_002.wav,azpeitia_azp-022-008_002.wav,central,hizlariak,azpeitia,azp-022-008,12.98
data/processed/speech/ahotsak_subset/segments/azpeitia_azp-034-022_000.wav,azpeitia_azp-034-022_000.wav,central,hizlariak,azpeitia,azp-034-022,10.94
data/processed/speech/ahotsak_subset/segments/azpeitia_azp-034-022_001.wav,azpeitia_azp-034-022_001.wav,central,hizlariak,azpeitia,azp-034-022,12.29
data/processed/speech/ahotsak_subset/segments/azpeitia_azp-034-022_002.wav,azpeitia_azp-034-022_002.wav,central,hizlariak,azpeitia,azp-034-022,1.02
data/processed/speech/ahotsak_subset/segments/azpeitia_azp-034-022_003.wav,azpeitia_azp-034-022_003.wav,central,hizlariak,azpeitia,azp-034-022,8.06
data/processed/speech/ahotsak_subset/segments/azpeitia_azp-034-022_004.wav,azpeitia_azp-034-022_004.wav,central,hizlariak,azpeitia,azp-034-022,5.28
data/processed/speech/ahotsak_subset/segments/azpeitia_azp-034-022_005.wav,azpeitia_azp-034-022_005.wav,central,hizlariak,azpeitia,azp-034-022,5.66
data/processed/speech/ahotsak_subset/segments/azpeitia_azp-034-022_006.wav,azpeitia_azp-034-022_006.wav,central,hizlariak,azpeitia,azp-034-022,12.13
data/processed/speech/ahotsak_subset/segments/azpeitia_azp-050-024_000.wav,azpeitia_azp-050-024_000.wav,central,hizlariak,azpeitia,azp-050-024,4.48
data/processed/speech/ahotsak_subset/segments/azpeitia_azp-050-024_001.wav,azpeitia_azp-050-024_001.wav,central,hizlariak,azpeitia,azp-050-024,15.0
data/processed/speech/ahotsak_subset/segments/azpeitia_azp-050-024_002.wav,azpeitia_azp-050-024_002.wav,central,hizlariak,azpeitia,azp-050-024,15.0
data/processed/speech/ahotsak_subset/segments/azpeitia_azp-050-024_003.wav,azpeitia_azp-050-024_003.wav,central,hizlariak,azpeitia,azp-050-024,15.0
data/processed/speech/ahotsak_subset/segments/azpeitia_azp-050-024_004.wav,azpeitia_azp-050-024_004.wav,central,hizlariak,azpeitia,azp-050-024,15.0
data/processed/speech/ahotsak_subset/segments/azpeitia_azp-050-024_005.wav,azpeitia_azp-050-024_005.wav,central,hizlariak,azpeitia,azp-050-024,9.09
data/processed/speech/ahotsak_subset/segments/azpeitia_azp-056-011_000.wav,azpeitia_azp-056-011_000.wav,central,hizlariak,azpeitia,azp-056-011,15.0
data/processed/speech/ahotsak_subset/segments/azpeitia_azp-056-011_001.wav,azpeitia_azp-056-011_001.wav,central,hizlariak,azpeitia,azp-056-011,13.58
data/processed/speech/ahotsak_subset/segments/azpeitia_azp-056-011_002.wav,azpeitia_azp-056-011_002.wav,central,hizlariak,azpeitia,azp-056-011,15.0
data/processed/speech/ahotsak_subset/segments/azpeitia_azp-056-011_003.wav,azpeitia_azp-056-011_003.wav,central,hizlariak,azpeitia,azp-056-011,15.0
data/processed/speech/ahotsak_subset/segments/azpeitia_azp-056-011_004.wav,azpeitia_azp-056-011_004.wav,central,hizlariak,azpeitia,azp-056-011,13.2
data/processed/speech/ahotsak_subset/segments/azpeitia_azp-056-011_005.wav,azpeitia_azp-056-011_005.wav,central,hizlariak,azpeitia,azp-056-011,13.09
data/processed/speech/ahotsak_subset/segments/azpeitia_azp-056-011_006.wav,azpeitia_azp-056-011_006.wav,central,hizlariak,azpeitia,azp-056-011,12.83
data/processed/speech/ahotsak_subset/segments/azpeitia_azp-056-011_007.wav,azpeitia_azp-056-011_007.wav,central,hizlariak,azpeitia,azp-056-011,15.0
data/processed/speech/ahotsak_subset/segments/azpeitia_azp-056-011_008.wav,azpeitia_azp-056-011_008.wav,central,hizlariak,azpeitia,azp-056-011,1.74
