prem_id,premise,dialect
prem1,"Beno, horretan pentsetan be ez netzen ibili, baña hain frustraute neuenez, barriro berba ein neuen hareaz.",western
prem2,"Eta pentseu neuen hori pribilegixue zala, eta halan izeten jarraitzen dau, ni neu netzen bederatzi bi bi ixa zero bakarra, hoixe zan nire AFSC Aireko Indarren Karrerako alorra.",western
prem3,"Esaustien azkenien tipo bati deittukotziela, ezautu naian.",western
prem4,"Hainbeste gauzaz berba ein leikezunez, hori eztot aittetuko.",western
prem5,"Hori zan salbatu gure geñun gauza nausixe, ez euelako modurik 20 megatoiko hidrogeno bonba bat botateko 30 batetik, C124 batetik.",western
prem6,Enau seguru zergaittik.,western
prem7,"Hau Fannie Flono da, eta Augustan hazi zan, Georgian, eta bere umezaroko istorixo batzuei buruz eingo dau berba.",western
prem8,Eta nik bost U2 destakamendu neuzen.,western
prem9,Ni netzen miniaturazko altitude ganberetan probarako erregulagailuek erabilten ebazan bakarra.,western
prem10,"Sarjentu burue naz, erretiraue, Rickek esan aben moduen.",western
prem11,"Diru fluxuaren proiekziño batzuk dauz mahai ganien, eta, Cutty dalako batentzat da, hori da bezeroaren izena.",western
prem12,Lagundu ahal dozten neskie hiriaren beste aldien dau.,western
prem13,"Baña zelaiko eskuek nortzuk zien eta etxeko umiek nortzuk zien, holan zan...",western
prem14,"Hirugarren SSaz, U2 Quick eta Blackbirdari buruz berba eingozku gaur.'",western
prem15,"Bost seme-alaba baño ez eukiezan, eta horrexetako bat hil ein zan.",western
prem16,"Eta, jakiñe, Androv Gromikovek ez aben ezer erantzun, baña informaziño guztixe geneuken, U2ak grabautako filmetatik.",western
prem17,"Esan aben malkuek bakarrik urteteotziela begixetatik, eta esan aben gero Joe ataripera etorri zala.",western
prem18,"Aireontzixe sutan egonda be, erre eingo leitteke, eta urtu ein biko leitteke, berunezko pieza barruen, erradiazinue atarateko.",western
prem19,"Clem Francis sarjentu burue da, AEBetako Aireko Indarretatik erretiraue.",western
prem20,"Beno, une batien, astebetien bizpahiru aireontzi iritsi zien, eta ez nekixen nora joiazen hegan.",western
prem21,"Presiño jantzi osuekaz entrenamendue jaso eben ya, eta horretarako denporie biher zan.",western
prem22,"Esan gurot ez euela lehergailuagaz sartzeko arriskurik, ez zalako lehertuko lurzorue oso gogor jota be.",western
prem23,Saiatzen nabilen hori bera dala emoten dau.,western
prem24,"Halanda be, animalixek solte gelditzen zien, ahuntzek batez be.",western
prem25,Atiek itxita euzen sartu ginanien.,western
prem26,"Beraz, guztizkuek hartu eta holan moldatu biher izen neuen.",western
prem27,"Etorri zan, atie zabaldu aben, eta goguen dekot atzera beittu nabela eta arpeiko keinue ikusi notzen, eta konturatu netzen dezepzionaute euela.",western
prem28,Eztot denda zihetzik.,western
prem29,Ez aben inoz ezer bere kabuz ein biher izen.,western
prem30,"Beraz, pentseu neuen, Jainkue nirie, eta Ramama han euen zutik.",western
prem31,Eta kontue da arina zala!,western
prem32,Ez dakit Augustan geldittu ete zan horren ostien.,western
prem33,"Ez euskuen inoz esaten nora joiazen, ezta basetik norabait jueten zienien tarte batez han gelditzeko.",western
prem34,"Esan eben: leku bat ordaintzen gabiz, han egon zaittezen.",western
prem35,"Beno, hurrengo egunien, jakiñe, Kennedy presidentiek blokeue ezarri aben Kuba, gure ontziek ontzi errusiar bat geldittuazo eben Kubatik kanpora joiala, eta misilak aurkitu ebezan.",western
prem36,Gizona sartu ein zan.,western
prem37,"Nire aittitte-amamak beti izen zien oso-oso maitekorrak, eta gurasuek be bai, eta oso ondo pasetan gendun han.",western
prem38,Ez neuen astirik dana dalako gauzak sartzeko.,western
prem39,Eta nire lanetako bat zan jentie entrenrtie bonba atomikue bera lehertuazoten dauen arma nuklearren tiragailuei paraxuta jarten.,western
prem40,"Amamak bere txikitteko istorixo asko kontetan eustezan, eta, batez be, familiaz berba eitten aben, eta garai harexek zelakuek zien.",western
prem41,"Presiño jantzi osuek geunkezan hegazkinien, astronautek janzten ebezan modukuek, baña guriek zilar kolorekuek zien osorik, botak eta guzti, berue islatzeko, jakiñe.",western
prem42,Aittitte ez zan gizon atsegine.,western
prem43,"30 edo 40 U2 hegazkin diez, eta pilotu txinatarrek, pilotu britainiarrek, mundu osoko gure aliatuekaz hasi gendun entrenamentue.",western
prem44,"Esan aben: beittu, bilatu hau halango konpainiaren inguruen.",western
prem45,Iparraldera juen ziela esan aben.,western
prem46,"Ez, zintzue izeteko, inoz ez neuen irakurri irakurri biher neuen libururik.",western
prem47,"Aurrera jarraitu, ekipajie jaso eta juen biher neuen helbidera juen netzen.",western
prem48,Umore aldaketie izugarrixe izen zan.,western
prem49,"15 persona baño gehixauren artien aukeratu neben eskola horretara jueteko, eta ez naz juengo.",western
prem50,"Hainbat altitude ganberatatik igaro biher dabe, hainbat bider, U2ak pilotetan hasi aurretik edo presiño jantzixekaz hegan ein aurretik.",western
prem51,Gauza bera nabil estaltzen.,western
prem52,"75 urtetan hori gertau zan lehen aldixe izen zan, Texasko legebiltzarrak unidade militar baten alde bozkau ebala Texasko enbaxadore izeteko. Hau da, Texasko enbaxadoriek biher ebezan.",western
prem53,Zeozer ein leiket?.,western
prem54,"Gorroto aben hori, eta egunero esateotzon ahiztieri txarto ebilela.",western
prem55,"Haren etxera juen netzen, eta, gero, heltzien deittu biher neuen zenbakira deittu neuen.",western
prem56,"Beno, gaur goizien iritsi naz, eta, ahaztu ein jat zelan, usteot galdera bat ein dotela eta ha agertu dala.",western
prem57,Ez genekixen nora joiazen.,western
prem58,"Baña pentseu neuen, ahaztu, gosie doten bittartien hamaiketakue jangot.",western
prem59,"Pentsau, gaur ixe lana ixteko puntura iritsi naz.",western
prem60,"1880 inguruen, 1889xen, usteot, orduen jaixo zala esango neuke.",western
prem61,"Hobe da torloju txikixe pixka bat askatzie, kalte ein ahal deutselako birikei, oso errez.",western
prem62,"Del Riora (Texas) jueteko aginduek jaso neuzen, eta hara iritsi netzenien, beno, Aireko Indarren Laughlin basera juen biher nabela jakin neuen.",western
prem63,"Mundu guztixeri xanpaina emoten jakon, eta batzuek ez eben eraten; beraz, umiek eraten eben, hau da, xanpaina hori guztixe eraten ibilten ginan.",western
prem64,Istorixo asko dauz hiri biluzixen.,western
prem65,Hegazkinak probetan dauzenien bizi eta ikasi eitten dau.,western
prem66,Hori da kontue.,western
prem67,"Kuba ganetik pasau zan aireko base batetik, eta, jakiñe, Rudolph Anderson eraitsi ein eben.",western
prem68,"Seguru asko, hori da ume garaitik gogoratzeoten lehenengo gauzie, batez be txarto eindako zeozeri buruzkue.",western
prem69,"Egun horrexetan baltza izatie ez jaken gustetan, beste barik, eta seguru asko 30eko hamarkadaren hasieran ein eben.",western
prem70,Inork ez ekixen nora juen zien.,western
prem71,"Eta ezin zien Augusta inguruen geldittu, jentiek baekixelako zeozer eitten saiatu ziela, benetan tabua, zuri plantak eitten saiatu ziela.",western
prem72,"Bai, beno, tipue hemen dau.",western
prem73,Zeozer ikusten genbilzan telebisiñuen.,western
prem74,"Halanda be, barriro be Ramamagaz berba ein nabela usteot.",western
prem75,"Kubako krisiaren biktima bakarra izen zan, eta Kaiser argazkixek atera eta Washingtongo aireko indarren Andrews basera abiau zan zuzenien.",western
prem76,Esan aben: Ez dozu bizitza ulertzen nire moduen.,western
prem77,"Gero ulertuot, eta, ados, baña zer ein horregaz?",western
prem78,"Emon minutu bat moztu gure bozue, eta juengo naz.",western
prem79,"Beraz, Washington DCra juen netzen, eta ez netzen zuzenien juen, uh, uh, nire aginduetara esan eustien moduan.",western
prem80,Azal argiko persona baltz bat zan.,western
prem81,Aitak basokada haundi bat txokolate esne ein aben niretzat.,western
prem82,Garraio Departamentuek lursaila eta holanguek erosi biher ebazan.,western
prem83,Jaixo ein ahal izango zan.,western
prem84,Badakit zeinen urrin iritsi nazen.,western
prem85,"Ondo da, entzun al doztezue?",western
prem86,Esan zeñun ez dozule gogoratzen ezer berezixe irakurri izana eskolan zaharraue zinenien. Irakurri al zeñun gustoko zeñun edo gorroto zeñun libururik?,western
prem87,"Injekziño bat jarten dauen torloju txiki bat da, arnas presinoko hodixe pilotueri eta kontrako presinoari lotzeotzo.",western
prem88,"Honan dotzo: Ez kezkau horregaittik, hartu biher beste denpora.",western
prem89,"Kennedy presidentiek hau esaotzie pilotuei: 'Jaunak, ein argazki onak'.",western
prem90,Eta nik pentseu neuen ixe amaitu ein nabela.,western
prem91,Dana idazten saiatu netzen.,western
prem92,"Ez, 1900ien jaixo zan, 16 urte ebazalako, eta 1926 ingurue izango zan, 1930a baño lehenau.",western
prem93,"Beraz, benetan interesgarrixe izen zan.",western
prem94,"Haren ahiztie zuritzat hartu ahal zan, eta zuritzat jo aben, hain zuzen.",western
prem95,"Beno, haren aitte izeteko beste zaharra zan ixe.",western
prem96,"Hori, ni bizi euskarriko 922 bakarra netzen, eta bestie laguntza fisiologikokue zan.",western
prem97,"Nik pentsetan neuen bertara sartuko zala, eta pentseu neuen husteko nigaz, eitteko errixetie, ez nabelako bukatu.",western
prem98,"Beno, jakiñe, esan barik due, ezin gendun akatsik ein.",western
prem99,Eta gabaz ezin neuen lorik ein.,western
prem100,Benetan defentsa ona aben.,western
prem101,Inoz ez esateari jagokonez...,western
prem102,Gu inguru honetan bizi gara.,western
prem103,Eta oso azkar dabil berba eitten; mugikorretik dabil.,western
prem104,"Eziot gogoratu zer zan, baña bat-batien oso urduri jarri netzen lehenengoz eskolara juen biher nabela, eta hori izen zan nire bizitzako egunik estresagarrixena.",western
prem105,"St. Louisetik kanpo bizi zan, Jefferson City eta St. Louis, MOren artien.",western
prem106,"Del Rioko leku batera bialtzen nebilen, eta gero Laughlin Aire Indarraren Oinarrira juen biher izen neuen.",western
prem107,Bardin jost zelan eitten daben.,western
prem108,"Orduan, beittu, Ramama nun dauen jakingot, eta han deittuko dot.",western
prem109,"Bixen bittartien, aireko indarrak SR71 erosi aben, oin A-12, CIAgaz biherrien genbiltzana.",western
prem110,"Orduan, arrebaren senarra be argi euen?",western
prem111,"Zahartu ahala, barriro, ez aben inoz onartu oker euela, baña aldatu ein aben portaerie.",western
prem112,Tipo haundixe da osaba.,western
prem113,"Han bizi zan ahiztarengana juen netzen. Senarra biherrien ebilen eta Inteligentzixagaz biher eitten aben, eta ni haren etxera juen netzen.",western
prem114,"Nik uste neuen: Beno, nik beste persona bati alde eingotzet, baña orduen nik pentsetan neuen: Ene!",western
prem115,"Minutu bat jipoitzen dabil mahaiganien, hurrengue ondo dau, nire mahaiganien eukittie, dah, dah, dah, dah, dah, dah.",western
prem116,"Halanda be, hara iritsi eta esan aben: 'Zelan zabilz iristen?",western
prem117,"Gero inguruen biraka neuen, ez dakit, egun horretan egun osue emoten aben.",western
prem118,Berak tuberkulosixe aben eta nik be ez nekixen.,western
prem119,"Ezin dozu, ezin dozu bizirik iraun kontrapresinorik ez bozu, altitude horrexetan arnas presinue haunditzen bozu.",western
prem120,"Atuen hasi netzen, uh, lekuan euzen beste mota bi horretan trebatzen.",western
prem121,"Kuota batetik kanpo baeuen, doikuntza batzuk ein biher zizkion erregulatzaileari berari.",western
prem122,"Uh, ni neu netzen ondino bakarra eta bederatzi bi bakarrik jarri neuzen injekzinue erreguladorien.",western
prem123,"Ezkontzaren zeremonixie be ez aben ulertzen, ez ekixen ezkondu ein zala, benetan...",western
prem124,Hara juengo ginttekez.,western
prem125,"Eta beste bilobak tratetako modue norena zan, zelanbait, badakizielako.",western
prem126,"Bikaina izen zan, eta janzkixek haize pixka bat jo aben...",western
prem127,"Uh, nire denporiaren zati haundi bat igaro neuen, uh, jarduera berezixetan.",western
prem128,"Eta galdetu notzen, badakizue, ein ete nezakeen, e, Gabien geratu eta ein biher dau, edo bixer eguerdixen ein ahal izango dau, ondo badago?",western
prem129,"Baña, uh, herri txiki batien bizi zien Augustako kanpoaldien, Evans izenekuen, eta Evans existiduten da ondino, eta hor dauz ondino nire senide asko.",western
prem130,"Nire ahiztiek esaten jarraitzen dau: 'Batzuetan amama modukue zara, txarto tratetan dozu jentie, arrazoi okerrengaittik'.",western
prem131,"Orduan, etxe barri batera juengo gara.",western
prem132,"Nik uste neuen, ondo, hori ona da, badakizie, holan.",western
prem133,"Eta pintura orbanak 100 gradutik behin aldatuko leittekez, gorrixe izen leike, urdinera aldatuko leitteke.",western
prem134,"Oso arin jan neuen, ahal bezain arin, eta gero han etorri netzen, eta azkenien lagundu ein zoztan.",western
prem135,Ahiztiaren senarra be argi euen.,western
prem136,"Edozelan be, O2-erreguladorie asmatzie bururatzen jake.",western
prem137,"Beraz, Las Vegasera, NVra, juen ginen, eta, Washingtonen ein neuen moduen, Las Vegaseko erdigunera juen netzen.",western
prem138,"A, laugarren maila oso dibertigarrixe izen zan.",western
prem139,"Fitxa pilue dekon artxibo bat modukue da, fitxa bakotxak kalkulu orri desbardina deko.",western
prem140,Eztozte ardure zelan eitten daben.,western
prem141,Eta Mallard Creekera juen zien Charlotten.,western
prem142,"Bera ministro baten semie zan, eta, beraz, ondasunak eta gauzak eukezan, oso ondo konektaute euzen komunitatien eta oso estimu haundixen euzen.",western
prem143,Eta nik ez nekixen zenbat xehetasun gure neuzen.,western
prem144,"Eta um, desbardine da, bezero bakotxaren azpixen moduen, fitxategi guztixek diez.",western
prem145,"Errezaue da, berak emon zoztana bezain zihetza eta konplexua, eta bigarrena dana sinplie",western
prem146,"Izen be, egixe esan, ez zien Augustan bizi, beno, badakizue, Augusta ondino be hiri bat zan garai haretan, Augusta moduko hiri haundixetako personentzat hain haundixe ez izen arren.",western
prem147,"1962aren amaieran, Washington, D.C.ra jueteko agindue izen neuen.",western
prem148,"LAAk bere jabetza hartu abenien, Concordeko eremu txikiau batera juen ginen. Han ezin da animalixarik izen, eremutan banatuta dagolako, eta hoixe da animalixen historixiaren amaierie.",western
prem149,"Halanda be, zabaldu ein gara, eta oin esan leiket, horregaittik, uh, Kadina, Okinawan zabaldu ginela, eta hori 1968an izen zan.",western
prem150,"Esan zoztan zer biher aben zihetz-mihetz, eta zer biher aben gaur.",western
prem151,"Juen zan, eta ez arduratzeko esan zoztan.",western
prem152,"Beittu, arazuek dekozuz.",western
prem153,"Hasieran, ama ez zan bere gogokoenetako bat, eta, beraz, soroetan biher eittera bialdu eben, eta beste ume batzuek, barrez, ez eben soroetan biher eitten.",western
prem154,"Jentieri galdetzen jarraitzen eben, eta inork ez ekixen nun euzen, eta, azkenik, onartu ein eben Joe ez ebela barriro ikusiko.",western
prem155,Ahiztarena zala esan notzen.,western
prem156,"Esan aben ama aurrerantz makurtzen zala, eta beittu eta esan aben, ha moduen ibilten da.",western
prem157,"Petaluek goixen batzen dabil, eta nik ez nekixen zer ondorixo ekarren.",western
prem158,"A, interesgarrixe iruditu jaten beste gauza bat da nire ahiztiaren lehenengo oroitzapenetako, eta atzeko patixo horretan bertan izen zan.",western
prem159,"Estresagarrixe izen da, eta arrazoi osue neuen gaur estresetako, eitten ez ekixen zeozer emoten ebilen: hemen dozu, eizu.",western
prem160,"Hemen dozu, gaurko gure dau.",western
prem161,"Zoritxarrez, barriro aldatu ginan etxez.",western
prem162,"Ez neuen Faulk andrie oso ondo ezagutzen, 80 urte eukezan eta persona ona zan, batzuetan ikusi neuen, baña ni oso urduri egoten  netzen.",western
prem163,"Mallard Creeken bizi ginan, 85 zenbakixen; gaur egun, 485 errepidie dau bertan. Orduan, oin hamar urte, etxez aldatu biher izen ginan, 485 errepideagaittik.",western
prem164,Emoten zaben nausixek nortasun zatitue eukela.,western
prem165,Nire aitte izeteko moduko adina deko.,western
prem166,"Dana lotuta dau, eta, jainkue, ez dakit zenbat irauten dauen.",western
prem167,"Oinguen, neska han euelako be ez neuen pozik, estresaute neuelako.",western
prem168,Eta gauza asko pasetan diez amak drogak hartzen dabizelako.,western
prem169,"Bai, ederra dau, euririk ein dau?",western
prem170,"O, zenbat balixo dauen giza bizitzak eta nonor birgaitu leiken ala ez",western
prem171,"Ene, kableauen arazo arraro bat dozu.",western
prem172,"Oso dibertigarrixe emoten dau, txundigarrixe da niretzat zenbat gauza onartuko leukiezan",western
prem173,"Bai, hoixe. Esan gurot hornitzen zarenerako eta hori einez izerditzera jueten zarenerako, zu Club Med-en oporretara juen ahalko zinateke, dana barne",western
prem174,"Baña, edozelan be, nire seme-alabek oin hogeta bat eta hogeta lau urte dekiez; beraz, eztot biher",western
prem175,"B, beno, Fresno da hau",western
prem176,"Bai, edozein unetan biherrien egon leikezan personak, edo erabagixek hartu biher izan ezkero hareen erabagixek lausotuta egon leikezanak.",western
prem177,"Ez, ondino biran dauz, hirurogeiko hamarkadaren amaieratik hona ibili diez biran.",western
prem178,Zelan eingo zeunke aerobik?,western
prem179,"Beno, hori ona da, eztot horretan pentseu.",western
prem180,"Eguneko zaintzie astien egun bitan, adinekoentzako eguneko zaintzie deitzeotzie, baña hirugarren adinekoentzako zentrora jueten da.",western
prem181,Hori zan hareen helburue,western
prem182,Armak kontroletako esku bi erabili biher diez,western
prem183,"Eta, bat-batien, ez dakit nundik datorren, baña nonondik dator",western
prem184,"Ez, hain zuzen, ez dakit ezer horretaz, eztot uste",western
prem185,"Bai, aparta zan",western
prem186,Iradoki aben lanbas bat erabilteko,western
prem187,"Oso txarto dau egoerie hemen, autobidien tiroketa bat izen barri dou, gure etxetik 3 etxetara.",western
prem188,"Egixe da, ez da oso trinkue.",western
prem189,Eusten saiatzen nabil,western
prem190,"Bai, zer txakurkume mota dozu?",western
prem191,Zer adineko seme-alabak dozuezala esan zeñun,western
prem192,"Seguruenez ez zien munduko personarik argienak, baña oso atseginak zien eta ikasteko prest euzen personei buruz interesa eben.",western
prem193,"Behin, ekitaldi batetik bueltan, kanpalekuaren inguruen argixek piztu genduzan, eta mofeta bat euen hortxe.",western
prem194,"Bakizu nire seme-alaba guztixek parebakuek diela, benetan onak diez, eta pentsetan dot mutil zaharrengandik be ikasten dauela, baña",western
prem195,"Eta horrek ekarriko leuke jentiek bere zaborra gehixau trinkotzie, eta bolumena mugatzie, seguru asko, benetako arazotik gertuau dau pisue mugatzie baino.",western
prem196,"Beraz, akatsen bat badau, zure akatsa da.",western
prem197,"Ondotxo dakizu josturak eta holanguek eitten, eta oso akabera profesionala dekie.",western
prem198,"Nire postuen aste bi dekozuz hasten zarenien, eta gero urtero aparteko egun bat emoteotzue, lau aste izen arte.",western
prem199,"Hori da mendixen bizitziaren onena, ez dozu holango ezertaz arduratu beharrik",western
prem200,"Ene berba, abentura kutsue dau horrek",western
prem201,eta oin ahizta bat dot Alemanixan,western
prem202,"Alaba txiki bat dot oin, eta gatxa da hara eruetie, baña eingot",western
prem203,uda ona izen,western
prem204,"gu ez gara benetako naturalistak, ez antzeko ezer be",western
prem205,"aittitte-amamak gogoratzen duaz, eta beti urtetan naben errepidera, eta garagardau latak eta holanguek batzen neuzen",western
prem206,"beraz, hau ez da txakur bataz dozun lehenengo esperientzixie.",western
prem207,"bai, bai, ez kontatu guzti-guztixe",western
prem208,"ez, campusetik kanpo bizi naz",western
prem209,"gizonak, kargu barik, emazte ohixe sastakatu aben hil arte, beste tipo bataz oheratzen ebilelako; esan gurot emazte ohixe dala, badakixela bakizu berba eitten gabizla ta",western
prem210,partidearen aurrezkiaren antzekue da,western
prem211,"Wills Pointekue zan, ez dakit ezagutzen dozun",western
prem212,"erlojue neuken eta oinetakoen ganien jausi zan dana, eta zuhaixkak zuri geldittu zien",western
prem213,"maitasunez eitten dabe; beraz, ofizialaren idea idea ona da",western
prem214,"beraz, sekulako itxura aben",western
prem215,"latak ontzi batien eta beirak beste batien gordetzen douz, eta papera beste batien, behin betetakuen, autuen kargatzie eta eruetie oinaze hutse da",western
prem216,"Locust Hill, ados, oso ondo",western
prem217,"Bermuda soropila bat dekot hemen, ur asko biher dauena, eta oso motz mantendu bida golf zelaiko greenaren itxurie izatie gure bozu.",western
prem218,"Nikel bat gehixau edo hogeta hamar zentabo gehixau da sei botilako sortie, eta mundu guztixek mugie zeharkatzen dau edaririk merkeenak erosteko.",western
prem219,"bai, entzun leiket",western
prem220,"Artikulu bat erosten dozun bakotxien, batez be artikulu haundi bat, ordaintzen zabizenari zergen % 10 inguru gehitu biher dotzezu beti.",western
prem221,"Ezohikue da, baña laguntzaz eitten da",western
prem222,"hori da bere plana; beraz, espero dot baietz",western
prem223,"hoixe, baña lege barrixekaz oso gatxa da oin",western
prem224,"Ene! Ez eutson arau bati be jarraittu, eta emoten eban ez otzola bape ardure; jakiñe, bota ein eben zuzenien.",western
prem225,"bai, eztau posible emoten, ezta?",western
prem226,"Washingtonen eta garaitu bako Buffalo New Orleansen eta Chicagoren artien dau kontua; izen be, Chicagok birritten baño eztau galdu eta horrexetako bat Buffaloren kontra izen zan.",western
prem227,"bai, arroparen ganeko zergak badouz",western
prem228,"Beno, gustoko dot girue",western
prem229,"nik ume bat dekot, hemezortzi hilebeteko neskato bat",western
prem230,"harrk dauen bigarrena kumaldiko txakurkumeetako bat bat izen zan, ar bakarra, hortzetako arazuena.",western
prem231,"hara, handik zabilz berbetan?",western
prem232,"egixe esan, ez dakit, ondino ez dodalako hainbeste traje jantzi biher izen.",western
prem233,musuetara juen zinen Europan,western
prem234,"Tira, zer pentsetan dau zure senarrak zure kamisetiaz?",western
prem235,"Aluminixo urtue be ez, aluminixo prentsatuzkuek zien.",western
prem236,eta artien billurre emoten zoztan,western
prem237,"eta, gero, seguruasko beittuko neuke zenbat ordaindu leiken ",western
prem238,"eztot gogoratzen baietz emoten abenik, baña agian ez",western
prem239,telebista lapurretarako zigor egokixe heriotzie dala uste dozu,western
prem240,"hondartza ederra zan, eta leku egokixe zan hara jueteko; beraz, hoixe da, seguru asko, nire lekurik gogokoenetako bat.",western
prem241,Jarri kola iragarki bat han,western
prem242,"ondo da, beraz, itxidazu argitzen, pistoletarako bost eguneko itxaronaldixe bidezkue izango leitteke zuretzat.",western
prem243,"bai, cocker spaniel bat izen neuenien aire zabaleko txakurre zan, eta usteot nahixau nabela",western
prem244,"ustez, zazpi egunetan, zure iraganari beittukotzie, eta preso ohixe ez zarala egiaztauko dabe.",western
prem245,bakizu nahixau neukela hegazkin batera igon eta hara iritsi eta gero gozau,western
prem246,"oin hilebete batzuk, sei epaimahaikide eukiezala, pentseu neuen baekixela hamabi gizonek epaitzen ebela.",western
prem247,"kreditu kooperatibetako zuzendari nausi guztixek eta holango jentie; beraz, kreditu kooperatibekaz pasetan ebilenaz baekixen.",western
prem248,"Badakit mundu guztixe beti dauela lanpetuta eta kezkatuta, eta arazo ugari dauzela, eta jentie ez dala une batez jarten eta eztauela berba eitten eta jakiten danak ondo urtengo dauela",western
prem249,"Brian, Planun, Texasen, zelan gaur?",western
prem250,kaosa baño ez dakar.,western
prem251,"bai, hoixe ein dot gaur, Darkman erosot, ikusiozu ez dotela ikusi ondino, gaur gabien ikusikot seguruenez.",western
prem252,"Ene bada, Ingelesien gradue dot, eta irakurtzie gustuko dot, kitto",western
prem253,"eta, ene! Buruen untziz josite dekot, mila zortziehun dolar ordaindu ebazan loro batengatik, ez sinisteko modukue.",western
prem254,"eta gitxiengue zara, betiko",western
prem255,"seguruenez gehixau da, estalduraz gozetan dotelako, egunkarixe irakurtzeko astirik ez dotelako",western
prem256,"Harexek eta neuk gustuko douz hareen abesti batzuk, baña ados nau, oro har ez neuke rapa aukeratuko.",western
prem257,entzun dotenagazko gogobetetasuna,western
prem258,"bakizu erreza dala esatie zulo zihetz bat eingo doule, eta ezer ez dala gertauko, eta gero ondo esango dabe hori probetako modu bakarra denpora luzien dala; beraz,",western
prem259,"eztau zertan, etxeko jentie izen leike, x dolar maneiatzen laguntzeotzuen personak.",western
prem260,Bere onera etorri zanien bera zan ehuneko laurogeta zazpi inguruen.,western
prem261,"beraz, arazo bat da zer erespide mota bilatzen dien erosketetan zabizenien",western
prem262,Atsegina izen da zugaz berba eittie,western
prem263,"Ikusteot Estauek eztauela eskatzen; nahiko ezohikue da, ezta?",western
prem264,"Bai, leku batzuk onak diez UPS bidez edo beste modu batera bialtzeko, baña",western
prem265,"eztot uste hori ein gure dauenik, baña, egixe esan, estagu politikari nausi bat edo dana dalakue modukue izen gurako leuke.",western
prem266,transmitiduteotzenien edo osotasunetik ulertzen ez aben zeozer,western
prem267,"bi seme dekodaz, hamabi eta hamaseikuek",western
prem268,"O, ene, izena ahaztuot, baña Parlamentuko Bakie da",western
prem269,tiro eitten dauen plastikozko arma automatiko bat da,western
prem270,"Bluegrass country moduko zeozer da, baña ondo pasetako modukuek diez",western
prem271,"jentetzie batzen da arin-arin beteten bada, eta ikusliek dotoreauek diez, yuppixek edo",western
prem272,"beno, neska lagunak alaba nerabe bat deko, eta, eskola hasi baño lehen urtero arropa erosten erueteko agintzeozte, burruka larregi eitten dabelako.",western
prem273,"Bakizu, beno, atzo liburutegire juen netzen, liburuek beitzen, eta PJ O'Rourkeren liburu barri bat aurkitu neuen, Parliament of Horrors izenekue, eta zerari buruzkue da",western
prem274,hogei minutu ingurukue da,western
prem275,"bai, hori egixe da, baña usteot hori baño gehixau esan gure dotela, bigarren hezkuntzie ixteaz nabil.",western
prem276,Sinestuezine da apur batetik lortu leikena,western
prem277,"oso ona izen zan, banekixen tristie izango zala, eta banekixen nonor hil eingo zala",western
prem278,Alkarren traban jarri,western
prem279,"bai, beno nik kantari zaharrauek neukezan, ahizta zaharrauek, hobeto esanda",western
prem280,"seguruenez hogei bider sei edo halango zeozer zien, eta sinestezine da zenbat landare landatu ahal dien han.",western
prem281,"Dances with wolves ikusi gendun, berandu samar, eta, zer gehixau? Silence of the lambs be ikusiot",western
prem282,"baña bizi garan eremu motie da, jakiñe, bizitzaren kostue be ez da hain haundixe, eta sumatzen da aldie",western
prem283,"ez dakit, baña ondino mendixen pentseu neuen, eta hori esan abenien pentseu neuen ""zer?""",western
prem284,"Ez neuen inoz bat antolatu, baña Oroimenaren Egunien bat izengo dou, seguruenez, azken bi urteetan izen dabe eta",western
prem285,zurie lau atekue da,western
prem286,"bai, badakizue, etxalde bat dekot hemendik ehun miliara, Texasko ekialdixen.",western
prem287,"Oso dibertigarrixe izen zan, jakiñe, jente askoren gustukue, urten eta astebete geroau edo.",western
prem288,"ez deko bape arazorik, eta estera horrexetako bat lortzen bozu, bakizu, denda batera juen; normalien, ariketa fisikue eitteko gida horrexetakuek izeten dabez.",western
prem289,"eta usteot hareen pareko egongo garala soldatan eta aitortzan, epe luzien.",western
prem290,"modu zintzoauek egongo diez, jentiaren bixotza ukitzeaz, negar einarazoteaz eta zeozer emonez on eitten dabizela sentiduarazoteaz gain.",western
prem291,"Honeek izeten douz: Urtebarrixe, Ostiral Santue, Oroimenaren Egune, Julixuen 4e, Beharginen Egune, Esker Emote Egune eta hurrengo egune, Natibittate Egune eta egun bat haren aurretik eta atzetik.",western
prem292,"hori da, datorren urtien motz gera geinkez aurten dana gastetan ez badou, beraz, eta bardin dotzo zeinen zorue dan gastua, dirue gastau.",western
prem293,"askotan, diesel autobusak ikustozuz, karbono partikulak, karbono dioxidue eta ur lurruna sortzen dabe.",western
prem294,"Bai, bai, hori leku ederra da benetan bisitetako",western
prem295,gustuko duaz behin eta barriro ikusten dozuezan film horrexek,western
prem296,"eta ezagutza hori eta haregaz doana emonda, gozatzen dauela emoten dau",western
prem297,"emoten dau txeketegixe txeke zuri bat dala, eta funts mugabakuek dauzela. Eztau muga barik gastetan, baña jarrera hori dau gitxi gorabehera",western
prem298,"Bai, persona batzuk esaten dabilz itzulera haundixe eingo dauela.",western
prem299,"eta, ikustagun, oin dala hogei nik uste iraultza sexuala deitzen eben horretan sartzen genbilzala, pilularen ostien eta.",western
prem300,"seguru asko, eta kide izen zaren bittartien ein dabe",western
prem301,"normalien bospasei pausu baño gehixau dauzen edozein errezetataz paso eitteot, badakittelako ez dotela inoz denporarik hartuko horretarako",western
prem302,usteot bakarra biher dozun guztixe dala,western
prem303,"bai, aurton entzuot haren barri, nire mutil lagunari country musika mota batzuk gustetan jakoz, eta hoixe ebilen entzuten.",western
prem304,"beno, plazera izen da zugaz berba eittie, eskerrik asko, agur",western
prem305,aukera bat dabenengan gastau,western
prem306,"beraz, aukerie badou isilaue dalako bakarrik",western
prem307,"bai, seguruenez ikusten jueten saiatuko naz",western
prem308,"beraz, jarraitu gurot, badakittelako arazo asko izen ahal dodazala bestela",western
prem309,"eta plastikozko instalaziño erraldoie da, % 75eko merkaduko kuotie dabela usteot, edo antzeko zeozer",western
prem310,hazten nenbilenien,western
prem311,"ez dekie edurrik, ez dakizie edurre zer dan. Izutu eitten diez lurrien edurra dauenien. Amarillo hemendik gertu dau, noiztik egon zara Raleighen",western
prem312,"ez, azkenaldixen ez, esaiztezu",western
prem313,"Ez dou eski alpinorik, iraupen eskikuek douz",western
prem314,"beraz, ez dakit, baña jakin gurako neuke",western
prem315,"beno, orduen hilaren amaieran ordaindu eta kitto",western
prem316,"beno, eztot seme-alabarik; beraz, gatxa da esatie",western
prem317,"ondo dau, Texasen nau eta HIESaz hil zan irakasle bat dou",western
prem318,"bai, eta behera jueten saiatzen zaren bakotxien, aretozainek beti esateotzue bueltie emoteko",western
prem319,"Sam deko izena, Samantharen laburdurie dalako, eta danek gizonei moduen eitteotzie",western
prem320,"nirie be bada, baña jente askorentzat egoerie oso-oso serixue dala usteot",western
prem321,"oh eta gero, zure korporazinotik urtetan saiatzen bazara, benetan karu ordaindukozu",western
prem322,Irrikan nau,western
prem323,"eztot gogoratzen, beste behin bakarrik ein dot",western
prem324,"holango asko dau, Texas Instrumentsek eitten dauzenak eta biherginek eurek eitten dabezala be eztakizienak.",western
prem325,"Benetan arriskutsue dala usteot, istripu horreekaz guztixekaz",western
prem326,"Bai, horrexek mugatzen ikusi gure neukez, arma automatiko barri horreen aurretik, baña gañerakue ez dabe uste biher dabenik ya",western
prem327,"bai, hori be eztot ulertzen, teknologixie eta tresna militarrak saltzie atzerriko gobernuei eta gero zorra barkatzie",western
prem328,ez dozu sentiduten erabagi horregaz eroso zauzenik,western
prem329,"ondo dau, halanda be ordaintzen nabilela iruditzen jat; izen be, jueten nazenien edo nire aseguru etxien, ordaintzeotenien kontuek altuegixek emoten dabe.",western
prem330,Zientzia informatikue eta zientzia kognitibue,western
prem331,"ixe akre bat dou, eta barregarrixe da, zeragaittik",western
prem332,Bakizu juen eingo diela eta ez dala hainbeste jarduera egongo,western
prem333,"azken aldixen, barriro, kanpatzeagaz doten esperientzixie nire senarraren auto lasterketak diez",western
prem334,"baña horretaz aparte, ondino epel egotie espero dot, ez oso hotz, atsegina izango leitteke beharbada edur apur bat Gabon gabien edo zeozer, baña ezteko itxura onik",western
prem335,Etorkizun teknologikuen sartu dou gure sarrerie.,western
prem336,"Adibidez, maximuen, gene guztixek more bihurtzen diez.",western
prem337,Daniel Yamins matematikari gazte bikaine da.,western
prem338,"Eta halan bada, muga horretatik gertu egoten diez sarritten?",western
prem339,"Eta usteot aztarna molekular bat dauela, erakusten dauena biosferie etenbarik eraikitzen dabilela hainbat leinu hedagarrirentzako irauteko moduko erregimenien.",western
prem340,"Jauzi horregaz, kristal erregular batek ezin dau informaziño asko kodetu.",western
prem341,"Ondorioz, helduek ez deutsie eskolaurreko umiei plantak eitten erakutsi biher, batzuetan eitten daben moduen buru-hausgarrixek edo antzeko lanak menderatzen laguntzen deutsienien.",western
prem342,"Halan, PP kontzentraziño haundixe dauenien, birsintetizetie inhibiduteko joerie dau.",western
prem343,"[Naziño hau] askatasunien sortu zan, eta gizon guztixek bardinak sortzeko proposamenari eskeinie.",western
prem344,"Wittgensteinen idea da, oro har, maila haundiagoko baieztapenak ezin diela murriztu maila apalagoko baieztapen beharrezko eta nahikuen sorta zehaztu finitu batera.",western
prem345,Gehixau goraipatu biko neuke?,western
prem346,Spin sarearen teorixiek hainbat dimentsinotan eraiki leikez.,western
prem347,"Ez, ez, eztot zu hiltzerik gure!",western
prem348,"Jente aurrien urkatu eben 1875eko martixaren 19an, San Josen, Kalifornian.",western
prem349,"Erregimen kaotikuen, itsoso berde distiratsue iragazi eitten da.",western
prem350,"Antolamendu juridiko guztiz barrixe abian jarteko irrikan euen, 1860ko hamarkadako nahasmenetik urtetako.",western
prem351,"Gañerako dimentsinuek Planck-en luzera eskalan kizkurtuek imajinetan douz, Calabi-Yau espazixuek edo, oro har, modulu trinkotu izenekuetan.",western
prem352,"Edozein goi pentsakera hasieran gizarte komunikazinuen agertzen da, umien eta haren kulturako ordezkarixen artien, jarduera bateratu batien parte hartzen dabenien.",western
prem353,4 utilitaristak dinurie bardinak garela plazera eta mina sentitzen douleko.,western
prem354,"Auzo batzuk otoitz egiliek, komunitatie gidatzen eben buruzagi espiritualak hileta elizkizunetako, santuen festetako eta abadiek ezin aben guztietako otoitzetarako.",western
prem355,"Azterketa bakotxak kalifikaziño eskala bat euken, azterketie ein ebenek Chicano kulturaren ezagutza mailie zehaztu ahal izeteko.",western
prem356,"Horrek esan gure dau sistemaren osagai molekular guztixek modu matematikuen tratetan diela ondo astindutako ontzi erreal batien balegoz lez, eta ontzi horri trimeruek eta fotoiek gehituko balitzakoz lez abiadura konstantien.",western
prem357,"Jolas soziodramatikuen be, hainbat rol hartzeko eta koordinetako aukerek, seguruenez, lagundu eingotzie umiei personen desio, sineste eta sentimenduetan antzekotasunak eta desbardintasunak ulertzen.",western
prem358,"Quinceañera festei buruzko ikerketaren zati haundi batek erakusten dau familixek kultura tradiziño historikoari eutsi gure deutsiela, eta alaba baten hamabosgarren urtebetetzie ospatzie bitarteko bat dala ondare latinoagazko lotura kulturalei eusteko.",western
prem359,"Unibertsoaren gaur egungo bizitzie halango hainbat hartuko leuke, gitxienez, proteina luze posible guztixek gitxienez behin eittiek.",western
prem360,"Alemanixako gerraosteko ordena konstituzionalaren bertute nausixe izen zan, hain zuzen be, erregimen naziaren biktimarik haundixena.",western
prem361,Sonja umie alabaren amorrualdixek imitetan hasi zan.,western
prem362,XVIII. mendeko eraikinetako girlandak gizonek eta emakumiek erabilitako banden eta lore apaingarrien bertsiño zizelkatu edo margotuek diez.,western
prem363,"6 Gerra Zibilaren aurreko berrogeta hamabost urtietan, Gortiek gitxitan erabili aben botere hori.",western
prem364,"Jakiñe, nahiko erradikala da legien ziurbakotasun kuantikue dauela pentsetie, baña eztau emoten ezinezkue denik, jakiñe.",western
prem365,"Barrinbertsinue dauen ekonomixa batien, zer pasetan da gure merkataritzako abantailak hartu ahal badouz eta soberakin guztixek barrinbertitu ahal badouz hasi ginanien baño sagar eta makatz gehixau sortu ahal izeteko?",western
prem366,"Aurreko kapituluen adierazo dan moduen, alboko posiblerako sarreran alkarrekintzaren batek egon biher dau, galtzailiek baztertzeko hautespen naturalaren gaitasunaren bittartez esploretako aukerie emoten dauena.",western
prem367,"Pachuca 1940ko hamarkadako pachucoaren kidie izen zan, baña baita uri ingurune ghettifikau batien hazten dan chicana gaztiek gorpuzten dauen auzoko neskaren arketipue be.",western
prem368,"Beste alde batetik, partikulak eta hiru indar ez-grabitazionalak ondino ez diez txertau spin sarearen irudi batien.",western
prem369,"Vaquero kulturaren eta Mexikoko sonorarren eraginaren arrastue dala eta, ezautu ez ohi dan chicano kulturaren zati bat erakusten dabe.",western
prem370,"Dennettek izaki darwindar, pavlovtar, poppertar eta gregoriarrak bereizten dauz.",western
prem371,"Orekatik desbideratze soile da, eta gailu soile, mika maluta, astindu eingo da, biher mekanikue erauzteko.",western
prem372,"Ikertzailien galderei erantzunez, askotan esaten dabe lehenengo hilebetietatik euren buruaz nahiko izeteko trebau biher diela umetxuek.",western
prem373,Nun dau balixue egitatien mundu batien?,western
prem374,"1868rako eta Hamalaugarren Zuzenketie indarrien jartzerako, iraultza konstituzional baten atarixen gengozen.",western
prem375,Interesgarrixe da ezaugarri bera agertu leikela ekonomixa osuen.,western
prem376,Teotihuacanen piramideetatik gertu dauen San Agustin Acolman herri txikixen sortu zien.,western
prem377,"Izen be, egixe esan, eraikin batek, eztau axola zeinen erabilgarrixe, ondo eraikia edo ederra dan, ez badator bat jentiek janzteko moduagaz, arriskue dau ez bakarrik itxura anakronikue izeteko, baita guztiz inozue be.",western
prem378,"Esan gurot komunidade hori osatzen daben agente autonomoek, bakarka nahiz taldien, euren mundue osatzen eben joko naturaletan bizimodue eitteko jakintzie ebela.",western
prem379,"Askotan, fontanelie hondoratzie sendatu leiken persona bakarra petrikilue da.",western
prem380,"Mexikoko folk musikan, rantxera maitasun kanta bat da, jente arruntak kantaue, landa eremuko nekazarixek.",western
prem381,"Bigarren puntu harrigarrixe Omnesen baieztapena da, gauza behagarri batzuk ezin diela behatu.",western
prem382,"Konstituziño Sekretue Estatu Batuetako politikan indarra hartzen ebilenez, modu serixuen hartu zan Hamabosgarren Zuzenketaren promesie be.",western
prem383,"Aritmetika ein arte, ez zaitez ohartu Lincolnen buruen 1776 izen zala fundazinoaren une kritikue, Independentzixaren Deklarazinue sinatzie",western
prem384,"Halanda be, Hooden RCA eraikina Gropiusen Pan Am eraikinagaz (gaur egun MetLife) alderatzen badot, eztau zalantzarik diseinatzaile sortzaileena nor izen zan.",western
prem385,"Hego mendebaldien ondino kantetan dien erromantze oso zahar bi diez La delgadina, intzestuari buruzkue, eta La aparicien, Espainixan XV. mendien agertu zana.",western
prem386,"Errazoi berarengaittik, kontsumitzaile aldaberakaz, salmenta denporaldi ugarixekaz eta merkadu segmentatuekaz lotutako arrisku globalak, atzerriko lehia gogorragaz batera, burrouka gatxa ekarriotzie AEBetako txikizkarixei eta fabrikatzailiei.",western
prem387,Sonja umie aieneka ebilen Meredithen ohiko moduen aztalka ein bittartien.,western
prem388,"The Quad esateotzien ikaslien egoitza baten onduen dau, egoitza jakobtar gune bitxixe da, hainbat patixoren inguruen planifikaue.",western
prem389,Bestiek ez dabe kontsumitzailie biher bezain zoriontsu eitten.,western
prem390,"Gure simulazinotik atara beharreko ondorixo nausixe da ziklo autokatalitiko eta laneko ziklo bat edo gehixau bateratzen dabezan agente autonomuek diela orekarik bako erreakziño kimiko zabaleko sarien oso modu errazoizkue diela, barritzailie izen arren.",western
prem391,"Ondorixoz, edur jausien tamainue banaketa bereizgarrixe dauela erregimen antolatuan, eta banaketa oso desbardina erregimen kaotikuen.",western
prem392,"Adobezko adreiluek buztinez eta hareaz eindako nahasketa batez einda dauz; batzuetan, lupetz-lastue deitzen jako, eta apurke-apurke lehortzen diez eguzkixaren berotan.",western
prem393,"Herritarren pribilegixuek eta immunidadiek ordena barrixaren balixo nausitzat hartziek, Blackek eitten dauen moduen, legearen araberako bardintasun arazuek sortzen dauz.",western
prem394,"Askotan, lehen horma irudi horrexek arte herrikoitzat joten zien.",western
prem395,"Aldaera batzuetan, neska gazte batek erlijiño sinesmenak apurtzen dauz Bariku Santuan, egun erlijioso santuan, dantza eitten juen daitezen esanez, chicano katolikuentzat otoitzerako egun berezixe dalako.",western
prem396,"Plana sorgailue da, Le Corbusierrek esaten abenez, baña, Gehrygaz, plana emaitzie da.",western
prem397,Suzko armak eta bestelako armak kategorixa honetan sartzen diez.,western
prem398,"Jaialdixe hiru-lau egunez eitten da, eta hainbat bataila eitten diez Kurutze Santue irabazteko.",western
prem399,"Pentsatu deigun, beraz, legien eta kontratuen rolien, hareen mugek ahalbidetu eitten dabe jarduera ekonomikoen fluxu lotue jarduerako korridore jakinetatik.",western
prem400,"Bardintasunak eztau esan gure berberak, bardin-bardinak edo antzekuek izetie",western
prem401,"Azaldu abenez, idealizaziño boolearrak baeukezan arazuek, baña ulertzera emon aben kasu askotan gene baten erantzuna ez-lineala zala bere sarrerakazko.",western
prem402,"Baña, ordenagailue -batez be Internet- larrei erabilten daben etxietan, familiako kideek denpora gitxiau hartzen dabe alkarregaz komuniketako eta aisialdiko jarduerez gozetako.",western
prem403,"Azkenien, emakumie eta Juen Osito, semie, gai diez hartzarengandik iges ein eta jauregixen aittegaz bizitzen jueteko.",western
prem404,"Baña, oin, Maxwellek izaki ñimiño bat sortu eta asmatu dau, gerora “Maxwellen diabrue” izenez ezautuko dana.",western
prem405,Etsiak hartute ikuspegi frogatuau eta egiazkoau baten bile gurasuen edo aittitte-amamen apaletara joten daben gurasuek zalantza berbera izango dabe.,western
prem406,"Halan, usteot P erreakzinoaren areagotzaile alosteriko bat dala.",western
prem407,Errabinuek ez zien hunkitu seinale hareekaz.,western
prem408,"XVIII. mendearen amaierie, hain zuzen, garai guztiz sinplistie izen zan.",western
prem409,Gerra amaitzie eta nazinue barriro batzie da lehenengo ein biherrekue.,western
prem410,Bizkarbustien esperientzixaren deskripzinuek korriduetan (baladak) eta eleberrixetan erregistrau eta kontau diez.,western
prem411,"Pentsetan badou 1787ko, 1791ko edo 1868ko mundu-ikuskerak baldintzatzen gaituela, erabagi biher geunke zer sentimenduk axola daben.",western
prem412,"Zirkuituko epaileei jagoken moduen jarritte, Taney Auzitegi Goreneko presidentiek interpretau aben konstituzino-xedapenak Kongresuaren baimena biher ebala epailiaren agindue bertan behera ixteko.",western
prem413,"Ikusten dozuenez, gene mendeldar dominantie errez hautatzen da behin ingurumen-baldintza egokixek sortu eta gero.",western
prem414,"Txinako sukaldaritzie Kubara iritsi da, eta sukaldaritza kubatar-txinatarra asmatu dabe.",western
prem415,"Eta, jakiñe, XVIII. mendien askatasuna ulertzeko giltzarri nausixek Konstituzinue eta Eskubidien Gutuna diez.",western
prem416,Personek ordenagailuek baño biher hobie eitten dabe josteko makinekaz oihalaren lerrokadura doitzeari eta aldez aurretik eindako josketa- eta ebaketa-akatsak konpontzeari jagokenez.,western
prem417,Umiek bizilagunen atiek joko leukiez.,western
prem418,"Konfederazinoaren filosofia juridikuek arrakastie izen aben, bai maminien, bai forman.",western
prem419,"Ez zan posiziño bikultural edo binazional bat, kulturen arteko posiziño bat, espaziuen kokatze bat, baino.",western
prem420,"Gaztiek konturatzen dien arren esfortzuek gaitasun baxue konpentsau leikela, neskek ondorioztatu leikie eztauela merezi halango ahalein haundixe eittie matematika konplexue menderatzeko.",western
prem421,"C.P. Snowk kultura bixei buruz idatzi aben, zientzixiaz eta humanitateez, inoz alkarregaz nahastu barik.",western
prem422,"Hori nabarmenaue da kolomadietan, horreetan Vincent Scullyk falange batien batutako hopliteekaz alderatu dau eta.",western
prem423,Kontuen izen oso deskribapen sinple eta trinko batek jaso dauzela orekarik bako sistemaren ezaugarri horrexek eta lana atara leikela gas-sistema orekara lerratu ahala.,western
prem424,"Izen be, aurrerau ikusiko dounez, biosferek euren dimentsinuen batez besteko hazkunde jarraitue maximiza leikie.",western
prem425,Patu komunaren zentzue ez da inun adierazoten “Kol Jehudim eruvim ze bze” [Judu guztixek alkar zaintzen dabe] biherrien baño hobeto.,western
prem426,"Legiaren araberako bizi-konpromiso eta -betebeharrek zentzu gitxi dabe bakarrik dauzen gizabanakuentzat, euren balixuez eta euren beharrez arduratzen dien heinien.",western
prem427,"Izenak, hala zelan Neska Goibela.",western
prem428,"Intuizinoz, eztau emoten Big Banga ezkeroztik entidade bizibako konplexuen planetarik sortu zanik modu espontaneuen.",western
prem429,"Beraz, eremu guztiz barri batien sartzen gabiz.",western
prem430,"Tratu-bardintasunaren printzipixo orokorrak, landu doun moduan, adierazpen-askatasuna mugatzearen inguruko eztabaida dakar beragaz.",western
prem431,"Hego-mendebaldera eta Mexikora juendako lehenengo bidaiari estatubatuarren argitalpenek espainiar-mexikarren barri emoten dabe, ez bakarrik izugarrikeriaz, baita pasiño haundiz be.",western
prem432,"Azkenien, klaustro bat, galerixa bat eta dorre bat gehitu ebazan.",western
prem433,"Holantxik bizi gara gaur egun -diño Gehryk, antza-, zergaittik ez gozau?",western
prem434,Nire adibiderik gogokuena igela eta eulixarena da.,western
prem435,Sistema osuaren energixie gitxitu eingo leitteke dipoluek euren orientazinue aldatu eta lurreko energixa-egoerie batera edo bestera hurbilduko baletxez.,western
prem436,Horrexegaittik da harrigarrixe janzkerie eta dekorazinue harmonixan ez egotie,western
prem437,"Godzilla lehen espezieetako ekobizilagunekaz alkartzien hobeto egokitzen bada espezie horrexek baino, espezie horrexek haren nitxuen desagertu eta Godzillak hartuko dau hareen lekue.",western
prem438,"Adobezko etxiek eta eraikinek, bi eta lau oin bittarteko lodixerako hormei esker, kanpoko zarataren kontrako segurtasun- eta babes-sensazinue emoten dabe.",western
prem439,"Pachucak pachucoen neska-lagunak zien, eta janzkera propixue be baeben.",western
prem440,"Lego World-ek beste objektu batzuk eraikitzeko makina-erremintak eraiki leikez, baita beste erreminta batzuk be.",western
prem441,"Beraz, proteina mota asko dauzen arren, benetan desbardinak dien proteina moten kopurue ehun milioi ingurukue baño ez da.",western
prem442,Erregimen kaotikue guztiz desbardina da erregimen antolatuaren aldien.,western
prem443,"Tetraedruaren azalerak eta bolumenak aldatzen dabezan ertzetako biraketen balixuen aldaketak geometriaren deformatzailetzat hartu leikez, eta hainbat modutan deformau leikez.",western
prem444,"1865eko apirilien idea-ordena barri bat aldarrikatu aben gizona hil eta gero, Estatu Batuek botereagaz obsesionatu zien.",western
prem445,"“Mexican Village” idazten jarraitu aben; eleberri haretan, mexikarren herri-ohitura eta -tradiziño asko batu ebazan.",western
prem446,"Halan, sareko objektuen aniztasuna haunditu ahala, produktu eta zerbitzu barrietarako etorkizuneko nitxouen aniztasuna are bizkorrau haunditzen da!",western
prem447,"Estatubatuarrek bardintasunaz daben ikuspegiaren paradoxie hauxe da: bardintasun ekonomikoaren eta aberastasunaren diskriminazinoaren inguruen doun kezkari jagokonez Europako gizarteen atzetik guezan arren, munduen lehenak gara bardintasunezko pentsamentuari jagokozan beste arlo batzuetan.",western
prem448,Eta adoretu ordez kritikie eitten daben eta jokalarixei porrota ahazten ixten ez dotzien guraso eta entrenatzaileek ansiedade haundixe eragiteotzie gazte batzuei.,western
prem449,"Bedar lehor, arbola, zikinkerixa, hauts, belatz, sagu eta abarren kolore-tonu desbardin samarrak ikusi genduzan.",western
prem450,Emakumien soinekoetako zinta parpailadunek eta gizonen alkandoretako parpailek frantses areto bateko molduren eta apaindura arkitektonikoen arabesko eta edergarrixek gogorarazoten ebezan.,western
prem451,"Gaitasun baxuko beste talde batzuekaz pasetan dan moduen, irakasliek, askotan, aurreikuspen apalauek izeten dabez trantsizino-ikasliakaz, eta beste ume batzuekaz baño ahalegin txikixaue eitten dabe hareei erakusteko.",western
prem452,Gobernuaren ikuskera diadiko bat imajinetan dabe: gizabanakue Estaduaren aurrez aurre.,western
prem453,Umiek fantasixie sortzeko eitten dabezan lehenengo ahaleinek erakusten dabe zein gatxa dan pentsamentue eta errealitatie bereiztie,western
prem454,"Bere gailuetara eruen ezkero, erreakziño hori exergonikue da, eta, trimero larrei egon ezkero hexameruen eta trimeruen arteko oreka-erlazinoagaz konparatuz, hexamerue sintetizatuz modu exergonikokuen lerratuko da orekarantz.",western
prem455,"Jainkue naturaren jainko lez baño ez da aittetzen, eta, hori dala eta, herri bakotxak eskubidie dau nazinoen komunitatien leku bereizi eta ekitatibue izeteko.",western
prem456,"Gehixau ondino, gaur egun, gai gara hareen tamainuaren araberako banaketie iragarteko.",western
prem457,"H. H. Richardsonen eragina askoz laburraue izen zan, baña 20 urtez gitxienez Richardsonen erromanikue Juggernaut estetiko baten modure gailendu zan Estatu Batuetan, Cramen esaldi bizixen.",western
prem458,"Garai haretako etxe-barrunbe haundixenetako bat Tugendhat etxeko gela nausixe da, Mies Van der Rohek 1928an diseinatue.",western
prem459,"Beraz, ordenagailurako programa sortie amaitezine da, baña zenbakarrixe, mugatue.",western
prem460,"Gai izen biher leuke zereine eitteko, beste guztixen moduen!",western
prem461,"Etxe gehixenetan egongo da jaiotza bat, otoizlari eta kantarientzat jarritte.",western
prem462,Biderkatu makroegoera bakotxeko mikroegoera kopuruaren logaritmue sistemak makroegoera horretan egoteko dauen probabilidadiegaz.,western
prem463,"Hain zuzen be, galaxietako laño molekular hotz erraldoiek, tenperatura-gradu absolututan, espezie molekularren nahasketa oso konplexuek diez, hareetako asko karbonosuek, baita izarren sorlekue be.",western
prem464,"New Orleanseko harakinen eskubideez Gorte Gorenien izendako eztabaidetan, herritartasunaren nozinue eta haren pribilegixuek izen zien interesgune nausixek nazinoaren eskubidiek adierazoteko ahalein hutsal orotarako.",western
prem465,Euren seme-alabak benetako lorpenetan oinarritu barik zoriontzen dabezan gurasuek hareen garapena ahultzen dabe.,western
prem466,Horrek eztau esan gure administrazinue eraginkorra izen daitten ez leukenik zentzurik izengo gobernu federalaren eta estaduko gobernuaren artien funtzinuek banatziek.,western
prem467,"Izen be, Bios Group dabil harexek asmatzen eta eitten.",western
prem468,"Begi txarraren sintomak gorakue, beherakue, pisue galtzie eta batzuetan herixotzie be izeten diez.",western
prem469,"José Guadalupe Posada mexikar artista eta grabatzailie XIX. mendearen amaieran hasi zan burezurrak marrazten, oporretan zala.",western
prem470,"Sinesmen faltsuen nausitasunek erakusten dau umiek errealidadiaren interpretaziño lez hartzen dabezala sinesmenak, ez gogoeta lez.",western
prem471,"Deklarazinuen esaten danez, zorixonaren bilaketa naturalistak jabetzaren legezko definizinoaren funtsari bide emoteotzo.",western
prem472,"Elfuek edo ingumak, Anthony John Camposek persona txiki edo pichilingui izendatzen dauzenak, txantxa bihurrixek eitten dabezan iratxuek diez.",western
prem473,"Eta, 2. kapituluen adierazo doten moduen, portaera heldu baterako amultsutasunaren eta itxaropenen nahasketie da guraso autoritarixuen bereizgarrixe, eta hori lotuta dau orobat kideen arteko interakziño egokixagaz.",western
prem474,"H. H. Richardson eta haren ikasle Charles Follen McKim ikasle ohiak zien, baita McKim-en laguntzailiek be, John M. Carrare eta Thomas Hastings.",western
prem475,"Izen be, teknologia-grafikoen ezaugarri interesgarrixetako bat da prozesue eta produktuaren diseinue aldi berien kontuen hartzeko esparru kontzeptual egokixe osatzen dabela.",western
prem476,Hori zan garai haretako aldartie,western
prem477,"Pachucue mespretxaue zan AEBn, bai mexikar estatubatuarren aldetik, bai anglo-amerikar komunidadearen aldetik, eta baita Mexikon be, komunikabideen eta intelektualen aldetik.",western
prem478,"Orduan, “abuelo”-k esaten aben: “Pues que recen y se acuesten” (“Errezau deiziela eta juen daittezela ogera”).",western
prem479,"Mandala mota ugarixetako kideen arteko desbardintasun bakarra oinarrizko anplitudiek diez, eta hortik datoz mandala bakotxari apliketan jakozan legiek.",western
prem480,Bixek alda leikez antikodoi-kodoi parekatze-mekanismue aldatu barik.,western
prem481,"Hori halan bada, aukera bakarra da hautespen naturalak aldatu izana.",western
prem482,"Ume egoskorrei gurasuen arauek barneratzen laguntzeko, funtsezkue da gurasuen eta seme-alaben artien lotura samurra izetie, alkarri laguntzien oinarritute.",western
prem483,"Zelan lortuko dau bere seme edo alabaren errespetue guraso batek, ume horrek ikusten badau guraso horrek ez dotzola inungo errespeturik bere bikotekideari?",western
prem484,"Hain zuzen be, hedapen hori da kalteen edur-jausi more bat zabaltzeko lehen pausue.",western
prem485,"Gozo-lapikue arbola batetik zintzilik dau, soka luze bategaz. Heldu batek gora eta behera mugitzen dau sokie; beraz, ez da berehalakuen apurtuko.",western
prem486,"Adibidez, “erale” moduko berbak (pasetan dabilena, edo ondo dauena).",western
prem487,"Gerraosteko konstituzino-zuzenketen aurretik, baeuen klausula moltso bat estauek herritarren kontrako eindako akatsen erantzule eitten ebazana.",western
prem488,"Hodei jakin bat, halan zelan gure biosferie, itxura batien modu zinetikuen harrapaute geratzen da hodeixe garatu ahala sortutako molekula-espezie konplexuen moltso oso berezi batien.",western
prem489,"1863an, nazinuek batasun perfektuaue sortu gure aben ondino be, baña, horrez gain, baaben iragan bat indigenen psike barrixe inspiretan eta aldi berien nahasten abena.",western
prem490,Eskubidiek delituen susmagarrixei jagokez.,western
prem491,"Modu inplizituen eta, biher pixka bat einez, modu esplizituen, gertatu leike pistoie motor-blokeko zilindro-zuluen sartzie eta zilindro batien pistoi oso bat sortzie",western
prem492,"Emon deigun hamiltondar bat, halan zelan spin-beira hamiltondar bat, kontuen izanda spin-beira bat material magnetiko desordenatu bat dala.",western
prem493,"Pachucoen berbakerie, ingelesaren eta gaztelaniaren nahasketa bat, “cale” be deittue, hainbat hizkuntza-iturritan oinarritutako bat-eitte liluragarri bat izen zan.",western
prem494,Biologixa orokorra oso gertu dau.,western
prem495,"Une horretan, abadie, eskue meza-liburuaren ganien jarri, eta desagertu eitten da.'",western
prem496,"Multzo horretan dau, halaber, 23. zuzenketie, presidentie eta presidenteordie bozkatzeko eskubidie emoten dotziena desgaitasunen bat daben Columbiako herritarrei.",western
prem497,Zuzenketak ondino be errespetetan dau hauteskunde-prozesuek estaduen eta are bulego nazionalen kontrolpien egotie,western
prem498,"Autoestimuaren eta motibazinoaren beherakada bat be sumatzen jake; izen be, zalantzak agertzen dabez euren trebetasunei buruz, eta ez deutsie arazoei aurre eitten.",western
prem499,Eta gaur egun be izen biher douz giza bardintasuna justizixa sozial eta politikoaren oinarrizko idealtzat hartzeko errazoiek.,western
prem500,"Eta, modu berien, eztabaida barik, ekonosfera konplexuaue bihurtu da hominidoaren eboluzinoaren azkenengo milioi urtietan.",western
prem501,Zelan jakin leike gurasuek zein dan hizkuntza-nahasmendu baten eta hizkuntzaren garapen normalaren arteko aldie?,western
prem502,"Ziurtatzeotzut, jaune, baneukela guztiaren barri.",western
prem503,Soinuek bere pentsamendu desatseginetatik atararazi eben Blood kapitana.,western
prem504,"Baña ezin dot ahaztu ezen, Barbadosen zure osabaren etxien esklabo bat baño hobie ez netzenien, zelanbaiteko adeitasunez tratau ninduzule.",western
prem505,Poz-pozik helduko naz Port Royalera. Blood kapitanak pergamiño bat ipini aben Calverleyren begi urtenen azpixen.,western
prem506,"Han, hiru milia baño lehenau, baeuen lurre, mendebaldeko horizontie beteten aben horma berde bizi irregular bat.",western
prem507,"Berorren maiestatearen mandatarixe naz herri barbaro honeetan, eta nire jaun Sunderlanden hurbileko ahaidie",western
prem508,"Zor notzun, edo zor notzule pentseu neuen, esan aben.",western
prem509,Aurretik jakin biher neuen ez zala komeni gabaz Jamaikatik hain gertu egotie,western
prem510,"Blooden pentsamentuek, sofa-ohien atseden hartzen aben bittartien, horren eta beste gauza batzuen ganetik euzen.",western
prem511,"Baña hau ez da Ingalaterra, arraiue. Bigarren arma baten orrue entzun zan, eta tiro batek zipriztindu aben ur ganien, popatik aingura-kate baten luzeraren erdira baño gitxiagora.",western
prem512,"Jakiñe, orduen, kontaukotzut.",western
prem513,Royal Mary-n etorri netzen...,western
prem514,"Haren erruz gauz tranpa honetan, lehertu zan Ogle.",western
prem515,"Ha itxi, eta, gero, Wolverstonegaz, barandan bermatuta, ontzi ha hurbiltzen ikusi aben, dozena bat marinelek tripulatue eta popako bela-lokarrixen zurrun jarritako figura eskarlata batek gidatue.",western
prem516,"Zure errazoiak, duda barik, duinak zien... Esker ona adierazo zeuntsen espainiarrengandik askatu zinttuelako.",western
prem517,"Zergaittik itxi zontzien Wolverstoneri eta besteei jueten?, ein aben oihu, samintasun apur bategaz.",western
prem518,Emakume madarikatu horrek koldartu eitten zaittu.,western
prem519,A! Eta zein bide izen leike?,western
prem520,"Oglek indarrez atera aben, birao bat botata.",western
prem521,Erregiaren mandatue eztot hain errez onartzen.,western
prem522,Ohartu aben atuen erretirau biher zala.,western
prem523,"Oin be, Bloodek ezotzon jamonik eitten.",western
prem524,"Eta, Halanda be, hoixe izen da eta hoixe ein dau azkenengo hiru urteotan, esan aben, baña oinguen goibel esan aben, lehenau adierazo aben mespretxu barik.",western
prem525,Pentsetot hori ohikue dala zure kidekoen artien.,western
prem526,Bekokixe zimurtu aben.,western
prem527,"Begire egon jakon begi distiratsuz, baña, haren arpei abaildue eta bekozko ilune ikusitte, begitartie aldatu jakon berari be.",western
prem528,"Trankil joiala, harresi setiaue inguratu, eta ate haundixetatik sartu zan patixora.",western
prem529,Esan daian espero dotela han ikustie XXII. KAPITULUE.,western
prem530,"Zalantza barik, urkamendira eruengozu, esan aben, mespretxuz.",western
prem531,"Nire ustez, Blood kapitana harrapatu eta urkatzeko itxaropenak bultzatu aben nire osabie Barbadoseko lursailak itxi eta Jamaikako ordezko gobernue onartzera.",western
prem532,"Zintzuek izenda, zelan atxilotuko neuzen? Tratue hori zan.",western
prem533,Bishop koronelari nire etorreraren barri emon dotzie. Lord Julianek haren izena aittatzien Calverleyk eindako bat-bateko aldaketak agerixen itxi aben jakinarazpena jasoa ebala eta baeukela haren barri.,western
prem534,"Kidearen aurrien, Oglek aurrera eittie eragotzi aben Bloodek. Aurre einotzon, eta bat-bateko gogortasun bat hedatu jakon arpeixen eta gorputzeko lerro bakotxien.",western
prem535,Juen dan urte guztixen ibili naz ha harrapatu guran.,western
prem536,"Une haretan, tarte bat zabaldu zan gizonen ilaretan, eta tarte horren barruan etorri zan Bishop andereñue, bere emakume afrikar-zortziena atzetik ebala.",western
prem537,"Jamaikako flotako ontzixek diez, erantzuotzon jaunak.",western
prem538,Eta zergaittik jarri zan leku horretan? Etenbarik eta gureta iskin eitteotzon neska batengatik. Onartu biher leuke ondino be nazkaz beitzeotzola.,western
prem539,"Errazoia euki leikezue, eta oker egon zaitezkie.",western
prem540,"Esaoztienez, gizon honi emotzezu Erregiaren mandatue. Haren tonuek traiziño eiotzon bere gorrotuaren samintasunari.",western
prem541,"Oso zurixe zan, eta bere esku tolestuen ganien jarri ebazan begixek.",western
prem542,"Beraz, berba eiotzue horretaz!",western
prem543,Konturatu zan beharbada berak eragin ebala haren haserrie,western
prem544,Beti egongo naz eskertua.,western
prem545,"Ez leuskio ezerengaitik uko eingo berie dala uste dauen odolari, ez ilobarengaitik, ez alabarengiatik, ezta amarengaitik be.",western
prem546,"Arabellaren onduen, portuen, uri ikusgarri haretan baeuzen aurrealde lauko eraikin zuri batzuk ur-ertzera bajetesaotzienak.",western
prem547,"Niri jagokidanez, eztot ein lotsatzen nauen ezer, kontuen hartuta zelango probokazinue jaso neuen. Haren begiradie gizonaren begiradaren aurrien jausi zan, hain zalako sakona.",western
prem548,"Eta biherbada ez. Wolverstoneren ahotsak motel eta baldar erantzuotzon bestearen asaldurari, eta, berba ein ahala, Blooden onduen jarri zan, ha ustekabeko aliatu bat zalako.",western
prem549,Jaun dohabako bat zinen orduen be.,western
prem550,"Blood kapitana, kapela erantzi, eta isil-isilik makurtu zan diosala eitten; eta emakumiek be lasai eta adeitsu erantzuotzon.",western
prem551,Bishopegaz eragozpenak izen diez lurreratu zenetik.,western
prem552,"bittartien, Ogle pazientzixa galtzen ebilen, gero eta gehixau.",western
prem553,"Lord Julian harrue zan, askotan ikusi izen dotenez.",western
prem554,"Bai, guzur pila bat egiaztau neikez zuen aurrien, zalantza madarikatu izpi barik.",western
prem555,Baña lehenengo eta behin harrapatu gure notzun.,western
prem556,Arriskue ikusi biher zenduen.,western
prem557,"Ohartzen naz zer ein zenduen, eta ohartzen naz, neurri batien behintzet, kontuen hartu biher ninduzuela.",western
prem558,"Ez zaitut gehixau entretenituko, andrie",western
prem559,"Gure aukera bakarra da... Haren gañerako berbak garrasietan itto zien, eta behin eta barriro eskatu eben neskatue bahitu lez entregetako.",western
prem560,Hori eztau tratuen.,western
prem561,"Zurbil eta zurrun ikusi aben, ezpanak zabaldute eta begixek arranpalo eta beraren ganien tinko, haren patuaren erabagiaren lekukotza urduri bat.",western
prem562,"Eta, ha oroitzien, dardarka hasi zan.",western
prem563,"Bai!, orro ein eben beheko bukanero guztixek batera, eta harexetako batek edo bik azaldu eben baieztapena.",western
prem564,"Kamarotien, aulki batera bota aben bere burue, eta eztanda ein aben, bere izaeragaz bat ez etorren indarkerixiaz.",western
prem565,Hil ein neuen; egixe da.,western
prem566,"kapitana, esan aben, eta, berba eitten ebilela, atzetik jarraika eukiezan ontzixek seinalau ebazan, Bishop koronela alde dekogu.",western
prem567,"Horrek, biherbada, Bishop koronelaren berotasuna hoztuko dau.",western
prem568,Zure postue arma-biltegixen dau.,western
prem569,"Beraz, entzun neuen, onartu aben neskak, ahots apalez.",western
prem570,"Baña, barre ein eikien arren, Pittek bezain ondo ekixen goiz haretan kostalderantz juenda haren eskuetan itxiko ebala bere bizitzie.",western
prem571,Nik... Nik ez neuen amestu...,western
prem572,"Baña horretan eztau itxaropenik berarentzat!, oihukatu aben.",western
prem573,Lizentzixie hartukot horretaz zalantzie eitteko. Jaunaren tonue garratza zan ondino.,western
prem574,"Hemen bazeuen, argi eta garbi, mehatxu lauso bat, ulertu ezin aben espiritu matxino bat.",western
prem575,Ez ahaztu hori. Jeremyk eskuek tenkau ebazan.,western
prem576,Baña ez aben pistolariaren asmue geldittuazo.,western
prem577,Baña Bloodek garbi euken.,western
prem578,"Izen be, jaunari esan notzen moduen, harek be zure moduen uste zeuelako Bishop andereñue ontzixen izanda seguru egongo ginela, amarengatik be ez leukio uko eingo zor dotzienari.",western
prem579,"Bere kamarotien, istriborrien, Lord Julian, hots berberek asaldatute, esna euen, eta prisaka janzten ebilen.",western
prem580,Blood kapitana aurkeztukotzuet. Bishopek ahal izen aben arpeirik onena ipini aben.,western
prem581,"Pitt, lemazainaren ondoko postuen, bat-batien birau zan, pistolari asaldatuari aurre eitteko.",western
prem582,"Blood barandaren ganien makurtu zan, azpixen euken mutil gazte horailiagaz -lemazainagaz- berba eitteko.",western
prem583,"Herrialdie dana da, jaune; porrot subiranue.",western
prem584,Aurrien euken pistoletako baten kulataren ganien itxi zan haren eskue.,western
prem585,"Azkenien, atsekabie da berarentzat.",western
prem586,"Itxon! Bloodek aurre eiotzon, eten bat einez, eta esku bat jarri aben pistolariaren armaren ganien, indar einez.",western
prem587,"Eta, nahiz eta ez aben galdu bere aldarte gogorraren aztarrenik be, billurrek bixotza inbadiduotzen.",western
prem588,Ha eta zu zeharkatuz.,western
prem589,"Bishopen iloben kargamentu bat geneuken arren, harek ez eutson eskue emon.",western
prem590,Oin hori erakutsi baleike...,western
prem591,Hoixe aholkatuoskuen.,western
prem592,"Zelan?, galdetuotzon bat-bateko interes haundixegaz.",western
prem593,"Plazera izango da, bai. Une batez, haren aurrien geldittu zan, arnasa arindute eta masailen kolorie galdute.",western
prem594,Ahotsa ohi baño ozenau altxau aben.,western
prem595,"Wade dot izena, Lord Julian Wade.",western
prem596,"Ikusteot, jauna, ondino eztozuzela inguruabarrak ulertzen.",western
prem597,"Presinue ein doztie, esaotzon.",western
prem598,"Niri jagokidanez, esan aben Lord Julianek, bukaneruek Bishop andereñue urtetie eragotzi ez eien, Arabella ontzixen geratuko naz Port Royalera heldu arte.",western
prem599,"Beraz, zeuk agindu zeñun?, esan aben, sinetsiko ez baleu moduen, eta Lord Julianek bekainak altxau ebazan.",western
prem600,Zihetz-mihetz. Jaunak une bat itxon aben erantzuteko.,western
prem601,"Bakizu, Peter, Lord Julian bakarrik egon da Bishop-en eta harek dizut gorrotuaren artien.",western
prem602,"Baña askok ezin izen eben bata edo bestie erabagi harik eta zenbait galderagaz gustura geratu zien arte, eta batez be Oglek adierazotako bategaz.",western
prem603,"Bishopen eskuetan itxikozu zeure burua, ohartuarazo aben Pittek.",western
prem604,"Zutik, Blood kapitanaren onduen, txopa aldera beittu aben, kapitanaren eskuaro segike, eta harriduriaren harriduriaz txilizue ein aben.",western
prem605,"Zuzen ibili leike, eta oker ibili leike.",western
prem606,"Baña bere tonuek eta berbek amorrue emon botzien, ezkutau ein aben.",western
prem607,Jakinarazoztie bart gabien fragata batek portutik urten ebala zure kide Wolverstonegaz eta zure esanetan biherrien ebizen ehun eta berrogeta hamar gizonetatik ehunegaz.,western
prem608,"Eta atuen gogoratuko ebazan berbak, ahal izen baleu.",western
prem609,Baña haren amorruaren eta pozoinaren maskara bat baño ez zala agerikue zan guztiontzat.,western
prem610,Levasseur? Irribarre apur bat ein aben.,western
prem611,"ETSAITASUNAK Port Royaleko portu haundixen, munduko itsas armada guztixetako ontzixei txikotak emoteko bezain zabala, Arabella ainguraute euen.",western
prem612,"Lord Julianengana juen zan, balantzaka.",western
prem613,"Egun on, esan aben, eta gañeratu aben: oso txarto ein dot, bai.",western
prem614,Atzera ein aben gizon harritu eta indarbako batek.,western
prem615,"Baña batzuek eskarmentu haundixaue izen biko leukien arren, batzuk Barbadosen gugaz egon zielako, eta nik eta zure moduen ezagutzen dabelako Bishop koronela.",western
prem616,"Pitt, alkandora eta praka nasaixek soinien, eskudelaren kontra makurtu zan, hari begire, ezinegon eztabaidaezina haren arpei zuri eta zintzuen inprimaute.",western
prem617,"Hori izango da guzurra esateko seinalie, esan aben Bloodek, ahots gogobako berien; eta hasperen ein aben.",western
prem618,"Eta hobiek al diez honexek? –Barbadosko landatzaile alfer baten beldur al zara? Zer dozu, Peter? Inoz ez zaittut billurtute ikusi. Arma batek tiro ein aben hareen atzien.",western
prem619,"Eta milia pare batera alde horretatik, hareen atzetik, hiru ontzi zuri haundi etozen ziztuen.",western
prem620,"Gure aukera bakarra da, esaot, eta baliatu ein biher dou. Blooden eretxiz modurik onena zan Wolverstoni ordurako proposatuotzona.",western
prem621,Maisu gaztearen begi grisek behatu eben.,western
prem622,Ez ekixen Oglek izututako gizonek Wolverstonenaz besteko iritzi bat izengo ete eben.,western
prem623,"Ainguratu eizu, eta ontzi bat bialtzeko seinalie ein eiezu. Harridurazko isiltasune pausau zan ontzixen, harridurazkue eta susmozkue, bat-bateko errenditze hori zala eta.",western
prem624,Usteot modu bakarra dala nire ekintzen ondoriozko suntsipen ziurretik gu guztixok salbetako.,western
prem625,"Ez dakit zergaittik berba ein biher doztezun holan, esan aben, aurretik aben segurtasuna baño gitxiauaz.",western
prem626,"Eta zoro kixoteskue arriskurantz due une honetan, gure izenien.",western
prem627,Irribarre mehe eta garratz bat agertu zan ofizialaren ezpain harruetan.,western
prem628,"Karitatibuek izen daitezen, zelanbait!  Leun ein aben barre.",western
prem629,"Entzun jaunari, esan aben, isekari.",western
prem630,"Mehatxuek ez dabe balixoko, kapitan.",western
prem631,"Blood kapitanak begiradaz arakatu ebazan begi bortizdun burkide ausart horreen ilerak, eta gero Oglerengan pausau aben barriro be.",western
prem632,"Bishopi bixotza ikutzeko asmotan bazauz, tonto haundixaue zara, Ogle, beti pentseu izeotena baino, armak baño eztekozuzela.",western
prem633,"Modu bakarra aurkitu aben, eta nazkagarrixe eitten bajakon be, heldu ein biher.",western
prem634,Behin eta barriro botaostezan.,western
prem635,"Hau, Julian Wade jaunaren etorreraren barri emon jakola.",western
prem636,"O, mesedez. Benetako kezkie euen haren ahotsien.",western
prem637,"Azken horri traiziño eitteko billurrez, lehenenguen babestu zan.",western
prem638,"Tonu hori! Ausartu zaitez tonu horregaz berba eitten!, oihu ein aben neskak, ustekabien harrapau aben kartsutasun harengaittik.'",western
prem639,Biherbada nire barri izen dozu. Calverley kapitanak gogor beittu aben.,western
prem640,Ez da hori. Baña alkar txarto ulertzeari lotuta euzen ezinbestien.,western
prem641,"Zeozer pasetan bajatzu, Peter, esan aben Blood beste beste aldetik etorrela, Bishop koronelak hobe dau bere burue zaindu.",western
prem642,"Txapela, makilie eta ezpatie hartuko duaz, eta txanelien lehorrera juengo naz.",western
prem643,Nire aginduen bila itzuli biher dot Bishop koronelarengana.,western
prem644,"Bristada batien, Captain Bloodek hareen buruen zer euen ikusi aben.",western
prem645,"Ahal doten onduen eitteot, esan aben.",western
prem646,"O, mesedez, zure baimenagaz, seguru nau eztauela ezer ikesteko Bishop koronelarengandik.",western
prem647,"Neure buruari galdetzeotzet, esan zoztan, bihurrikerixie zeuk eindakue dan.",western
prem648,"Babes zuhurra, onartu aben.",western
prem649,"Zeozer erakutsi biotzut. Bere buruari galdezka, Lord Julian kidearen gañera igon zan, eskatu lez.",western
prem650,"Beste milia erdi ein aurretik, irismen barruen egongo ga. Wolverstonek biraoka ein aben, modu landuen, eta bat-batien egiaztau ein aben.",western
prem651,"Adeitsue da, ergela izeteraino.",western
prem652,Irudi horretan nibelau aben teleskopixue.,western
prem653,"Bishop andereñue be Royal Mari ontzixen euen, eta jaunagaz batera erreskatau neuen.",western
prem654,"Eta ahal badau? Moztu aben Bloodek, axolabako.",western
prem655,"Errege zerbitzau baño nahixau Infernuen erre, esan aben amorru haundiz.",western
prem656,"Ergela zara horretan pentsete hutsagaittik, Peter!",western
prem657,"Zutik, eskudel onduen, Lord Julian albuen ebala, Blood kapitanak esan gure abena azaldu aben.",western
prem658,"Ur bazterretik oharkabien hurreratu zan ontzi bat Arabellaren krosko gorri haundiaren kontra arrastaka eta kolpeka inguratu zan, eta ahots zakar batek garrasi hunkigarri bat heldurazo aben.",western
prem659,"Gero gogoratuko dabe zure gogortasunak eruen nindduela. Mobidu ein zan, handik jueteko, gero egiaztau eta barriro eiotzon aurre.",western
prem660,"Fedie, tarte baten ostien zabilz azaltzen, esan aben.",western
prem661,Odol edalie da.,western
prem662,"Egixe da, ergela.",western
prem663,"Ainguratu, kapitan, eta ein seinale bat ontzi bat bialdu deien, eta ziurtatu andereñue hemen dauela.",western
prem664,"Eta ergela ez bazina, Ogle, ez zeunke nik hau esan beharrik izengo.",western
prem665,"Eta zer gertauko jat niri, Jeremy? Jakiñe, oin afaltzeko bueltan izango naz, bai. Blood bajau ein zan zain euen ontzire.",western
prem666,"Txabolara zeroien kalexkako atarixen, Bishop andereñue aurkitu aben.",western
prem667,"Ogle, esan aben, altzairue bezain ahots hotz eta zorrotzien, zure lekue armen bizkarrien dau.",western
prem668,"Baña ondino ez zan urten, bizkarra hari begire euelako, eta noranzko berien mobiduten ebilelako.",western
prem669,Museue ez da oso haundixe kataloguen edo etiketetan,western
prem670,"Udan belugak ikusi leikezuz, udazkenien hartz polarrak, eta udabarriko edo udazkeneko ekinozinotik gertu bazauz, aurora borealak edo iparraldeko argiak.",western
prem671,Canal Motorboats BVk kokaleku bi dekoz hirixen,western
prem672,Aide zabaleko merkadu horrexek Pekinen erosteko lekurik interesgarrixenak be badiez.,western
prem673,"Eskozia Barrira Chigniente Istmo itsasarte estuek lotue, Brunswick Barria 1784an probintzi bereizi bihurtu zan, 14.000 errefuxiatu loialistak eskatute.",western
prem674,"Ipar mendebaldeko kostaldeko badixa haundixena portu ona da, baña bai ure bai hondartzie zikinak egon leikez.",western
prem675,"Etxe orratz horrexek bankuek diez, eta dauzen kalie Milla de Oro da, Urrezko Milia da.",western
prem676,"Umiek Cite de la Mer-az (37 Rue de l'Asile Thomas) gozauko dabe, ontzigintzaren historiari, arrantza-industriari eta itsasaldiek eta itsaslasterrek kostari formie emoteotzien moduari buruzko erakusketak dekoz eta.",western
prem677,"Orduen, jakiñe, Bigarren Mundu Gerrako parte-hartzie hasi zan Commonwealth Britainiarraren Aideko Trebakuntza Planagaz, zeinien Kanadako zeru seguruaue erabili eben burrukarako pilotuek prestetako.",western
prem678,"Ming hilobixek garai batien oinarrizkuek zien Badalingeko Harresi Haundirako ibilbideetan, baña atzerriko turistak nekez txunditzen ebazan lekuek, umelak, hotzak eta txarto zaharbarritutakuek ziela iruditzen jaken eta.",western
prem679,"Mediterraneoko porturik onenak junixue, julixue, abuztue eta maietza diez, esan aben Andrea Doria XVI. mendeko almirante veneziarrak. Udako nabigaziño denporalditik kanpo, flota batek ezin izango leuke hamen babestie baño ezer hoberik ein.",western
prem680,"27 mendi ibilaldixen artien, onenak diez Glasgowko lakuetatik John Deer lakurako ibilbidie eta Beulach Baneko ur jauzien eta French mendiaren ingurukue.",western
prem681,"Tolerante eta lagungarri izeten jarraitzen dabe, jakin arren euren kostalde ederra eztala eurena bakarrik ya.",western
prem682,"Kublai Khanek bere hiriburue eraiki aben 1279an, Pekingo Beihai lakuaren ertzien. Han, haren altxor inperial batzuk ikusgai dauz gaur egun.",western
prem683,"Na Paliko errepiderik bako kostie, iparraldeko kostalde zerutiarrien, munduko itsas ondoko ibilaldi gatx eta bikainenetako bat da (ikusi 71. orrialdie).",western
prem684,"Anglo komunidadeagaz errezau nahastuz, eskola protestantiek bakarrik onartzen ebezan, Ekialdeko Europako juduek Westmount eskola aberatsien graduau zien, edo Torontora emigrau eben barriro.",western
prem685,"Ahal bozu, ohitu zaittez bilbeagaz aldez aurretik.",western
prem686,"Haren hilobi gangak, 27 m (88 oin) lur azpixen, marmolez einde dauz eta 1.200 metro karratu (13.000 oin karratu) hartzen dabez.",western
prem687,"Napoleonek Kataluniako santutegi sagraueri eraso eiotzon, Montserrateko monasterioari, eta suntsitu ein aben.",western
prem688,Jabetza eruengarri guztixek tximinoengandik ezkutetie,western
prem689,"Estei Jauregixe sortu baño 1.400 urte inguru lehenau, Milreu persona ospetsu baten landa etxe haundixe be bazan.",western
prem690,"1981ien merkadu bateratuen sartu zanien, Greziaren aurreikuspen ekonomikuek indartu ein zien.",western
prem691,Itsosoko tenperaturak 18e eta 24e C (64-75e F) bittartekuek diez.,western
prem692,Kinabalu parke nazionala estaduko sei eskualde babestuetako bat baño ez da.,western
prem693,"Sofias, Megaro Mousikis metro geltokiaren onduen.",western
prem694,"Atiaren ekialdixen Olinpieiue dau, Greziako lurraldien inoz eraikitako tenplurik haundixena.",western
prem695,"Poble Espanyol (herri espainiarra), Montjuiceko ipar ekialdeko saihetsien, zeinetarako posible dan familixa guztiarentzako klixe dibertimendue asmau izena.",western
prem696,"Gaur egun, eraikin zaharrien dau Edinburgh Experience, 20 minutuko 3-D diapositiba ikuskizune, hiriaren historixie irudikatzen dauena eta gaur egungo Edinburgo biziarazoten dauena (apirile-urrixe bakarrik).",western
prem697,"Dora Stratou Folk Dance Theaterrek Greziako kanta, dantza eta musika tradizionalaren emonaldixek aurkezten dauz, herri tradizional itxurako Philopappos Hill auditorixuen, maietzetik irailera, astelehenetan izen ezik.",western
prem698,"Anneren eta Amsterdamgo okupazinoaren historiari buruzko bideuek ikusikozuez, garaiko argazki eta artefaktuekaz batera.",western
prem699,"Haren onduen, La Martorana eleiza gotiko normanduek, fatxada eta arkupe barrokue bataz modu partzialien birmoldatu ebenak, kanpai horma fine dau, mailendun leiho finez betetako lau solairukue.",western
prem700,"Aintzirie, berez, mendi garai batzuen itzalien dau, Scafell Pike barne, hau da, Ingalaterrako altuena, 977 metrogaz (3.205 oin).",western
prem701,"Europako eta Puerto Ricoko arte bilduma hau, Karibeko onena seguruenez, ederto egongo leitteke Europako edozein hiriburutan.",western
prem702,"Treasure Beach resort gune bakarra da, hareazko hiru badixatan zabalduta hotel gitxi batzuk baño eztauzena.",western
prem703,"Gero Bona dator, saskigintza zentro bat, bere burue kecak dantzaren etxe lez be aurkezten dauena.",western
prem704,"Gogoz bazauz, Mist ibilbidetik jarraittu, Emerald aintziratik aurrera, Nevada ur jauzira, eta jente gitxiau topaukozu bertan.",western
prem705,"Udak klima epela (baña ez beroa) eta itsosoko tenperatura epelak dakarz, eta hori ezin hobie da urpien ibiltteko, snorkelerako eta uretako beste kirol batzuetarako.",western
prem706,"Urmaelen artien, batien bizixe dau; bisitarixek txanponak botaten dabez, dortoka baten buruen bote eingo dauen esperantzan, zorte ona lortzeko modu segurue da ta.",western
prem707,"Jazz klub ugarien artien dauz Culver Cityko Jazz Bakery, Hollywoodeko Catalina Bar and Grill eta ipar Hollywoodeko Baked Potato famauek.",western
prem708,"Resortaren erdixen, barrualdeko urmaeleko ur babestuetan, izurdeekaz uger eitteko programa bat dau.",western
prem709,"Nafplio portu hirixe leku paregabie da inguruen tourrak eitteko, edo tourrien zauzen bittartien bazkaltzeko, bestela.",western
prem710,Kanadako Pacific trenbidie eraikitzen lagundu eben bihergin ausarten ondorenguek diez hango bizanle batzuk.,western
prem711,"Bajau Batthyany aurreko geralekuen 1896ko eleiza kalbinista neogotikoaren kanpoalde koloretsue miresteko, hiriaren hainbeste paisaia argazkitan dauen hori.",western
prem712,"Hemen, 1775ien, Saint Catherine fuerteko dendetatik 100 bolbora upel desagertu zien modu misteriotsuen, eta iraultzaile estatubatuarrek erabilteko lotuta euen ontzi batien azaldu zien.",western
prem713,Bisitatzie merezi daben beste batzuk diez Balzacen etxie (47 Rue Rayanouard) eta Delacroixen estudixue (6 Rue de Furstenberg).,western
prem714,"Prinsengrachten, Otto Frank eta bere familixie euren negozixoko atikuen ezkutau zien urte bi baño gehixauz, topau ebezan arte.",western
prem715,"Tearen zeremonixaren zale bihurtu bazara, gustoko izengozu XIV. mendeko zeramikazko katiluen, te pitxerren eta kutxen eta banbu koilara, irabiagailu eta lore pitxerren bildumie.",western
prem716,"Honexek diez beira arasak: lehoi erakusketa barrixe, edurretako lehoinabar eta gepardo erakustaldixek, eta Afrikako oihan tropikal bat, gorila eta fakokeroz betie.",western
prem717,Eraikinaren kokapena bera be mirari teknologikue da.,western
prem718,"Hain zuzen, 1970eko hamarkadako autobusen polemikako protesta eta istiluen inflexiño puntue izen zan.",western
prem719,"Abuztuko enbor biraketako txapelketagaittik da ezagune Squamish hirixe, eta hasiera ederra da Garibaldi parke probintzialera mendi ibilaldixek eitteko.",western
prem720,"Portugal zaharra benetan bizitzeko, Leal Senado ikusgarriaren (Senatu leiala eraikina) sarrera areto hotzien sartu, arkitektura kolonialaren adibide aparta da ta.",western
prem721,(Gertaerie abuztuaren 14en eta 15ien errepikauko da.),western
prem722,"Sant Antoni badixaren ahue mendixen, Coniera edo Conejera uhartearen silueta distiratsue dau (untxi zulue esan gure dau).",western
prem723,Horrek lotzen dauz hondartza publiko nausixek (Warwick Long Baytik Horseshoe Bayra).,western
prem724,"Seigarren Kurutzadan (1228- 1229), Frederiko II Erromatar Inperixo Santuko enperadoriek Jerusalem seguru bihurtu aben kristauentzat, negoziazinoaren bidez.",western
prem725,"Hiriko harresiaren zati izenda, prusiar pragmatikoenek atie diseinau eben, ez garaipen arku moduan, zergak kobretako bidesari ate moduan baño.",western
prem726,"Ezarritako piezez gain, musika gehixena perkusibue da eta ekintza eta gogo aldartie babestu eta islatzeko balixo dau.",western
prem727,"Eredue errepikau ein zan mende bat geruau, mairuek 1151n almohadeen laguntzie eskatu ebenien.",western
prem728,"Horrexetako bat baño gehixau eros leikezuz, zeure teilatu erpin estuen linea eitteko.",western
prem729,"Maietzetik urrixen erdialdera, Boston Harbor gurutzaldi konpainixie",western
prem730,"Bide estuetatik eta nekazaritzako pistetatik bakarrik iritsi leike itsosora, baña merezi dau ibilaldi bat eittie, jentetzatik urruntzeko.",western
prem731,"Errefortzuakaz, espainiarrek hondartza buru bat ezartie lortu eben.",western
prem732,"Halanda be, Parisek oin gitxi hiri osue gurutzatzen daben bidegorrixek sortu ebazan, eta, horregaittik, bizikletie askoz seguruaue (eta zabalduaue) da.",western
prem733,"Hondartza atsegine aurkitukozu gertu, Batu Hitamen.",western
prem734,"Zaldixek tiretutako gurdixetan baserritar mozorrotuek bisitaukozuz, lurra lantzen eta ixtie jasoten, artilie mozten, irine ehotzen errotan, ehuntzen eta errementarixarenien ferrak eitten.",western
prem735,"Bertan bidaiatxuek eitteko ontzi txikixek alokatu leikez Sea Horse Boat Rentalsen, Marsh Harbour, Abacos (tel.:",western
prem736,"Gauza iskanbilatsu eta kontserbadoriek, batek ikesten dauenez, zalaparta haundi barik irauten dabe hemen.",western
prem737,Kurutziek 181.740 tona ei dekoz.,western
prem738,Gustav Noske defentsa ministro bihozbakuek 4.000 freikorp (eskuma muturreko oldar soldadu) deittu ebazan mugimendue zapaltzeko.,western
prem739,"Gaur egun, talde turistikuek egonaldi laburretarako datoz, eta, Baliko leku guztixetan moduen, prezixuek apurka-apurka igoten dabiz.",western
prem740,Harexek ein eben lehenengo ahaleine eta gogorrena lurralde latz haretan bizimodu modernue eitteko.,western
prem741,"K.o. 688-691 artien eraikie, Persiako milaka lauza zeramikoz apaindute dau, batez be urdinek eta horixek, eta leihoburuetan idazkera koranikuek dekoz.",western
prem742,Ikusizue arku baxuko sabaiko trompe l'oeil margolana zelan saiatzen dan eleiza txikixe katedral gotiko altu bihurtzen.,western
prem743,Zenbait atenastarrek Batzarrari eskatuotzien Mazedoniako erregeari gerrie deklaretako.,western
prem744,"Ur gezako arrantzaliek baimena izen biher dabe. Turismo bulego gertuenien informazinue eskatu, zelan lortu jakitteko.",western
prem745,"Clunyk inguruko landa eremuen izen aben eragina ikusteko, bisitau Clunyren arkitektuek eraiki ebezan eleiza erromanikuek dekiezan herri batzuk, bestiek beste, Saint-Vincent-des-Pres, Taize, Berze-la-Ville eta Malay.",western
prem746,Ibilaldixek lekuko gida kooperatibako gidekaz bakarrik eittie gomendatzen da.,western
prem747,"Une honetan, pentsetan da biherbada hoba dala gitxiau garatutako uharte txiki horrexek bakien ixtie",western
prem748,"Bisita gidaure ustekabien itzuli zan preso batek, batzuek eitten dute ta, nostalgiaz esan aben janarixe San Frantziskoko hotel askotan jandakue baño hobie zala.",western
prem749,"Antxineko garai horrexetan be, jainkuek orakulue kontsultetan eben, eta Sibilaren Haitzetik emoten ebezan berediktuek.",western
prem750,"Baixada de Santa Eulalia Carrer dels Banys Nousera jaisten da, zeinak izena hartzen dauen aspaldi desagertu zien XII. mendien eraikitako ghettoaren bainuetxe barrixetatik.",western
prem751,"Trafikuek estututako arterixa nausixetatik kanpo zauzenien, Albufeirako alde zaharrak xarma tradizional harrigarrixe dauela ikusikozu.",western
prem752,"Jatorrizko ekintzatik gertu eta Klondike Egunetako testigantzarik garbixena eskeintzen dau bat-batien hazitako Dawson Cityk, zeinak 1951n eskualdeko hiriburuaren lekue itxiotzon Whitehorse garraio eta komunikaziño zentroari.",western
prem753,"Hori izen zan Errol Flynnek Port Antonion jarri zanien, 1946an, erositako uhartie",western
prem754,"Cala Mondragek eztau ixe garapenik (Mallorcako kostaldiagaz alderatute), eta baleike halan jarraitzie, eskualdeko gobernuaren aginduz, kostan kontrolik barik eindako eraikinek larritu ein dabe ta.",western
prem755,"Hiru santutegi dekoz, meru bana dekienak puntan, Brahma, Shiva eta Vishnuri eskeiniak.",western
prem756,"Arboretotik milia batera baño gitxiagora, eleiza bi topaukozuz errepidearen eskumaldien, muino magalien familixako ehunka hilobi zuriren onduen.",western
prem757,"The Stampede, hasieran, bedardietan ganaue batzeko teknika guztixek eta zirrarie erakusteko sortu zan.",western
prem758,"Ixe 100.000 lagun etorten diez hona, arkitektura harrigarrixagaz liluratzeko eta eten barik aldatzen dabilen hiri honen barritasun erakargarrixek esploretako.",western
prem759,Beaux Arts udaletxie gertuko gobernu zentruek ordeztu dau.,western
prem760,"Hotelaren atzien, hiriko fundatzaile Samuel de Champlainen 1898ko estatua baten ostien, Dufferin Terracek St. Lawrencen eta, ibaixen behera, Ile d'Orleansen bista paregabie eskeintzen dau.",western
prem761,"Payangandik harau, gitxi erabilitako bidie paisaia ederretan barrena due Baturreraño (ikus 59. orrialdea).",western
prem762,"Massachusettseko Teknologixa Institutue (MIT), 1861ien sortue, Estatu Batuetako zientzixa eta ingeniaritza erakunde nausixe da, eta aitzindarixe izen da teknologixa moderno askotan, hala zelan argazki estroboskopikuen eta elikagaixek kontserbetako prozesuetan.",western
prem763,"Ipoh iparraldien, sei kilometrore (4 milia), Perak Tong dau, 1926an Txinako abade budista batek eraikixe.",western
prem764,"Kodaly kerend (Kodaly ilargierdixe, beste konpositore hungariar baten omenez izendatue) moltso bikaine da, figura klasikoz eta txertautako motiboz apaindutako fatxada kurbauek dauzena.",western
prem765,Independentzixaren ostien parlamentue hemen ezarteko planak zapuztu ein zien,western
prem766,"Lekuen bertan ekoitzitako produktuen adibide ugari aurkitu leikez hemen, eta turismo zentruetan baño merkiau erosikozu, batez be aldez aurretik truke trebetasunak praktiketan bozuz.",western
prem767,Ramses II.aren (K.a. 1279-1212) 60 urteko araue amaiera bikaine izen zan Erresuma Barriaren arorako.,western
prem768,Aidetik ikusikozu Sarawakek herrialdeko ibairik luziena dauela: Rejang. 563 km (351 milia) eitten dauz Indonesiako mugako mendixetatik Hego Txinako itsosoraño.,western
prem769,"Sarrerako tunel batek, alde batien horma hobiko sukaldie dauenak eta biltegiratzekuek bestien, egongela nausire darue.",western
prem770,"Antzerki eta Kontezrtu Areto Nazionala, Megaron izenaz ezagune, Vasen dau, tel.: 01-7282333.",western
prem771,"Estatu Batuetako politikan interesa izatie lagungarrixe bada be, edozelan be interesgarrixek diez Watergateko zintie edo atzerriko gaiei buruzko Nixonen alkarrizketie entzuteko aukerie emoten daben pantailak.",western
prem772,"Hiriko beste monumentu erromatar haundixe, antzoki zaharra, hiriaren hegoaldien dau.",western
prem773,"SS guardien lurpeko egoitzaren ganien eraikitako eraikinek dau barruen Izuaren Topografixie, nazixek eragindako ikarie jasan ebenen bizitzie modu hunkigarrixen erakusten dauen argazki eta dokumentuen erakusketie.",western
prem774,"Proiektu hori bukatzen bada, kate osoko interesgarrixenetako bat izen biko leuke.",western
prem775,"Eskuz eindako autuek diez hiriaren erakarpen maitiena, eta sistemie Mugarri Historiko Nazional izendau eben 1964an.",western
prem776,"Depresinuen herrialdeko probintzixarik pobriena izen zan, gosiek hiltzeko zorixen egon zan.",western
prem777,1992ko Joku Olinpikuek jarri eben Bartzelonaren kirolzaletasun amorratuaren ospearen oinarrixe.,western
prem778,Ibili bizkarretan eta berba ein marinelen eta erromesen paperak dekiezan aktoreekaz.,western
prem779,Eraikinaren ezaugarririk ospetsuena matxinsalto itxurako haize orratza da.,western
prem780,"Egonaldi luzeagoetarako, informaziño buleguek Queticoko alkar blokeetan daben ubideen sare zoragarrixaren mapa zihetzak emoten dauz.",western
prem781,Pei dorretik bide bihurri batek darue Hong Kong parkeraino.,western
prem782,Teleaulkixe dau gustukoen jentiek.,western
prem783,"Informazinue eskuratzeko, deittu (213) 623-2489 zenbakire lanegunetan, 9:00etatik 17:00etara.",western
prem784,"Uhartien lasaitasunek 1287. urtera arte iraun aben, Alfontso iii.a Aragoikuek, bere noblien eskuetan umiliazinuek tarteko, inbasinorako aitzakixe aurkitu abelako orduen.",western
prem785,"Zutabien ganeko plataforma batien, Chaac-Moolen irudi zizelkatu bat dau, etzunde. Haren sabela katilu itxuran hustute dau, eskeintzak jasoteko. Aditu batzuek uste dabe giza bixotz freskuek be hartzen ebazala.",western
prem786,Lakuaren hegoaldeko kostaldeko hiririk haundixena Siefok da.,western
prem787,"Hiriaren erdixen dauen arkupe gotiko batetik, XIII. mendeko kanpai dorre izugarri baten ondotik, 90 mailako eskilara batek santutegiko XI. mendeko brontzezko atietara eruengo zaittu.",western
prem788,"Asko gustetan jake sozializetie, eta tabernetan, batez be taberna marroi famauetan, batu ohi diez, normalien, mundue konpontzeko.",western
prem789,Zurezko ohol bi eskuz altxauz funtzionetan dau,western
prem790,"Bigarren dorrien dau Torontoko burtsie, askoz zalapartatsuaue eta modernoaue.",western
prem791,"Autobusak Isidoro Macabicheko geltokixen gelditzen diez, edo, bestela, autobus urdin txikixek badiez, gobernuaren ordezkaritzaren eraikinaren parien, etorbide berien.",western
prem792,"Plazaren beste aldien Laleliko atzeko kaliek dauz, arropa merkie bilatzeko lekue.",western
prem793,"Barruko irristaketa ein liteke Ditan izotz pistan, Ditan parkien, eta Traders eta China World hotelak (1 Jianguomenwai Dajie) lotzen dauzen lurpeko merkataritza-gunien.",western
prem794,"Arma bikaina zan, baña hainbeste pisetan abenen, egunien 5 km (3 milia) bakarrik garraiatu eikien. ",western
prem795,"Liao hiriburuek, orduen Yanjing izenez ezaguna zan Beijingen, gaur egungo hiriburu modernoaren hego-ekialdeko eskualdie hartzen aben, eta Fayuen tenpluek bakarrik dirau garai haretatik.",western
prem796,Ikusi hondartza onenen zerrendie 82. eta 85. orrialdietan.,western
prem797,"bittartien, Caldas de Monchique leku egokixe da picnic bat eitteko eta basuen pasietako.",western
prem798,"Kanadako hamar zentaboko txanponien agertzen dan 1921eko belauntzi txapeldun ezagunaren erreplika honetan, bizkarrien ibili ahal za, eta ordu biko bidaia be ein leikezu.",western
prem799,Spectrum ataleko bisitarixek hainbet makina manipuletan eta zientzixie esperimentuetan parte hartzen animetan dabez.,western
prem800,"Antxine, barriro, Karibeko piraten leku kuttuna zan, urrin euelako Habanako, Puerto Ricoko San Jueneko eta Panama Hiriko kolonia gertuenetako jauntxuen atzaparretatik.",western
prem801,"Turismo-buleguek saiatu diez L'Estrie eremuaren izena aldatzen, baña quebectar militante gehixenek be gurau dabe betiko itzulpen zuzena, L'Esteko kantoiak, oso zihetza ez izen arren.",western
prem802,"Bidien, Arte Ederren Jauregixaren ondotik pasauko za, Panama-Pazifikoko Nazinoarteko Erakusketako erlikixie zaharbarritu bat.",western
prem803,"Oin dala gitxi arte, izkinako 8. etxie izen da Generalitateko presidentiaren egoitza ofiziala.",western
prem804,"Bi mendetako heresia erlijiosuaren ostien, Eleizak barritze espiritual bat biher aben, eta, horretan, aliau perfektue izen aben San Frantzisko Asiskue (1182-1226), eleizkoixe bera, baña ez lar militantie",western
prem805,"Horma, gailur eta tontorretan gora eta behera sigi-saga ein ahala, topografixa desafiatzailera egokitzen da, eta horrek arnas barik ixten dauz turista asko.",western
prem806,"Baña, azken modako razzmatazza gorabehera, museuek eztau ahaztu antxineko automobil ederren xarmie, eta, batez be, Kanadako lurrun-aro haundiko tren-makina zaharrak.",western
prem807,"Velázquez, Greco, Goya edo Zurbarán espainiar maisu zaharren Madrilgo bildumak eztau parekorik munduen.",western
prem808,Itsas Museuek Ozeano Bareko portuaren historixie jorratzen dau.,western
prem809,"Altzarixek eta ziderra, 29; Tai Sing Company-ko portzelanie, 122.",western
prem810,"7. kilometruen, eskumara bira eitten dau, Pok-Ta-Pok 18 zuloko golf-zelairantz. Aintzira ondoko lur-zati haundi batien dau golf-zelaixe.",western
prem811,Dam Square lurrez inguraute geratu zan historixan lehenengoz.,western
prem812,"Colónia de Sant Jordi hotelez eta villaz beteta dau, baña ez da iristen eremu turistiko bat izetera.",western
prem813,Iristen zien untzixetara arin sartzeko garatu zien txalupa horrexek.,western
prem814,"1847an, Kasten Gerrie izeneko altxamendu basati batien, maiek, kolono zurixek sarraskitu, eta penintsulako ixe bi herenen kontrola hartu eben.",western
prem815,Trachypithecus tximinuek eta buztan luzeko makakuek animalixa basatixek diez.,western
prem816,Hainbat tamaina eta apaingarrittakuek aurkitukozuz.,western
prem817,"Handik gertu, Xlapakek egitura nausi bakarra deko, jauregi bat, baña Labnak, ibilaldiko azken Puuc guniek, egitura ugari dekoz esploretako.",western
prem818,"Eraikinak eleiza bardin-bardin bi lotzen dauz: Franzesischer Dom (edo Katedral Frantsesa), iparraldien, higanot etorkinentzat eraikie, eta Deutscher Dom (Katedral Alemana), hegoaldien.",western
prem819,"Bisitarixek Barcino-Bartzelonari buruzko multimedia-film historiko birtual bat be ikus leikie, 28 minutukue.",western
prem820,"Ohartuarazo dabe kanpuen ezin dala jan, leikena dalako tximinuek hori afaltzeko konbidapentzat hartzie",western
prem821,Portuko zubixen azpixen badau Potter's Cay deritzon uharte txiki bat.,western
prem822,"Amsterdamek arpei asko dekoz, hirixe ospetsu ein daben diamanteek adina ixe.",western
prem823,Kontuen izen koko-rona eta beste fruta batzuekaz eindako ron ugari dauela.,western
prem824,"Antxineko Atenasen bixotza akropolixaren domuaren inguruen euen antolaute; harkatx ganien eraikitako tenplu sagrauek ebazan, eta hirixe harkatxaren ertz uhinduetan eraikitte euen.",western
prem825,"Aldarearen azpixen, ziderrezko disko batek zulo bat inguratzen dau; tradizinoaren arabera, han altxau zan Jesusen kurutzie, alde bakotxien lapur bat eukela.",western
prem826,"Uste da 1960ko hamarkada ezkeroztik aurkitutako espazixo irekixek pilota-jokuetarako erabilten ziela. Pilota-jokuek zeremonia-helburu garrantzitsue eben Indiako kulturan, ondino horri buruz gitxi dakigun arren.",western
prem827,"Kostatik urrin, maldiek gora eitten dau, pinu, mimosa, eukalipto eta txilar artien, ixe 915 m-ko altituderaño (3.000 oin).",western
prem828,"Saroniko uharteetako denporaldixe luzeaue da, apiriletik urrira bittartekue.",western
prem829,"Ehunka bidaiari jueten diez uharte bixetara egun-pasa, itsosontzira itzuli aurretik dana ikusteko irrikan.",western
prem830,"Gertuen dauzen instalazinuek Parnassus mendixen dauz (abendutik martire), hiritik ordu bire, autoz.",western
prem831,"Erruletan edo dado-mahaietan, jokalari nausixen onduen jokatu leikezu, edo txanpon batzuk bota makina txanponjalietara.",western
prem832,"Museuek oso ondo prestaute dauz, eta, gehixenetan, liburuxkak emoten dabez (gehixenetan alemanez, baña baita ingelesez eta frantsesez be, sarritten), erakusketei buruzko informaziño zihetzagaz. Borondate-kutxak be badauz, bakotxak gure dauena ordaintzeko.",western
prem833,"Hungariara iritsi barrixe izenda, hiritik kanpora juen bikozu, jokatu gure bozu.",western
prem834,"Errepidiek bihurgune itxixetan okertzen eta biretan diez, eta uhinduretan gora eta behera bihurritzen.",western
prem835,Pekinen gaur egun eztau ixe horren arrastorik.,western
prem836,Estaduko eta lekuko gobernu askok ikuskapen-baldintza gehigarrixek dekiez.,western
prem837,Informazinuaren segurtasun-taldiek hilien 8-12 saio eitten dauz.,western
prem838,"Halanda be, prestaketarako ingeniaritzie lehenau sortu zan.",western
prem839,"CIO erakundiek guztiz zentralizau edo deszentralizau beharrien, egitura horrexek konbinatuz kudeatzen dabez erakunde liderrek euren informazino-baliabidiek.",western
prem840,"7. tituluek eskatzen dauenez ordainketa-ziurtagirixe baño lehenau bidaia-eskaerak balioztatzeko, uste dou gastu guztixek bidaia-txartelien banaka sartziek baldintza hori beteten laguntzen dauela.",western
prem841,"Analisi honetako jatorrizko lanen azterketak erakusten dauenez, GAM gaixekaz modu potentzialean lotutako osasun-puntuek ospitaleratziek murriztu ebezan, bai oinarriko estimazinuetan, bai alternatibuetan.",western
prem842,"Ondorioz, gobernuko arduradunak eta kudeatzailiek pentsetako modu barrixek bereganatzen dabiz: helburuek lortzeko modu desbardinak kontuen hartu, eta erabagixek bideratzeko informaziño barrixek erabilten dabiz.",western
prem843,Baleike espediente judizialak itzuli biher izetie ingelesa ez dan hizkuntza batien irakurtzen daben bezeroentzat.,western
prem844,Hori C-R funtziño sinple batek definidutako C-R erlazinoei nahiz C-R funtziño anizkunek definidutakoei apliketan jake.,western
prem845,Gaur egun abian dien edo aurreikusten dien beste ahalein batzuk.,western
prem846,"Bestiek beste, faktore honexek: epe laburrek, jatorrizko artxibo informatikuek ezabatzie eta biherrezko dokumentuek ez eskuratzie",western
prem847,"4. irudixen, lan-zerbitzu partekauen eskeintza-kurbie agertzen da.",western
prem848,"Gero, hasikerako bisitie ein aben ordezkari berak barriro bisitau dau hornitzaile barrixe, galderei erantzuteko eta erreklamazinuen laginien ikusitako edozein arazori buruz eztabaidetako.",western
prem849,Kontue ez da bakarrik aurrezkixek eragine izatie aberastasunaren stockien; aberastasunak be badau eragine aurrezteko erabagixen.,western
prem850,"Adibidez, aztertu gendun erakunde batien, bi bat-eitte izen zien; ondorixoz, enpresak negozixo barrixek integrau biher izen ebazan atuen, eta berregituratu ein zan, negozixo-premina gero eta haundixauek kontuen hartzeko.",western
prem851,Kezkatzen ginttuna zan bidaia benetan ein zala egiaztau aurretik ordainketie baimentzie,western
prem852,"Teknologixie oso integraute dau erakunde horrexetako negozixo-prozesuetan, negozixorako aukera lez ikusten dalako teknologixie, ez bakarrik tresna huts lez.",western
prem853,"Halanda be, SAB, gai horri buruzko literatura barrixek lagundute (Rossi et al.).",western
prem854,"Adibidez, emon deigun biher partekatuaren kostue 10a dala eta oinarrizko postaren kostue 16a dala.",western
prem855,Literaturan sarritten agertzen dien kontzeptu bi baliagarrixek izen leikez etorkizuneko ikerketen barri emoteko.,western
prem856,"Marrek bialtzaile guztixen ongizete-mailie adierazoten dabe, eta erronbuek, barriro, lana beste baten bat eruetiaren galera teknikuek (baldin eta negatibuek badiez).",western
prem857,"Arriskuen ebaluaziño horretan oinarritute, Centrelink-ek berariazko prebentzino-estrategixak garatu ebazan, onuradunei eta enplegu-emoileei diru-sarrerei buruzko informazino-eskakizunen barri emoteko.",western
prem858,"Horri esker, diseinuaren erakustaldixek ein ahal izen zien, enpresek inbertsiño garestixauek ein aurretik fabrikazino-ekipuetan eta erakuste-faserako produkzinoaren prototipo adierazgarrixek eraikitzeko tresnetan.",western
prem859,"Bestela, mezu kezkagarri bat bialduko jake GAOko biherginei, prentsari eta publikueri.",western
prem860,Hego Carolinako lankidetza-ahaleinek arrakastie izen eben hurrengo urtien be.,western
prem861,Konderriko biherginek prest egongo diez auzilariei euren ikerketiagaz laguntzeko.,western
prem862,CIOek eta agintari erabagitzailiek zehazten dabe zer biher mota dan egokixe azpikontratetako eta zer biher mota eitten dan hobeto enpresa barruen.,western
prem863,"Batzordeko funtzionarixo baten arabera, Batzordeko 605 b) ataleko ziurtagirixek ez jakozan bereizita emon Enpresa Txikien Kudeaketearen (SBA) Defentsarako Abogadu Nausixeri.",western
prem864,"Hoteleko gastuek eta beste batzuk alkartu ezkero, bidaia benetan gauzatu dan ala ez egiaztauko da.",western
prem865,"Merkataritza-enpresek prototipuek erabili ebezan produktuek garatzeko prozesu osuen, ez bakarrik produktuek integratzien.",western
prem866,"CIO korporatibuek CIOekaz edo beste informazino-kudeatzaile batzuekaz eitten dabe biher negozixo-unidade bakotxien, korporaziño guztirako teknologixa eraginkorra, fidagarrixe eta alkarreragingarrixe bermatzeko.",western
prem867,BLMk errendimendu-arau arrakastatsuek sartu ebazan.,western
prem868,"Adibidez, bisitau gendun estadu-hiriburuetako batien, 600 software-enpresa baño gehixau dauz.",western
prem869,Biherrezko atal edo elementu guztixek sartzie,western
prem870,"Erakunde nausixek erabagiten dabe, hornidura-estrategixa baten barruen, berariazko informazino-teknologixie eta kudeaketa-lanak barruko biherginen ala kanpoko hornitzaileen bidez ein.",western
prem871,"Azkenik, CEUek kontroletan dau informazino-teknologixaren eta kudeaketearen funtzinuek CIOari, CIOaren erakundeari eta beste antolamendu-unidade batzuei esleitzie",western
prem872,"CIO erakunde bat garatzie etenbako prozesue da, eta eskatzen dau argi eta garbi ulertzie erakundeek zer erantzukizun daben enpresen biherrak asetzen laguntzeko.",western
prem873,"1 Aurreko atalien ez bezala, atal honetako datu guztixek 1988. urtekuek diez.",western
prem874,"Aurrezki-fluxue funtsezkue da aberastasun-stock bat metatzeko; arau orokor lez, inoz aurrezten eztauenak eztau aberastasunik izengo.",western
prem875,"Uko eitteko eskaera formalik ezien, auzitegi federaleko abogadu bati jagoko, bai etikari jagokonez, bai auzitegiaren arauek betez, edozein gairi erantzutie",western
prem876,G. LSCk finantzautako abogaduei bezeruek Estatu Batuetatik alde eitten dauenien kasuetatik erretiratu daitezela exijitziaren ondorixozko kargak.,western
prem877,"Erakunde baten hornidura-estrategixie giza kapitala garatzeko estrategixa zabalau baten parte da, IV. printzipixuen eztabaidatzen danez.",western
prem878,Bezero bat falta danien lege-ordezkaritza aldi baterako etetie eta jarraipen bat eskatzie ez da kasue modu formalien ixtearen alternatiba bideragarri bat.,western
prem879,"2000ko urte fiskala oparue izen zan GAOrentzat, lorpenez eta arrakastaz betie, zeren eta zerbitzu bikaina emon jakon Kongresuari, eta AEBko zergadunek onura haundixek izen ebezan.",western
prem880,"Atalaserik onartzen ez danien, eta halan izeten da sarritten azterketa epidemiologikuetan, onartzen da edozein esposizino-mailak ez dotzola ekarten erantzuteko arriskurik populazinoaren segmentu bati, gitxienez.",western
prem881,"Informazinuaren teknologixaren arloko trebetasunen eskaera haundixe dala eta, estadu-kontratazinue gatxa izen zan; horregaittik, CIO honek barne-softwarearen garapenaren eta kudeaketearen alternatibak bilau ebazan.",western
prem882,"Zehaztasun haundixauaz jokatu ezkero, sarrixau lortuku helburue.",western
prem883,Merkurio-isurixek merkurixue metatzen dabe uretan.,western
prem884,"Gañera, GAOren emaitza harrigarrixek eta inbertsinuaren itzulkine ikusitte, zentzukuena da GAOk beste erakunde federalen batezbestekue baño askoz baliabide gehixau jasotie",western
prem885,"Azkenik, emoten dau posta-dentsitatie faktore garrantzitsuaue dala kaleko bialketa-kostu unitarixuetan, bolumena gaur egungo Frantziako eta Estatu Batuetako tarteetan baino.",western
prem886,Balixo-sortzaile izetie eta negozixo-emoitzetan bezerue ardatz izetie,western
prem887,"Gañera, datuen mugak argitu biher diez, datuetatik ondorixo oker edo gure bakorik ez atarateko.",western
prem888,"Azkenik, ebaluau dozuezan datuek biher bezain fidagarrixek ez badiez, txostenien sartu biher zeunkie ondorixo hori, eta ikuskatutako entidadiari gomendau neurri zuzentzailiek hartu daizan.",western
prem889,"LSCren plangintzarako laguntza-funtsekaz, Bar Fundazinuek aholkulari bat kontratau dau Koordinaziño Kontsejueri birkonfigurazino-plan bat prestetan laguntzeko, eta martixen aurkeztukotzo LSCri.",western
prem890,"Urtenbide horrexetan, larrialdi-zentro eta osasun-etxe bakotxera ondoen egokitzen dien esku-hartze motak eta pazientearen arazo espezifikuek aztertu biko diez.",western
prem891,"Enpresek euren jabetzapeko filial bat sortzeko erabilten dabe baliabidie, esan aben Delaney jaunak, New Yorkeko Abogaduen Aliantzaren zuzendari exekutibuek.",western
prem892,"Chávezen kasuek Coloradoko Zerbitzu Juridikuek eindako inkestan eindako aurkikuntzak islatzen dauz, eta, inkesta horren arabera, estadu osoko etxaldeetako bihergin migratzailiek pestizida arriskutsuen eraginpien egon ohi diez, lege federalak urratute.",western
prem893,"Gizarte Segurantzak eztau kontuen hartzen bihergin federalentzat batez be edo modu esklusiboan ezarritako programarik, halan zelan pentsiño planak eta bestelako erretiro-planak.",western
prem894,"Zerrenda horretan, erreklamazinuek errazoizkuek dien ala ez zehazteko informaziño gehigarrixek emoten jakez txartela onartzen dauen administrazino-biherginari (oro har, bidaiariaren gainbegiraleari) eta ziurtagiri-emoiliari.",western
prem895,"Hori pasetan danien, mailegu-emoiliaren funtsak Altxorraren baloriek inbertitutako salduen gañien dekiezan interesak sakrifiketan dauz, eta horren ordez mailegu-hartzailearen funtsaren interesak jasoten dauz maileguaren zenbatekuaren ganien.",western
prem896,"Aldi hori A eranskineko A-3 dokumentuen agertzen da. Halanda be, proiektuaren berezitasunen arabera, hilebete biko gorabeherak egon leikez biher dan denporieri jagokonez.",western
prem897,Baña Batzordiek ezin dau gomendixo zaharrik emon zifrak zentzudunak badiez.,western
prem898,"Une hezigarriaren kontzeptuek, une horretan kontzeptualizaziño hutsa izen arren, larrialdi-zentruen alkohol esku-hartziek eitteko interesaren zati bat adierazoten dau.",western
prem899,Posta-zerbitzue beste posta-administraziño batzuk baño ahulaue da “gainbakotze” izenekoaren aurrien.,western
prem900,"Hasikerako behaketek iradokitzen dabenez, leikena da GPRAren errendimenduari buruzko txostenak erabilgarrixauek izetie.",western
prem901,"Larrialdixetako gelako bisitak ospitaleratziek kontuen hartzen dauzen onuren azterketan sartu ezkero, adibidez, onura batzuk birritten zenbatuko diez ospitaleratze-kategoriaren barruen larrialdixetako gelako bisitak sartzen badiez.",western
prem902,Gero eta agerikuaue da larrialdi-zerbitzuko esku-hartziek eraginkorrak diela eta tratamentu-deribazinuek funtzionau leikeela.,western
prem903,"Garraiue, energixie, larrialdi-zerbitzuek, finantza-zerbitzuek eta komunikazino-sistemak babestie gero eta garrantzitsuaue da, neurri haundi batien informazinoaren teknologixaren mende dauzelako.",western
prem904,"11 Halanda be, egokitzapenik gatxenetan, zerbitzuz kanpoko denporie nabarmen aldatu leike.",western
prem905,"Enpresako informazino-segurtasuneko talde zentralaren arabera, prozesu horrek enpresa-administratzaileen arteko segurtasun-kontzientzixie areagotzen dau, biher dien kontrolak eitteko laguntzie emoten dau, eta informazino-segurtasunari buruzko oharrak erakundearen merkataritza-eragiketetan integretan laguntzen dau.",western
prem906,"Programaren hezkuntza-feedbackak onarpena bultzatzen dau, eta disuasino-elementu lez jokatu leike etorkizuneko hutsegittien aurrien; izen be, profesionalak jabetzen diez urtero itzultzeko eskatzen danaren jarraipena eitten dauela HICk.",western
prem907,Esku-hartziek eta feedbacka indibidualizetako teknologixa barrixek erabiltiek lagundu ein leike arrisku-patroiek eta alkohol-arazoen patroiek dekiezan pazienteen arreta-sistemie hobetzen.,western
prem908,Eskaera eitten danetik hitzartutako jarduerak eitten dien arte 46 aste igaroten diez unidade bixetan.,western
prem909,Azpimarratu eben etenbako zaintzie beharrezkue zala kontrolek egokixek izeten jarraitu eien –gaur egungo arriskuei aurre einez eta operazinuek alferrik oztopau barik–‚ eta informazino-sistemak erabilten eta mantentzen ebezan personek antolaketa-politikak bete eiezan.,western
prem910,"Modu berien, CFO Legiek, GMRAk eta GPRAk eskakizun barrixek ezarriotziez erakunde finantzarixo federalei.",western
prem911,"Ekimenetako batien, Estaduko gobernuen merkataritza elektronikue ezarteko jarraibide estrategikuek, gidalerruek eta arauek ezarri zien.",western
prem912,SCR konexinue hiru astetik bost astera bittarteko etenaldixen gertau leike.,western
prem913,Posta-kode bat bide askok erabili leikie.,western
prem914,"2010ien eta handik aurrerako urtietan kaltetutako EGUen kasuen, administratzailiek 474 atalaren arabera esleituko dauz merkurixue igorteko eskubidiek, eta 409 atalaren arabera eingo dauz merkurixue igorteko eskubidien enkantiek, A taulan agertzen dien kopuruen barruen.",western
prem915,"Beraz, agentzixa federalek barriro ebaluatu biher dabez giza kapitalaren praktikak, finantza-profesional federalak erronka barri horreei aurre eitteko eta euren agentzien xedie eta helburuek babesteko prestaute dauzela ziurtatzeko.",western
prem916,Paziente gaixuek alkohola kontsumitzie ez da traumatologiako taldearen eskumeneko auzixe.,western
prem917,"T errekuntzako ingeniaritza-unidadiek, 900 MWe-kuek, 8 izkinakuek, sufre-ikatz bituminosoaren % 1,5 inguru erretzen dabienek.",western
prem918,Onuren azterketa horretan erabilitako kontzentrazino-erantzun funtzinoetako batzuk epe laburreko lanen ondorixo izen zien.,western
prem919,24 Ezaugarri horrexek egokixek izengo leittekez GMRAren kontabilidade-txostenetarako be.,western
prem920,"Hurrengo irudixen, antolakuntza-egitura tradizional zentralizauek eta deszentralizauek erakusten diez, gaur egun erakunde liderrek erabilten daben konbinaziño hibridoagaz alderatute.",western
prem921,"Kasu guztixetan, neurri garrantzitsuek hartu biher leittekez bezeruaren erreklamazinoei kalterik ez eitteko.",western
prem922,"Produktuek euki barri edo asmau gehixau baeukezan, askotan, prototipo guztiz integratuek erabilten zien diseinuek baldintzak beteten ebazala frogetako.",western
prem923,"Erabagi horrexek hartu eta gero, CIO erakundiek laguntza eraginkor eta irisgarrixe emon biher dau, baliabidiek modu eraginkorrien esleituz eta erantzukizunak egunero betez.",western
prem924,Aurkeztu zure oinarrixek datuen fidagarritasuna zehaztugabe lez ebaluetako.,western
prem925,Erretiro-funtsak trukien ondorixozko diru-sarrerak eta bestelako finantzaketa-iturrixek diez.,western
prem926,"Agentzixie Lancaster, York eta Reading zerbitzatzeko zabaldu eben hasikeran.",western
prem927,"Abiazinuen aurrera eitten dabil, baña epe luzeko arretie bida.",western
prem928,Baldintza horren harire sortutako nahasketie esanguratsue leitteke.,western
prem929,"SCR sistemen hornitzaile alemaniar batek SCRa instalau aben alemaniar gaitasunaren zati haundi batien, lau aste baño gitxiagoko etenaldixetan.",western
prem930,Enplegatzailiaren eta enplegauaren ekarpenak modu berien kalkuletan diez normalien.,western
prem931,"Administrazinue, Substantzien Abusurako eta Osasun Mentalerako Zerbitzuen Administrazinue, eta Osasun Baliabide eta Zerbitzuen Administrazinue.",western
prem932,"20 bider, desaurrezkixek -egungo diru-sarrerak baño gehixau xahutzie- aberastasun-stocka murrizten dau, ze iraganien aurreztutako kopuruek amaitzie, aktibuek saltzie edo maileguek haunditzie dakar.",western
prem933,"Gobernu federal arduradune, eskaera horrexei aurre eitteko ahaleinien, bere eitten dabil errendimenduen oinarritutako kudeaketa-printzipixuek.",western
prem934,"Etorkizunari begire, erantzun eben agentzien heren batek, gitxi gorabehera, adierazo aben diseinue barrikusteko funtziño gehixau azpikontratetako aukerie aztertzen dabizela.",western
prem935,Texasek uste dau hezkuntza-modu askotarikuek onuragarrixek diela Medicaid programan.,western
prem936,"Oin arte, Gizarte Segurantzaren programa enplegatu federalei apliketan jaken neurrixen, ezaugarrixek eta baldintzak enplegatu pribatuentzako programako berberak izeten diez.",western
prem937,"Auditoretza bat planifiketako fasietan, ikuskatzaileek jakinarazo biher leukie zer erantzukizun dekiezan lege eta araudixek beteteari buruzko egiaztapen eta jakinarazpenen arluen eta finantza-informazinoaren barne-kontrolari jagokonez.",western
prem938,Oso gatxa izango leitteke Kaliforniako lege-zerbitzuetako abogadu batentzat jakittie ea Arizonako migrazino-fluxuen biher ein dauen bezero batek Mexikoko muga kurutzatu ete dauen.,western
prem939,"Agentzixa batek biherginek bidaixek erreklametako prozedura bat ezarteko asmue aben, bidaiarixek 75 dolarreko edo gitxiagoko gastue aitortu deien, salbuespenak salbuespen.",western
prem940,"Erosketa progresibuek, arazuek lehenau identifiketan dauzen ezkero, arriskuek mugatu leikez, eta horrek aldaketak edo zuzenketak errezau eittie ahalbidetzen dau.",western
prem941,"LNL eta Allenbrand-Drewsez gain, epaitegixek akusatu izendatzen dauz Gary Allenbrand eta Loren Drews, Allenbrand-Drews-eko zuzendarixek; eta R.L. garatzaile edo kontratistak.",western
prem942,Esan beharra dau posta-densidadiek kostuen dauen eragina haundixaue dala Frantzixan.,western
prem943,"Ezarpen-proiektu baten fase hori osatzeko, gitxi gorabehera 17 hilebete biher dauz SCRk.",western
prem944,"13.212 bizileku-ibilbideetako bakotxaren bolumen- eta bialketa-estatistikez gain, CCSk 5 digituko posta-kode bat eskeintzen dau ibilbide bakotxerako.",western
prem945,Onartzen dou per capita bolumenaren eta per possible piezen arteko zuzeneko erlaziño lineal bat.,western
prem946,"Ondoetorri-pakete hau eskura emoten da, Texas'19 Medicaid-en ordezkari bat bisitan etorten danien.",western
prem947,"Lehenengo eta behin, herrialde bakotxeko per capita bolumena erabilten dou gelditu leikezan piezak gertuau jarteko.",western
prem948,"Modu berien, A2 eta A3 tauletako estadistikek erakusten dabe garraiolari-ibilbidien bolumen haundiko ibilbidiek diru-sarrera eta hezkuntza-maila altuko posta-kodietan batzen diela.",western
prem949,"TVAk ingurabide bat instalau aben, gasa airearen aurreberogailutik zuzenien FGDra bialtzeko; beste alde batetik, ESPa eraitsi eta SCR erreaktorie eraiki zan haren lekuen.",western
prem950,Nekazari atzerritarrak sarritan ibilten diez Estatu Batuetan batera eta bestera.,western
prem951,Berrogeta lau proiektu piloturen 1995eko errendimenduari buruzko txostenak aurkeztu ebezan.,western
prem952,"Beraz, V. tituluaren ustiapen-baimena aldatzeko kalkulautako guztizko denporie 17 hilebete ingurukue da, gehi adostasun-probak osatzeko denpora gehigarrixe.",western
prem953,Frantzixak AEBk baño posta-dentsidate haundixauek eta bolumen txikixauek dekoz.,western
prem954,"Xehetasun gehixau gure izan ezkero, ikusi //www.healtheffects.org/Pubs/NMMAPAS letter.pdf.",western
prem955,"Diseinu eta neurri egokirik eskure ez dounien, esplorazinorako kasu-azterketa batek denporie eta dirue aurreztu leikez inplementazinuen, baita gure emaitzetan doun konfixantzie hobetu be.",western
prem956,"A eranskineko A-3 proban agertzen dan moduen, prozesu hori eraikuntza-baimenaren eskaeraren prozeduriagaz batera ein leike.",western
prem957,4.14 GAGASen arabera eindako finantza-auditoretzetarako arau gehigarrixe.,western
prem958,NHTSAko administratzailearen idazkarixek besteren esku itxi dau 32902 atalaren arabera erregaixe aurrezteko arauek emoteko ahalmena.,western
prem959,27 Zailtasuna areagotu eitten da SCR instalazinora doitzeko beharrezkuek dien galda-aldaketen neurrixe haunditu ahala.,western
prem960,"CVRko batzarkideek dirue mailegu lez emotie erabagi eben, ez dirulaguntza lez, baña danek bat ein eben finantzazino-eskaeriari buruzko botue emotien, Milnek eta Ralphsek bilerie itxi eta gero.",western
prem961,Taldie hilero batzen da aldez aurretik eztabaidatu eta/edo inplementautako ekimenen egoerie aztertzeko eta egungo arazuek eta ekimen posibliek proponidu eta eztabaidatzeko.,western
prem962,"61 Enplegatu federalek Gizarte Segurantzaren programen babesa izen leikie, halan zelan Gizarte Segurtasuna eta Medicare programena, asegurue daben gañerako biztanlien baldintza berberetan.",western
prem963,Eranskin honetan aurkezten dien datuek kuartila bateko ibilbide bakotxeko 5 digituko posta-kodearen datu demografikuetan oinarritzen diez.,western
prem964,"Gauza jakiñe da gaur egungo diru-sarrerak aurreztie dala aktibuek pilatzeko eta iraganeko maileguek itzultzeko modue, balixo garbixe haunditzen dalako.",western
prem965,"Helburuek abstraktuek izen baleikez be etxe estandarretan, aberastasuna haunditziek nabarmen eragiten dau onura definiduko pentsino-planen bidez batutako aurrezkixetan.",western
prem966,"Ingeniaritzako prototipuek (birtualak edo ekoizpenaren adierazgarrixek, hasierako produktu fisikuek)",western
prem967,"Oin arte ein dien erreformek ondorixo sakonak dakartzoz gobernuek eitten dauenari, antolatzeko moduari eta herrialdeari eta herritarrei eskeintzen dotziezan zerbitzuei.",western
prem968,"Halan, 5 digituko posta-kode bereko datu demografikoen batezbestekuek kuartila bietako guztizko kopuruen arabera kalkulatu leikez.",western
prem969,Baltimoren ez dabe programa formalik gaixo dauzen eta biher ein ezin daben suhiltzaileei eta paramedikuei laguntza ekonomikue emoteko.,western
prem970,"Biher dan moduen inplementau ezkero, informaziño horrek bermatzen dau ein zala bidaia bat.",western
prem971,"Berez, C-R erlazinue aldatu ein leike leku batetik bestera (adibidez, populazinoaren sentikortasunien edo PMaren osaeran dauzen desbardintasunen ondorixoz), baña, normalien, eztau lokalizazinorako C-R funtziño espezifikorik.",western
prem972,"Azkenik, finantzaketiaren gaixe jorratu gure neuke.",western
prem973,Trukerik bako transakzinuek - irabazixek eta galerak,western
prem974,Zor-tituluek funts fiduziarixuen eta funts berezien aurretik erretiretie (txandakako funts fiduziarixuek izen ezik).,western
prem975,"Enpresak berregituratzeko prest jarraitzen dau, etenbarik aldatzen dabizen negozixo-beharrak asetzeko.",western
prem976,"Prestaketarako ingeniaritzarako eta kontratu-negoziazinorako sei hilebetetik zortzi hilebetera bittartien biher badiez be, 900 MWe-ko unidade bi osatzeko guztizko denporie 17 hilebetetik 19 hilebetera bittartekue izengo leitteke.",western
prem977,"Lehenengo eta behin, larrialdi-zentruek une hezigarri ezin hobie eskeintzeotzie alkoholagaz arazuek dekiezan pazienteei.",western
prem978,"Inskripzinue ein eta hiru hilebetera, lekuan lekuko ordezkarixek hornitzaile barri bakotxaren erreklamazinuen lagin bat ebaluetan dabe, eztabaidatu beharreko gairik ba ete dauen ikusteko.",western
prem979,"Beste alde batetik, badiez beste erantzukizun batzuk, halan zelan enpresa barruko informazinoaren teknologiaren plangintzie eta gainbeitzie",western
prem980,"Ikerketa-arlo hori nabarmentzeko ideak meritu haundixe badau be, operazionalizazinue problematikue da.",western
prem981,"Trapezoide kurutzatue ongizate-galera bat da posta-zerbitzu horreen merkatuarentzat, ezin dielako mobidu.",western
prem982,Datuetan huts eitteko eskubidie,western
prem983,"1989ko Posta Zenbaketa Nazionala 24 egunien ein zan, irailaren 5etik urriaren 2ra, eta 44.775 landa-ibilbide izen ebazan, guztira 46.197.",western
prem984,"A1 taulako estadistikek erakusten dabenez, batez beste diru-sarrera altueneko etxien eta heziketa-maila haundixeneko helduen posta-kodeetan eitten diez kuartila errentagarrixenetako ibilbidiek.",western
prem985,Hainbat personak lekukotza emon eben atzerritarrak herrialdie ixtien ordezkaritzie amaitzeaz.,western
prem986,"Aukera horren aurrien, baleike bezeruek herrialdie ixteko daben eskubideari heltzie",western
prem987,"1999an, 2.100 familia-mediku inguru sarearen bittartez sartu zien euren feedback-txostenetara, eta HICk hobekuntzak ein ebazan beste mediku batzuei feedbacka eskeintzeko.",western
prem988,"Ez geunke telefono-dei bat erantzungo, galdera bat erantzungo, deposiziño bat bertan behera itxiko, edo ez al ginttekez liburutegira juengo kasu bat aztertzera?",western
prem989,"Nabarmen ein dou aurrera GAOn hobetu beharreko esparru askotan, eta ahaleine eitten jarraittu biher dou.",western
prem990,Gertatu leittekezan etenen adibide bat diez webgune publikoetan zerbitzuaren kontra orain denpora gitxi eindako erasuek.,western
prem991,Gitxien aittetutako errazoie barruko nukleoari eustie izen zan.,western
prem992,"Alkohol-kontsumoaren inguruen arazo moltso bat dauen hein berien, egon leike urtenbide moltso bat be.",western
prem993,Edo bisitau GAOren Interneteko hasikerako orrixe helbide honetan.,western
prem994,"Aittetutako lau faseetako bakotxa osatzeko biher dien epeen estimazinuetan oinarrittute, errekuntza-unidade batien SCRa inplementetako aurreikusitako epie 21 hilebete ingurukue da.",western
prem995,Oposizinoko abogaduei eta epaitegixari edo administrazinoko organismoari bialdu biko litzaiekez jakinarazpenak.,western
prem996,Irabazixe edo galerie trukerik bako irabazi edo galera lez kontabilizatu bida.,western
prem997,23 Financial: CFO legearen helburuek lortzeko funtsezko bultzada jarraittue,western
prem998,Heziketa juridiko komunitarixue LSCren onuradunek emoten daben zerbitzu funtsezkue da.,western
prem999,"Halanda be, aurreratu leike larrialdi-zentroko bisitie une hezigarri lez erabiltie eraginkorra izen leikela larrei eraten daben persona osasuntsuentzat.",western
prem1000,Bistan da AICPAren agendie balorizazino- eta orientazino-ahalein komertzialek bete dabela azkenengo urteotan.,western
prem1001,"Erakunde nausixetan, bilakaeran dauzen enpresa-prozesuek funtsezkuek diez informazinue kudeatzeko erantzukizun horrexek zelan egituratzen eta egokitzen dien zehazteko, biher aldakorrak asetzeko gai izen daittezen.",western
prem1002,"Bixen bittartien, New York Hiriko Tabernen Alkarteko talde bat ikasleen zorrari buruz eztabaidatzen ibili da sei hilebetez.",western
prem1003,"Eraginkortasuna neurtzien, perfekzinue lortuezina da.",western
prem1004,"2000. urtien Hazmiri eta Mihdharri gela alokatuotzien pisukidie, antza, legie errespetetan dauen herritarra da, eta lagunak dekoz aspalditik udaltzainguen eta FBIko biherginen artien.",western
prem1005,"Bosniarako bidaiari buruzko informazinue lortzeko, ikusi inteligentzixa-zerbitzuaren txostenien datorren Al Qaeda sauditako kideari eindako galdeketie, 2001eko urrixen 3kue.",western
prem1006,"Janek Mihdharren bila ebilen New Yorkeko agenteari eskatuotzon FISAren aintzatespen-inprimaki bat sinatzeko eta, bertan, adierazoteko agentiek ulertzen ebala zelan tratau biher aben FISAren informazinue.",western
prem1007,"Kontrolguneko azterketan; hau da, gainditu biher izen eben segurtasun-geruza bakarrien, ez zan aurkitu harexei buruzko ezer aipagarririk.",western
prem1008,"Khalladek bigarren bertsiño bat emon dau; hau da, hirurek alkarregaz bidaiatu ebela Karachira.",western
prem1009,"Moussaouiz gain, honexek izen zien KSMk bigarren eraso-boladarako hautagai lez identifikautako Al Qaedako bihergin bixek Abderraouf Jdey, alias.",western
prem1010,"Inteligentzixa-zerbitzuaren txostenien datorren Binalshibhi eindako galdeketie, 2002ko urriaren 1ekue.",western
prem1011,Mihdharrek Estatu Batuetako beste visa bat jaso aben CIA-FBIk New Yorken bilera ein eta egun bire.,western
prem1012,"Atxiloketan, KSMk ukatu ein dau Al Qaedak agentiek dekozanik Kaliforniako hegoaldien.",western
prem1013,"Urte biz ikertzen ibili arren, FBIk ezin izen aben lankidie aurkitu, ezta haren benetako nortasune zehaztu be.",western
prem1014,"American 11-ren kasuen, hegazkinaren azkenengo komunikaziño arrunte 8:13an jaso zan.",western
prem1015,"Harexek aurkitu ahal izeteko Alemaniako Gobernuaren lankidetza haundixe eta premiazkue biher izango zan; baña, gatxa izango zan halangorik lortzie",western
prem1016,"Gaitasun horrexek ez zien nahikue, baña ezer gitxi ein zan harexek haunditzeko edo barritzeko.",western
prem1017,"Analistiaren mezu elektronikuek, barriro, erakusten dau informazinue partekatzeari buruzko lege-ohar eta legezko muga ugeri nahasten ebilela agente kriminalek inteligentzixa-kanalen bidez batutako informazinoari emon ahal jakezan erabilerak arautzen dabezan xedapenakaz.",western
prem1018,"Jentie eskilaretatik ebakuetan laguntzeko lana emotzien agente batzuei; beste batzuei, barrez, plazaren, bestibuluaren eta PATH estazinoaren ebakuazinue arintzekue.",western
prem1019,"Egoera horretan be, informazinue OIPRren pantailaren bidez emon biher izen eben murriztapengaittik.",western
prem1020,Irailaren 9an albiste izugarrixek iritsi zien Afganistandik.,western
prem1021,"Komuniketako ezintasuna baldintza larrixe izen zan World Trade Center-en, Pentagonuen eta Somerset konderrixen (Pennsylvania), hainbat agentzixa eta jurisdikziño ibili zielako biherrien.",western
prem1022,"Datu-base irekietan bilaketak einda lortu ahal izen ebezan gidariaren gidabaimena, autoen erregistro-zenbakixe eta telefono-zenbakixen zerrendie.",western
prem1023,"Transakziño osue susmagarrixe iruditu jakola alegatuz, Hazmi eta Mihdharrengandik aldendu zan administratzailie, baña ez harexek biher eben laguntza jaso aurretik.",western
prem1024,FAAren aire-zirkulazinoaren kontrolari buruzko datuen batzorde-azterketie.,western
prem1025,"2003an, izendapen horrexek ezabatu ein zien; nazinoarteko terrorismoaren inguruko gai guztixek izen bera dabe oin: 315.",western
prem1026,"PAPDko agente asko Hegoaldeko Dorrera igoten ibili zien, PAPDko larrialdi-zerbitzuetako unitatie barne.",western
prem1027,Hegoaldeko Dorrie erortzen ikusi aben agente horrek gertautakoaren barri emotzien Iparraldeko Dorrien euzen larrialdi-zerbitzuetako unidadeei bere ebakuazino-jarraibideetan.,western
prem1028,"Argindar-sorgailuek amatau ein biher izen zien segurtasuna bermatzeko, eta, ondorioz, igogailuek funtzioneteari itxiotzien.",western
prem1029,"Egoerie larriagotzen bada, baleike mehatxuari aurre eitteko bilera bat antolatzie",western
prem1030,Hezbolaren goi-mailako operatibo bateko kide batek bahitzailiek Iranera eruen ebazan hegazkin berien bidaiatu aben.,western
prem1031,Emoten dau Powell eta Rumsfeld idazkariei be emotziela gai horreei buruzko informazinue DCIk.,western
prem1032,"Ezkutuko ekintzarako, Zentro Antiterroristaren eta CIAko Eragiketen Zuzendaritzaren mende euen, jakiñe, Etxe Zurixe.",western
prem1033,"Riaden zala, Txetxenian jihada praktiketan izana zala esaotzien anaiei.",western
prem1034,"Gañerako unidadeei buruzko informazinue lortzeko, ikusi New Yorkeko suhiltzaileen erregistruetan dauen ordenagailuz lagundutako bialketa-txostena, 1377 alarma-kutxa, 2001eko irailaren 11,09:42:45-09:47:05.",western
prem1035,Beste batzuk berarixazko bidaiarien garraioari buruzkuek diez bakarrik.,western
prem1036,Clarkek gitxienez birritan aittetuotzon Rice Segurtasun Nazionaleko aholkulariari leikena zala Estatu Batuetan Al Qaedako zelula lokartuek egotie,western
prem1037,"Aldi berien, Saudi Arabiako gizartien Al Qaedak dirue batzen aben zuzenien gizabanakoengandik eta ongintzako erakundeen bittartez.",western
prem1038,Zer pasetan dabilen ikertzen gabiz.,western
prem1039,FBIk segurtasun- eta gaitasun-arau zorrotzak gorde biher dauz bere bihergin finko eta kontratatuen inguruen.,western
prem1040,"FBIko ikertzaileek ondorioztatu dabenez, Al Qaedak abiaziuen trebatzera bideratu ebazan Phoenix aldien euzen muturreko beste musulman batzuk be.",western
prem1041,"Mzoudik diño Marokora juen zala ezkontzera, baña ezin izen ebala, auto-istripu batien zauritu zalako.",western
prem1042,"Hirugarrenez, Predator-en eruen biher eben Hellfire misile ez euen prest.",western
prem1043,"Batzzarreko liderrei ez jaken emon PDBen barri, baña leikena da gai hori inteligentzixa-zerbitzuaren beste bilera batien aittetu izena.",western
prem1044,eztau adostasunik Ashcroftek Pickarden mehatxu terroristaren egoeriari buruzko informeetan aben interesari buruz.,western
prem1045,"Bihergin horrexek ez euzen harrapaute, baña, goiko solairuetako gehixenek ez bezala, talkaren ostien atuen ez jaistie erabagi eben.",western
prem1046,"Estatu Batuetara itzultzien, FBIko agentiek juen zien Hageren bila aireporture, galdekatu ein eben eta, hurrengo egunien, garai haretan Bin Laden ikertzen ebilen epaimahai federalaren aurrera eruen eben.",western
prem1047,"Shakur, berez, Farid Hilali dala identifikau dabe Espainiako agintarixek.",western
prem1048,"Konpainixa bixei eta hareen ekintzei buruzko informazinue lortzeko, irakurri New Yorkeko suhiltzaileei eindako 22. alkarrizketie, 28. batailoiarena (urtarrilaren",western
prem1049,2004ko 23a (Al Qaedako lider ezagunen ixe heren bi hil edo harrapau ebezan).,western
prem1050,"Mundu osuen aktibuek izozteko neurrixe ez da biher dan moduen aplikau, eta errez saihestu da, askotan aste gitxiren buruen, metodo sinpleen bidez.",western
prem1051,"Bidaiarien Izenen Erregistroko informazinotik hartu zan profile, eta ez ebazan aittatzen, bestiek beste, arrazie, kredue, azalaren kolorie edo jatorri nazionala.",western
prem1052,"Irailaren 11 eta gero, Motassadeqek alemaniar agintarixen aurrien onartu aben Shehhik eskatuotzola Shehhiren absentzixie ezkutetako moduen kudeatu eizala gauzek.",western
prem1053,"Suteen kontrako alarmaren inguruko gorabeheren barri izeteko, irakurri PANYNJri eindako 10. alkarrizketie (2004ko junixuen 16kue) eta PANYNJri eindako 7. alkarrizketie (2004ko junixuen 2kue).",western
prem1054,1991ko irailaren 9an iritsi zan Ajaj New Yorkera eta B-2 turista-bisa bataz sartu zan Estatu Batuetan.,western
prem1055,Ahal izan ezkero eraikinetik urtetako gomendatu jaken 5 WTCtik Portuko Agintaritzaren polizia-zerbitzura deittu eben zibilei.,western
prem1056,"Ipar Dorreko solairuarteko zabalgunearen inguruen jarri zien, eta A eta C eskilaretatik etozan zibilak eskilara mekanikoetan behera bideratu ebezan atondora.",western
prem1057,"FBIren txostena, 2001eko irailaren 18ko 93. hegaldixen agertu ez zien bidaiarixek.",western
prem1058,"Ricek eta beste batzuek goguen dabe presidentiek zelan esan aben ""Asper-asper einda nau eulixek akabatzen ibilttiaz"".",western
prem1059,"Berandututako bialketiari buruzko informazinue lortzeko, irakurri New Yorkeko suhiltzaileen erregistruek, ordenagailuz lagundutako bialketa-txostena, 8087 alarma-kutxa, 2001eko irailaren 11, 09:03:00-09:10:02.",western
prem1060,Mihdhar Estatu Batuetako bizitzaz kexau zan.,western
prem1061,"Inteligentzixa-zerbitzuaren txostenien datorren 1996ko Atef-en azterketie, hegazkinak bahitzeko eragiketei buruzkue, 2001eko irailaren 26kue.",western
prem1062,"Ballingerren ohartarazpenei buruzko informazinue lortzeko, irakurri Ed Ballingerri eindako alkarrizketie (2004ko apirilaren 14kue).",western
prem1063,"Diputatuek junixuen amaieran eindako bileretan, Teneti agindu jakon ebaluetako talibanak Estatu Batuekaz Al Qaedaren kontra alkarlanien aritzeko aukerak.",western
prem1064,"Gai batzuetan, alkarlanak hobera ein dau; beste batzuetan, barrez, okerrera.",western
prem1065,"Gure mugek eta gure immigrazino-sistemak, legie gordearazoteko neurrixek barne, ongietorri-, tolerantzia- eta justizia-mezue bialdu biher dotzie etorkinen komunidadeetako kideei, bai Estatu Batuetan, bai hareen jatorrizko herrialdietan.",western
prem1066,CIAk maietzaren 16an emon aben lehenengoz Arabiar Emirerri Batuetara eindako deiaren barri.,western
prem1067,Finantza-merkaduek barriro zabaldu eta biharamunien argitaratu zan adierazpen hori.,western
prem1068,"Bandar al Hazmik Arizona Aviation-en trebatzen jarraitu aben eta Saudi Arabiara itzuli zan aldizka, 2000ko urtarrilien Estatu Batuetatik azkenengoz urteban arte.",western
prem1069,"Jakitteko beharretik partekatzeko beharrera igaroteko errazoiei buruzko informazinue lortzeko, ikusi James Steinbergen testigantzie, 2003ko urrixen 14kue.",western
prem1070,"Eskilaretan biher ein aben konpainia bakotxien kapitana, tenientie eta bost suhiltzaile ibili zien.",western
prem1071,"Sail horretan, halaber, Operation Infinite Resolve (Ebazpen infinituaren operazinue) dalakue sartu zan, Al Qaedak Afganistanen ebazan helburuen kontra proponidutako eraso-segida bat.",western
prem1072,"1998an, ariketa bat zuzendu aben Clarkek konponbidie desegokixe zala agerixen ixteko.",western
prem1073,TSAk urtien 3 mila milioi bideratzen dauz azken gerriari aurre eitteko hegazkintzara.,western
prem1074,Kontabilidadeko Bulego Nausixek armen historixie aztertu aben eta ezin izen aben egiazkue zanik berretsi.,western
prem1075,Agentzixek arrakastie neurtzeko gai izen biher dabe.,western
prem1076,"Kanpalekue itxi eingo zala entzun eta gero, Kandaharretik gertu euen Faruqeko kanpamendura juen zien bera eta beste batzuk, eta trebakuntza gehixau jaso eben bertan.",western
prem1077,Agente ugari bertaratu zien zauritutako zibilei laguntzen eta oinez ibil ahal zienei atuen alde eitteko eskatzen.,western
prem1078,"Zintzotasune sustatzeko eta pribatutasune babesteko, alkarrizketatutako gehixenak ez identifikatzie erabagi gendun.",western
prem1079,"Normalien, irudimena ez da burokrazixekaz lotzen.",western
prem1080,Al Qaeda eta terrorismue lehentasun bat gehixau bilakau zien Pakistan eta Saudi Arabiagaz daborduko leporaño beteta eukiezan agendetan.,western
prem1081,"FBIk Parisen dauen legezko ordezkariaren bulegue abuztuaren 16an edo 17an jarri zan lehenengoz hartuemonetan Frantzixako gobernuagaz, Minneapoliseko kasuaren agenteagaz telefonoz berba ein eta gitxire.",western
prem1082,"Fiskalaren Buleguek edo epailiek uko eiotzon, FISAko auzitegixek atzera bota eikian FISAren epai-agindu baten eskaerieri, agentiek prozesu penalari iskin eitten saiatzen ebizela alegatuz.",western
prem1083,"Jane, Dave eta CIAko Bin Ladenen unidadearen lanen jakinaren ganien euen FBIko analista bat New Yorkera juen zien junixuen 11n, Cole kasuen biherrien ebizen agentiekaz alkartzeko.",western
prem1084,"1996ko maietzaren hasieran, Bin Ladenek biherbada Sudandik urtengo abela jakinarazo jakon CIAri.",western
prem1085,"John eta Daveren arteko trukeari buruzko informazinue lortzeko, ikusi CIAren mezu elektronikuek, Dave eta Johnen artekuek, 2001eko maietzaren 17, 18 eta 24kuek; CIAren mezu elektronikuek, Richard eta Alanen artekuek, Khalladen identifikazinue, 2001eko julixuen 13kue.",western
prem1086,"Pakistango azkenengo hartzailiek hawaladar pakistandarrera joko aben gero euren dirue jasoten, hawaladar pakistandarrak eskura aben edozein dirutatik errupiatan emona.",western
prem1087,"Talkaren ondorixoz, asko hil ein zien edo larri zauritu; beste batzuk, barrez, ixe kalte barik urten eben.",western
prem1088,Sutan euzen solairuetako batzuk une haretan sue itzaltzeko eskura geunkezan indarren gaitasunetik haratau euzen.,western
prem1089,"Guztixek erabili ezkero, ez dou sistemako puntu bakarraren mende egon biher lan guztixe eitteko.",western
prem1090,"KSMk Al Qaedari eskeinitako laguntziari buruzko informazinue lortzeko, ikusi inteligentzixa-zerbitzuaren txostenetan datozan KSMri eindako itaunketak, 2003ko julixuen 12kuek (txosten bi).",western
prem1091,"Washingtongo Zentroko kontrolatzailiek hegaldixaren bila ebizen, baña ez jaken esan radar primarixuetan bilatzeko.",western
prem1092,"Izen horrexek Thailandiako agintarixen zaintza-zerrendetan euzenez, ondino ezin dou ulertu zergaittik ez eben lehenau emon horren barri.",western
prem1093,"Bushen Etxe Zuriko bihergin nausixek izen zien Condoleezza Rice segurtasun-aholkulari nazionala, George H.W.-ren administrazinuen NSCko kide izen zana",western
prem1094,"Atondoaren ipar-mendebaldeko izkinan euzen solairutik sabairainoko leihuek, West Street aldera emoten ebenek, guztiz lehertu zien.",western
prem1095,Mugaren alde bixetan aliauek eukezala jakin zan.,western
prem1096,Beiruteko eta Irango Hezbolako agentiek talde bat noiz iritsiko zain euzen garai haretan.,western
prem1097,Terroristek identidade faltsuek erabilten dabez zaintza-zerrenden bidez hautemon ez deiziezan.,western
prem1098,New Yorkeko suhiltzaileen eta poliziaren arteko koordinazinorik ezak irailaren 11n eragin katastrofikue izen ete aben eztabaidau izen da.,western
prem1099,"Nitrozelulosaz hornitutako txalekuek bialdutr karga-hegazkinak bonbardetako KSMren proposamen gehigarriari jagokonez, KSMk adierazo dau Bin Ladenek eragiketa aldatzeko interesa erakutsi ebala, operaziño suizida baten mesedetan.",western
prem1100,"New Yorkeko polizixaren helikopteruek erabilten ebizen hiri osoko SOD kanala gainbeitzen jarraitu bittartien, larrialdi-zerbitzuetako unidadiek dorreetara igoteko erabilten ebizen puntuz puntuko kanal taktikue be gainbeittu aben.",western
prem1101,"Portuko Agintaritzako bihergin zibil batzuk goiko solairuetan geratu zien, harrapaute euzen zibilei laguntzeko eta ebakuazinuen laguntzeko.",western
prem1102,"Irailaren 11ko ebakuazino-laguntzetarako, ikusi, adibidez, Zibilei eindako 14. alkarrizketie (apirilaren",western
prem1103,"Hazmiri lehenengoz mailegu baten eskaerie errefusatu eta gero, administratzailiek bere banku-kontue erabilteko baimena emotzon 5.000 dolarreko transferentzixie jaso eian.",western
prem1104,"Ez dou alkarrizketau ezagutzen doun persona oro, ez eta artikulu edo agiri garrantzitsu oro aurkitu be.",western
prem1105,Kongresuek inteligentzixa-zerbitzue eta terrorismoaren kontrako burrukie gainbeitzie disfuntzionala da oin.,western
prem1106,"Las Vegasek turistak besuek zabalik hartzeko dauen ospeaz gain, ez dou ikusi ebidentzixa sinesgarririk operatibuek, oinguen eta beste batzuetan, Las Vegasen alkartzeko errazoia azaltzen dauenik.",western
prem1107,"Modu nausixen, Ramzi Yousefegaz alkartutako terrorista independentetzat hartu eben KSM, 1996ko urtarrilien Manilako hegazkin-atentatuen parte hartu izanagaittik auzipetue.",western
prem1108,"Pilotuaren eta helikopteruaren sinesmenerako, ikusi New Yorkeko poliziari eindako 12. alkarrizketie, Abiazinue (Martixaren",western
prem1109,"Egixetan, New Yorkeko suhiltzailiek ez zien arduratu hirixek larrialdiari emotzon erantzuna kudeatziaz, alkatearen zuzentarauek halan eskatu arren.",western
prem1110,Bin Ladenek eta Al Qaedak sustatutako terrorismuek ez euken zerikusirik gobernuek ordura arte ezaututakoekaz.,western
prem1111,"Talibanak lekuz aldatzeko itxaropen guztixek galdu ebezanez, erregimenaren aurkarixei ezkutuko laguntzie emoteari buruzko eztabaidie berpiztu zan.",western
prem1112,"Dubai igarobide ezin hobie zan, hiri modernue zalako, aireportu garrantzitsu batera errez iristeko bidie, bidaia-agentzixak, hotelak eta mendebaldeko merkataritza-establezimenduek eskeintzen ebazalako.",western
prem1113,"Polizixak tiro eiotzon gizonari, eta gero bere buruaz beste ein aben hegazkinien, ondino aireportuen lur hartuta euzela.",western
prem1114,"Gaur egun KSM eta Al Qaeda errez lotzen badouz be, irailaren 11a baño lehen ez zan halangorik pasetan.",western
prem1115,"Agintarixek Pakistanen be jarri eben arretie, eta talibanak Al Qaedaren kontra jarteko zer ein eikien aztertu eben.",western
prem1116,"Azkenik, Paul O'Neill Ogasun Saileko idazkarixari Al Qaedaren finantzaketie helburu aben plan bat eitteko eskatuotzon, haren aktibuek enbargetako.",western
prem1117,"Haznawi (93. hegaldixe) eta Wail al Shehri (11. hegaldixe) 2001eko junixuen 8xen iritsi zien Miamira Londresetik, aurreko hiruen ibilbide bera erabiliz.",western
prem1118,"Terrorismuaren kontrako burrukan, bereizketa horrexek gero eta artifizialauek emoten dabe.",western
prem1119,"Iturrixek adierazo abenez, Bin Ladenek leherkarixen fabrikazinuen aditue zanaren laguntzie eskatu eta jaso aben. Aditu ha 1996ko irailera arte egon zan bertan trebakuntzie emoten, eta orduantxe jaso eben informazinue Estatu Batuek.",western
prem1120,Atxilotuek Slahiren bilerie 1999ko urrixen ein zala esan aben.,western
prem1121,"Attak Txekiar Errepublikara ein aben bidaiari buruzko informazinue lortzeko, ikusi ibid.",western
prem1122,"Maietzien edo junixuen, Clarkek terrorismuaren kontrako zereinetatik zibersegurtasunaren inguruko erantzukizun multzo barri batera aldatzeko eskatu aben.",western
prem1123,"Egun bi geruau, Ahmed al Ghamdi eta Abdul Aziz al Omari, New Jerseyn Hazmi eta Hanjourgaz bizi izen zienak, Miamira itzuli zien, seguruenez, lau bahiketa-taldiek azkenien esleitu ebezela adierazoz.",western
prem1124,"Gates txosteneko gomendixuen barri izeteko, irakurri Ikerketa kriminalen dibisinoko lantaldiaren txostena, Inteligentzixa-zerbitzuaren ohartarazpenen hobekuntzie, 1992ko maietzaren 29kue.",western
prem1125,"Hegazkinek talka ein ostien ezin zien bajau, eraikineko hiru eskilarek jasandako kaltiek edo aurrera eittie galarazoten eben baldintzak ziela eta.",western
prem1126,Hareen eskakizunek askoz apalauek diez tamainari eta konplexutasunari jagokenez.,western
prem1127,"Eztot uste aintzatestie horren garrantzitsue danik, talibana CNNren aurrien kiskalitako Predator batetik urtetan ikustiek sortzen dauen interesak programie pikutara jueteko arriskuen ixten badau, idatzi aben.",western
prem1128,"Gerora, Bush presidentiek goraipatu ein aben proposamen hori, bere pentsamoldien inflexino-puntu bat izen zala esanez.",western
prem1129,"Eraikuntzako biherginen eskutik eraikuntza-sistemen egoerie ezagutzeari buruzko informazinue lortzeko, ikusi New Yorkeko suhiltzaileen buruari eindako 4. alkarrizketie (urtarrilaren",western
prem1130,"Ondorengo identifikazinuei buruzko informazinue lortzeko, ikusi CIAren telegramie, KSMren segimendu-iturrixe, 2001eko julixuen 11kue.",western
prem1131,"Otsailaren 4rako, Hazmi eta Mihdhar San Diegora iritsi zien Los Angelesetik; seguruenez, Mohdar Abdullah-k ein ebazan gidari-lanak.",western
prem1132,Eragozpen bat zan Justizia Saileko kidiek ezin ziela proponidutako erreforma guztixetan ados jarri.,western
prem1133,"FBIren ikerketa-txostena, Jennifer Stangelen alkarrizketie, 2001eko irailaren 14kue.",western
prem1134,"Irailaren 11aren aurretik, AEBetako gobernuko agentzixa batek be ez eban modu sistematikuen aztertu terroristen bidaiatzeko estrategixarik.",western
prem1135,"Ikusi inteligentzixa-zerbitzuaren txostenetan datozan KSMri eindako galdeketak, 2003ko julixuen 1ekue; 2003ko irailaren 5ekue.",western
prem1136,Ez zan inoz izen eztabaidagai formal bat erakundeen artien.,western
prem1137,3. Deixe C terminaleko telefono publiko batetik ein zan (kontrolgunearen eta United 175en hegazkineratze-atiaren artien euen).,western
prem1138,"Leherketak sei lagun hil euzen, 1.000 bat gehixau zauritu, eta agerixen itxi aben World Trade Center eta hirixe ez euzela larrialdi-egoerei erantzuteko guztiz prest.",western
prem1139,"Estatubatuarrek be zelan ein pentseu biko leukie, euren gobernue beste modu batera antolatu.",western
prem1140,Atlantatik gertu dauz leku horrexek guztixek.,western
prem1141,"Hotelen antolakuntziari buruzko informazinue lortzeko, irakurri inteligentzixa-zerbitzuaren txostenetan datorren Khalladi eindako galdeketie, urtarrilaren",western
prem1142,"Aurrerau, CIAk ebaluaziño formalauek aurkeztuotzezan Etxe Zurixeri, eta ondorixo hori berretsi aben.",western
prem1143,43 Tommy Franks Aginte Nausiko (CENTCOM) komandante nausixek esaozkun lehendakarixe ez euela gusture.,western
prem1144,Personak erre izana be aittatzen zan alkarrizketan.,western
prem1145,"10:45ien, Defcon 3a atzeratzeko esaotzien hizlarixei, baña minutu bat geruau atzera bota zan agindu hori.",western
prem1146,"Ondorioztatu eben bidaiari bakar bat be ez euela irailaren 11ko erasuekaz konektaute, eta harrezkero ez dabe aurkitu ondorixo hori aldatzen dauen probarik.",western
prem1147,"Halanda be, hurrengo egunien kaleratutako aurrekontuen arma-delituak, drogen trafikue eta eskubide zibilak nabarmendu ebezan lehentasun lez.",western
prem1148,Mehatxue ez zan zelula lotsatixena.,western
prem1149,"Connecticuten, New Yorken eta New Jerseyn bizi izen zan Rababah, eta ikertzailiei esesaotzien Patersonen (New Jersey) finkatzie gomendatuotziela Hazmi eta Hanjourri, komunidade haretan arabieraz ibilten zielako.",western
prem1150,Esaozkue Pickard eta Ashcroftek ez ebela hartuemon onik.,western
prem1151,"Egun haretan bertan, ikuskatzailiek inteligentzixa-zerbitzuko agente batengana bialdu aben burue, inteligentzixa-kasu bat zabaldu eian; holan, agente bat izango eben beste aldien, FBIko inteligentzixa-zerbitzuaren informazinue fiskalekaz partekatu ez eien.",western
prem1152,"Nausixaren eta enpresen etorreriari buruzko informazinue lortzeko, ikusi Jules Naudet eta Gedeon Naudet, bideue, 2001eko irailaren 11kue; New Yorkeko suhiltzaileen buruari eindako 4. alkarrizketie (urtarrilaren",western
prem1153,"PAPDko agente asko konplexuaren beheko solairuetan euzen. Batzuek ebakuazinuen laguntzen eben, beste batzuek 5 WTCko PAPDren kontrol-puntue kudeetan eben, edo atondoko aginte-postuetan lagundu.",western
prem1154,"Bere aholkularixek Estatu Batuetan zelula bat euela esan izen botzien, haretaz arduratuko zala esan aben.",western
prem1155,FBIko ikertzaile batzuek zalantzan jarri eben Rababahren historixie.,western
prem1156,"Adibidez, alkatiek eta polizixa-komisarixuek New Yorkeko suhiltzaileen buruari eiotzien kontsultie 9:20 aldera.",western
prem1157,"Gihar lanak ein biher ebezan 15 bahitzailiek, bi izen ezik, turista lez onartu ebezan, eta, horri esker, sei hilebeteko egonaldixe ein ahal izen eben Estatu Batuetan (Mihdharren kasuen izen ezik, lau hilebeteko baimena jaso eban ta).",western
prem1158,"Pasaporte garbixek eta kaltetutako pasaporte bixek eskuratzeari buruzko informazinue lortzeko, irakurri inteligentzixa-zerbitzuaren txostenetan datozan KSMri eindako galdeketak, 2003ko julixuen 3kue eta 2003ko irailaren 9kue.",western
prem1159,Hotelien alkartu zan gañerako taldekideakaz.,western
prem1160,"Ganera, adierazo dau Attak zentral nuklear bat be baeukela helburuen atariko zerrendan, baña Bin Ladenek idea hori alde batera ixtie erabagi ebala.",western
prem1161,"Onartzen dou gatxa izango zala NORADen defentsa-jarreran horren aldaketa garestixe eittie bahitzaile suiziden arriskuari aurre eitteko, halango mehatxurik baeuenik be jakin barik.",western
prem1162,"KSMk jarraibidiek emon ahal izen dotzoz Binalshibhi Moussaouiri dirue bialdu eion, Moussaoui Jarrahren ordezko pilotu lez prestetan laguntzeko.",western
prem1163,Thumairyk ukatu ein dau halango diziplina-neurrixek hartu izena.,western
prem1164,"Hainbat erregistro ofizial aztertzeaz gain, Irakeko enbaxadatik kanpo hartutako zaintza-argazkixek be barrikusi ebazan Txekiar Gobernuak.",western
prem1165,"Yousefek Pakistanera ihes eittie lortu aben, baña haren konplize Murad, KSMren esanetan eragiketie finantzetako 3.000 $-ekaz Yousefengana bialdu abena, atxilotu ein eben, eta planaren xehetasunak emon ebazan galdeketie eittien.",western
prem1166,"Estatu Batuok geure burue mundu islamiarraren aurrien definiduteko oldarkor jokatzen ez badou, extremistek gogoz eingo dabe halan geure partez.",western
prem1167,"NCTCko buruek inteligentzixa-zerbitzu nazionaleko zuzendariordien mailako kargu bat izen biko leuke, adibidez, 2. mailako zuzendari exekutibue, baña haren karguek beste izen bat deko.",western
prem1168,"Binalshibhen ustez, Jarrahk familixiari eitteotzezan bisiten ildotik sortu zien neurri batien desadostasunek.",western
prem1169,"Ekonomixa arrakastatsuek sektore pribadu dinamikoen mende dauz, gobernuek danen ganien dauen boterie murrizteko interesa dabelako.",western
prem1170,"Askorentzat, aktoreek biher eitteko leku onenetako bat da Indianapolis.",western
prem1171,"Egunien 24 orduz, astien 7 egunez eskeintzen dou telefono bidezko laguntzie, Prebentzinorako informazino-baliabideen zentruaren bidez eta Gurasoentzako arreta-zenbakixaren bidez.",western
prem1172,Kaxa horrexek batuta jarraittuko dabelako beste opari guztixek zabaldu ostien be.,western
prem1173,"Prezixo merkiei eutsi ahal izeteko, zuengana jo biher dou, gure ikusliengana, ekarpen txiki bat einez helburu hau lortzen lagundu ahal dozkuzuen.",western
prem1174,"00ren laguntzari esker, Indianapolis inguruko ixe 400 umeri orientazinue, indderra eta dibertsinue eskeini ahal izen geuntsen.",western
prem1175,"Hasikeran, banakuek 1.000 $-eko edo gehixauko opari bat ein leikie Kantzelarixaren Zirkuluen sartzeko, edo 500 $-eko edo gehixauko opari bat Kantzelarixen bazkide bilakatzeko.",western
prem1176,"Gure sendagile pediatrikuek jaiotzako akatsak, umien minbizixek, odol-nahastiek eta hezur-muina transplantetako teknikak aztertzen dabiz, eta geure ikerketa medikuek eta genetika molekularrekuek misterixo genetikuek argitzen jarraitzen dau.",western
prem1177,Zure oingo oparixek onura fiskal gehixau emon ahal dotzuz urte amaieran.,western
prem1178,"Dakizuenez, zuzenbide-fakultadeari urtien 1.000 $ edo gehixauko ekarpenak eitten dotziezan lagun eta ikasle ohiek diez talde honetako kidiek.",western
prem1179,"5Oeko hamarkadan hazitako ume lez, antzerki herrikoiaren ekoizpenetara juen izana da nire oroitzapen zoriontsuenetako bat.",western
prem1180,Gutun hau jasoten dauen bakotxak 18 $ emongo baleuz.,western
prem1181,"Beste barik, bereizi beheko aldie, markau jagokon aukerie, ein beharrezko aldaketak zure helbidien eta bialdizu erantsitako gutun-azalien.",western
prem1182,Ondino be 200.000 dolar baño gehixau batu biher douz zu lango harpidedun eta emaileengandik.,western
prem1183,Erizaintza-fakultadiek aben dohaintza eskuzabalak biher dauz bere hezkuntza-bikaintasunari eusteko.,western
prem1184,Parte-hartzaileen % 80k jakinarazoko dau gatazkak konpontzeko trebetasunak haunditu dabezala.,western
prem1185,"Mesedez, ez zaittez juen dohaintza-emaile ohien zerrendara.",western
prem1186,Ordenagailu bat eta modem bat dauen edonor sartu ahal izango da gure eremuen.,western
prem1187,"Umientzako Etorkizunek erakundien parte hartzeko Estatu Batuetako ume indigena bat babesien hartu leikezu edo Kidien Zirkuluen sartu ahal zara, gure komunidadeko hezkuntza-proiektuetan laguntzeko.",western
prem1188,"Beraz, atsegin haundiz luzatzeotzut gaur Filantropixa Zentroko ohorezko bazkide izeteko konbitie.",western
prem1189,Sarreren salmenta eta harpidetzak ez diez nahikue gure denporaldi osue finantzetako.,western
prem1190,"Zuzenbide-fakultadiaren beharrak honexek diez: ordenagailu gehixau erostie, gure guzurrezko epaimahaien bidaia-gastuek ordaintzie, Areto grisa barritzie, liburutegirako beharrezkuek dien erreferentzixa-materialak erostie‚…¶",western
prem1191,OPARI BARRIXEK! GUZTI-GUZTIXEK DIEZ LAGUNGARRIXEK!,western
prem1192,Bide luzie dou eitteko zu lango lagun eta harpidedunen laguntzagaz 365.000 dolarreko helburue lortu aurretik.,western
prem1193,"Gure Medikuntza Orokorreko Klinikak hainbat urte daruez biherrien eta, oin denpora gitxi, Defentsa Penaleko Klinika bat gehitu dou.",western
prem1194,Sarreretatik lortutako irabazixek ez dabe estaltzen programa horreen kostue.,western
prem1195,Audubon Alkarte Nazionaleko kidetzaren onura nausixek eztau berehalango ezer nabaririk emoten trukien.,western
prem1196,"Zehaztu erakundie (hala bajagoko), helbidie, hirixe, estatue eta posta-kodie",western
prem1197,Linda Hardwick Garapeneko zuzendarixe,western
prem1198,IRTgaz doten maitasun-kontue luzie da.,western
prem1199,"Personak eta hareen inguruko natura lotzearen bidezko hezkuntzie eta ikaskuntzie sustatzen dauzen erakundie izenda, etorkizunien arrakasta izeten jarraitzeko modu aktibuen prestetan dabil alkartie",western
prem1200,"Barne Zirkuluko kide lez, jarleku hautatuek izango dozuz batzarrien, eta afarixetarako, harreretarako eta jardueretarako konbidapen berezixek aste osuen.",western
prem1201,"1991rako berbie emon edo lagundu bozu, nire esker ona eta zuzenbide-eskolako administrazinoarena eta fakultadearena joatzuz.",western
prem1202,"IUPUIko unibertsidade-liburutegixei laguntzeko aben promesie barritzeko eskatzeotzut, eta ekarpen hori haunditzeko be bai.",western
prem1203,"Jantzixe Brigitte Doth-ek, Jade Stice-k eta Penny Laimanak ein dabe.",western
prem1204,"Kodie irakurtzien ikusten dan moduen, adiskide, ondino be zerga abantaila federal eta nazional asko dauz ongintzazko ekarpenak eitteko.",western
prem1205,"Baña zuzenbide-eskolen artien lehia haundixe dau, baita be, ikaslerik onenak eta argixenak erakartzeko.",western
prem1206,Gizarte Osasunaren Alkarteko hezitzaile graduauek aurkezpenak eskeintzen dabez hiru eskolatan.,western
prem1207,"Iaz, Museuaren aurrekontu operatiboaren % 17 emaile leialen ekarpenetatik etorri zan.",western
prem1208,"Beste ikasle batzuengana iritsiz, bestela ezin izeten da ta harexengana heldu, zelan eskolaren hala beste erakunde komunitarixo batzuen bidez.",western
prem1209,"Kanpainie bideratzeko 100 dolar edo gehixau emon dozuezanez, eskerrak emon gurotzuauz eta zu eta laguntzaile bat harrera berezi batera konbidaute zauzie. Ha 2000ko martixaren 23en izango da, eguenien, 17:30etik 20etara bittarte, Herron Hall-en.",western
prem1210,Helburue erdietsiko dou.,western
prem1211,"Cassie, Corey, Rachel, Isaiah, Kelly eta Kyle izenak ipiniko diez kutxetan, baita aurton hil dien bigarren hezkuntzako Columbine ikastetxeko beste ikaslien izenak be.",western
prem1212,"IUPUIko unibersidadeko liburutegietan zure itxaropenak asetzeko moduko bildumak egon daittezen, eta biher dozuna eskuratu zein zerbitzu egokixek jaso deizuzen, lagunek eta bazkidiek biher diez bai Unibersidadearen barruen bai komunidadien, estauen eta naziño osuen ziher.",western
prem1213,"Askoz be helburu gehixau douz erdiesteko zain eta, biher horretan laguntzeko, ez jat bazkide korporatibo hoberik bururatzen.",western
prem1214,"Eztau axola literaturako gai bat dan, giza zientzietako kontu bat edo historixako personaixa garrantzitsu bat dan; antzezlan guzti-guztixek guztiz bat datoz ikasgelako curriculumagaz.",western
prem1215,"Gerald L. Bepko, United Way of Central Indiana entidadearen 1995eko kanpainiaren burue.",western
prem1216,"Ikasleentzat, aholkulari, zaintzaile, kapilau, osaba eta benetako lagun izen zan.",western
prem1217,"Hobeto lagundu ahal izeteko, bialdu zuri buruzko informaziño gehixau idatziz, faxez edo e-postaz.",western
prem1218,"ikastalde txikixauek, teknologixiaren erabilerie) eta ikasleei laguntzeko espazixo falta aspalditik (armairuxuek, janari-zerbitzue, ikaslien erakundietarako buleguek).",western
prem1219,Clinton Birthplace Fundazinue 501 (c) (3) ez da erakunde politiko bat; irabazi-asmorik bakue da eta zuen ekarpenen mende dau.,western
prem1220,Clinton Birthplace Fundazinuek bazkide osuen pribilegixuek eskeintzeotziez bakarrik 10 dolar ordaintzen dabenei.,western
prem1221,Indianako Unibersidadeko Medikuntza Eskoliaren 90. urtemugie ospatzen doun honetan ohartu eitten gara zenbat zor dotziegun ameslarixei eta hareen ametsei.,western
prem1222,"Inner Circle taldeko kide zaranez, tribunako jarleku onenetako batzuk izengozuz demokrazixiaren munduko ospakizunik haundixenerako: AEBko 52. presidentiaren legeintzaldiaren inaugurazinue.",western
prem1223,"Eskerrik asko zure arretarengaittik, eta aurtengo kanpainan parte hartzie espero dot.",western
prem1224,"Wanda, edozein ama bezala, sor leikezuzen aukera barrixez ohartzen da, eta harek jakin beharreko zeozer zoragarrixe dala esaten dau.",western
prem1225,"Gure emankizunetara etorten dien umiek aldez aurretik prestetan diez antzerki-esperientzixarako, ikasgelako curriculumaren bidez.",western
prem1226,Urteko garai hau zoragarrixe da istorixuek kontetako.,western
prem1227,"Azaruen, gutunek bialdu geuntsuezan Boys & Girls Clubari buruzko istorixo bat partekatzeko. Ha leku zoragarrixe eta positibue da gure komunidadeko ume eta gaztientzat.",western
prem1228,Zori onaren sena lagungarri izen jakon gure zuzenbide-eskolan sekule aritu dan dekanorik maitatuena izeteko.,western
prem1229,"Honegaz batera, erantzun-txartel eta gutun-azal bana bialtzen dotzuauz, 1994 urtie IUrentzako opari bataz hasikozulakuen.",western
prem1230,Ez dozuz hurrengo ekitaldixek galdu gure izengo.,western
prem1231,"Konfiantzie dou zugan eta beste lagun eskuzabal batzuengan, gañerako % 38a emon deizuen.",western
prem1232,"Museuaren Urteko Kanpaina Operatibue babestie lagungarrixe izeten da lan esanguratsuek bildumara erakarteko, bai eta komunidade osoarentzako erakustalde berezixek aurkezteko be.",western
prem1233,"Zure inplikazinuagaz, umiei lagundu ahal dotziau herritar hobiek izen daittezen; adibidez, orrialde honetan agertzen dan ume txikixari.",western
prem1234,Sekulako alfonbra honen harixen hamahiru koloriek naziño honetako jatorrizko hamahiru kolonixak irudikatzen dabez.,western
prem1235,"Emaile honexek zuzenien lagundukotzie kantzilerrari irakasle, ikasle eta biherginen berehalako beharrak asetzen.",western
prem1236,... orientaziño espirituala eta adorie,western
prem1237,"Zerga-ekitaldi barrixe defizit bataz hasten badou, aurtengue sekulako erronkie izengo da.",western
prem1238,"Rock-and-rolla lasterka ebilen errei arinien, VETTE Candy Apple baten antzera, baña FOREVER PLAIDek bere musikan sinesten aben.",western
prem1239,"Oin bakizu zein garrantzitsue dan narrazinue, poesixie, abestixek eta antzerkixe, enpatixie, errukixe eta irudimena sustatzeko.",western
prem1240,"Jabeek berreskuratzen ez dabezan animalixen kasuen, Human Society alkartiek zerbitzu ugari baliatzen dauz animalixa horreei laguntzeko eta bizitza zoriontsue izeteko.",western
prem1241,00 Sei urte baño gitxiago: ibilaldixe doan. Tarifa militarra: 3 dolar.,western
prem1242,"Harexekaz berba eittiaz gozatzie espero dou, baña IRTren diru administratibue aurreztu leikezu, oparixe bueltan bialtzeko gutun-azalien gaur bertan igortzen bozu.",western
prem1243,"Oin 40 urte, ikasle batek, Betty Groh Tower-ek, erregistro medikuek kudeatzeko ikastaruen izena emon aben, eta gure lehenengo graduatu bihurtu zan.",western
prem1244,"Liburutegixari ekarpena eitzeozunez, Citywide Friends alkarteko kide bihurtuko zara.",western
prem1245,Abenduaren 11n bilatuko zaittut!,western
prem1246,"William Lowe Bryan Indianako Unibersidadeko presidentie izen zan. Harek oinarri zabaleko unibersidade bataz amets eitten aben eta, hartara, Indianako Unibersidadeko Medikuntza Eskola 1903an sortu zan.",western
prem1247,"Zure babesa IRTren konpromiso-programen mesederako da zuzenien, eta dohaintzen diruagaz parekatzen laguntzen dau.",western
prem1248,Oin ohiko AZKEN DEIXE dator!,western
prem1249,"Funtsezkue da AEBko herritarrei erakustie filantropixie zein garrantzitsue dan, informaute dauzen eta konpromisuek hartzen dabezen liderren belaunaldi barri bat garatzeko.",western
prem1250,"Ikuskizuna eittie K-12ko 6.500 ikasleren baño gehixauren aurrien, estaduko profesionalen batzarretan, Pan-Am Media Event ekitaldi batien eta AEBren aurrien.",western
prem1251,"Indianako lege fiskalaren eskuzabaltasune dala ta, Unibersidadeari 200 dolar arteko edozein diru-kopuru emon ezkero, kopuru horren erdixe baño ez jatzu kostauko, aitorpen fiskal federalien erreklamatzen dozun kenkarixe kendute.",western
prem1252,"Gutun honen bidez jakinarazoteotzut ze, denporaldi honetan arrakastaren bat izen doun arren, ondino be zure laguntzie biher dou gure kudeaketa fiskal indartsuagaz eta antzerki ekoizpen bizixekaz jarraitzeko.",western
prem1253,"Igez, New Yorkeko estaduko 48.000 ume baño gehixau txarto tratau eta modu desegokixen zaindu ebezan: zauritu ebezan, bortxatu ebezan, tratu txar emozionalak jasanarazo eutsiezan eta arreta eta gainbeitze egokixek ukatu jakiezan.",western
prem1254,Eta 85 urtez baño gehixauz aritu gara horretan.,western
prem1255,Bixotzeko gaixotasunen ondorixo suntsitzaileetako bat bixotz muskuluen sortzen dan kalte konponezine da.,western
prem1256,"IRTri dohaintza gaur eitteko eskatzeotzuet, eta 26 urtez ein daben biher zoragarrixagaz aurrera eitten laguntzeko.",western
prem1257,Espero dot bikaintasunaren olinpiar tradizinoagaz jarraitzen lagunduko dozkuzule.,western
prem1258,"1914a ezkeroztik, Civic-ek bere berezitasunari eutsiotzo, leial jardun dau ta.",western
prem1259,...zeren parte izeten eta zer babesten egongo zeinke harro?,western
prem1260,...naturari buruz idazten daben munduko adeitsuenak eta motibatzaileenak.,western
prem1261,"Hamen funtsak biher diez hasierako kapital moduen erabilteko, batik bat eskolarako autobabesa izen biko leukien proiektuek ezarteko biher eitten doun bittartien.",western
prem1262,"Agerikue da IMAren munduko arte-bilduma iraunkorra eraikitzeko konpromisue, zintzilik ipinteko 75 paper-biribilki arraro eta pantaila tolesgarri erosiotzielako abenduen.",western
prem1263,"Zoritxarrez, AEBko herritar guztixek ez datoz bat filantropixaren garrantziaz doun ikuspegiagaz.",western
prem1264,Zure barri laster izatie espero dot.,western
prem1265,"Nussbaum-eko kide zaran aldetik, galtzeko zorixen dauzen animalixak eta hareen etxiek salbatzen lagunduozkuzu.",western
prem1266,"Urtero, julixuen, gure estaduaren ondarie ospatzen dou alkartearen Hoosier historia-jaialdixen.",western
prem1267,Gure unibersidade-ospitaliek eta ikerketa-programek ez dabe estaduaren laguntzarik jasoten.,western
prem1268,"Beste galderarik bozu, mesedez, deittu kideentzako zerbitzuen koordinatzaile Chris Youngi, telefono-zenbaki honetara: (800) 877-6773.",western
prem1269,"Igez, gure ikasle ohien % 20k baño ez eutson eskoliari dohaintzarik ein; 1990ien, barrez, % 14k.",western
prem1270,"Citywide Friends of the Free Library alkarteko kide zaranez, barripapera jasokozu hiru hilien behin, liburutegiko gertaerei eta lege-gaiei buruzko informazinue emoteko.",western
prem1271,"Honegaz batera, barriro be, kide eitteko inprimakixe eta erantzun komertzialeko gutun-azala joatzuz.",western
prem1272,"Halantxik da, baita be, beste Hoosier ospetsu batzuekaz; adibidez, honexeka: James Whitcomb Riley, Eugene V. Debs eta Madam C.J.",western
prem1273,"Hona hemen oin arteko emaitzak: 5.615, emaile ez dien ikasle ohiak, 81, % 1,4; dohaintzarik haundixena izen zan. Eta 2.840 dolar; txikixena, 5 dolarrekue.",western
prem1274,"Inbertsiño horren ondorixoz, 60 etxebizitza barritu eta saldu jakez baliabide apaleko erosleei, eta kalidade oneko 100 apartamentu zaharbarritu diez, errazoizko prezixuen truke saltzeko.",western
prem1275,Eta hori da IRTren Hezkuntza Programen tresna zoragarrixe. Egunerokuen erabilteko eta bizirik irauteko moduko tresnak erakusteotziezan istorixuek ikusteko aukera emototzie umiei.,western
prem1276,"Bush presidentiaren izenien, etorkizunien zugaz biher eittie espero dot.",western
prem1277,"Hainbat urtetan ziher, paketatze-lanak eta bulegoko lanak eitten ibili zan.",western
prem1278,"Oin dala hilebete, Indianapolisen ein neuen debute zuzendari lez, AEBko agertokixetako klasiko bategaz: Inherit the Wind. Bigarren hezkuntzako eta batxilergoko 5.500 ikasle baño gehixau egon zien.",western
prem1279,"Beraz, esan biotzuet zergaittik Filantropixa Zentruek be babesa merezi dauen.",western
prem1280,"Katedraleko egungo ikasleen % 25ek, gitxi gorabehera, laguntza finantzarioren bat jasoten dau.",western
prem1281,Eta zerbitzue emoteotzegun umien % 30ek baño gehixauk ezin dabe kanpalekuaren prezixue ordaindu.,western
prem1282,"Gutun honen bidez jakinarazoten dotzuau ondino be zure laguntza biher doule kudeaketa fiskal sendue, antzezlan bizixek eta hezkuntza-programa bikainak gauzatzen jarraitzeko.",western
prem1283,Baña aldaketaren barruen jarraipena be egongo da.,western
prem1284,"Laguntza barik, dirulaguntzaren zati bat galduko dou.",western
prem1285,"Science aldizkarixen argitaratutako ikerketan agerixen itxi dabe zer aurrerapen ein dien, dokumentau ein dabelako bixotz-zelula funtzionalen lehen transplante arrakastatsue animalia-eredu batien.",western
prem1286,"Bigarren hezkuntzako eta batxilergoko ikasleentzako arte-programak douz; egoera larrixen dauz oin, gero eta gitxiau esleitzen jakelako arterako eskola-aurrekontuan.",western
prem1287,"Hiriko irabazi-asmorik bako beste antzoki batzuetan ez bezala, gure aktoreek euren lanbidearen bidez ataraten dabe bizimodue.",western
prem1288,"Hain zuzen be, Lowell Nussbaum Society alkarteari emotzezun laguntzie askoz haundixaue da zure alokairue baino.",western
prem1289,"Hobari lez, oin % 50eko desgrabazinue eskein ahal dotziau 100 dolar edo gehixau emoten dabezanei, Indianako NAP Neighborhood Assistance Program bidez.",western
prem1290,Jarraitzen dauela ikusi gure neuke.,western
prem1291,"FOREVER PLAID: izenak beragaz dakar balixo tradizionalen jarraipena, familixiaren, etxiaren eta harmonixaren balixuena.",western
prem1292,"Atzerriko bisitarien kontseju nazionala bertan antolatu eben Hegoafrikako praktika-programak eta Txinako medikuntza-praktiken programak. Halan, 199xen, 100 konbidau baño gehixau etorri zien Indianako erdialdera.",western
prem1293,Oreka apur baten bile zabiz?,western
prem1294,"Indianako Unibersidadeko medikuntza-eskolaren kanpainiari edo Field doktorearen ikerketari buruzko informaziño gehixau gure bozu, deittu 274-3270 telefono-zenbakire.",western
prem1295,"IMAko Garapen Batzordiek 1998ko abenduaren 31ra bittartien jasotako berbaemote guztixek egiaztatuko dauz, dolar bakotxari beittute.",western
prem1296,"Diapositiba-aurkezpen luze batien, liburutegixe hainbat antzerki-gaitan erakusten da.",western
prem1297,"Houston-en egoteko erreserba-kopurue mugatue danez, espero dot izendapena onartzeko agirixe gaur bialtzie bueltan.",western
prem1298,"Senaduko zirkulu errepublikanoagaz bat ein deizun konbidatzen zaittut atsegin haundiz, gure espiritue ospatzeko Batzar Errepublikano Nazionalien, Texasen, abuztuaren 16tik 20ra bittarte.",western
prem1299,"Proiektu garrantzitsu honen parte izen zaittezen konbidatzen zaittugu, Indianapoliseko unibersidade publiko bikain bixen lankidetzie inddertzeko.",western
prem1300,"Beste behin be, zorixonak zirkuluko kide izeteko ahobatezko izendapenagaittik, eta ohore hori ahalik eta arinen onartu deizun eskatzeotzut.",western
prem1301,"Zure eskuzabaltasuna lagungarri izango da, IRTk jarraitu daian istorixorik onenak ahalik eta onduen kontetan.",western
prem1302,"Dohaintza-emoileek eskuzabal izeten jarraitu arren, Museuaren hainbat programa eta eragiketa finantzaziño barik geratzen diez urtero.",western
prem1303,"Jerry Bepkok, IUPUIko kantzilerrak, omenaldixe eiotzon Kenti bere berbekaz.",western
prem1304,Abogadu onen hezkuntzie indartzen jarraitu geinke.,western
prem1305,"Pursuit of Excellence funtsari ekarpen haundi samarrak eittie garrantzitsue da, eta aurton ekarpena eingo dozule espero dou.",western
prem1306,"Independente bihurtu ahala, lagundu zure graduaren ospie indartzen.",western
prem1307,"Lou Harrisen oin gitxiko inkesta baten arabera, gaur egungo emakumezko enpresa-liderren % 66 baño gehixau nesken eskaut taldietan ibilitakuek diez.",western
prem1308,"Zuk, beste kide arduratsu batzuekaz batera, harro egoteko moduko gure estaduaren ondarie zaintzen eta sustatzen lagundukozu.",western
prem1309,"Bazkide zaran ezkero, bazkidientzat bakarrik eitten dien jardueretan parte hartu ahalkozu, eta batzarreko saio ofizial guztixetarako sarbide osue eukikozu, ganera.",western
prem1310,"Ikasle ohien aurtengo bazkarixe 1991ko urrixen 23an izengo da, AMRAk Nashvillen (Tennessee) urtero eitten dauen topaketan.",western
prem1311,ZEIN DA ADINEKOENTZAKO ERRONKIE?,western
prem1312,"Zure ongintzazko alkartiek gizarte-zerbitzu eraginkorrak emoten dauz komunidadien, animalixentzat eta jentiarentzat; gañera, Nashua hiriko txakurtegixe be bada.",western
prem1313,"Elefantien egitura anatomikoaren zailtasunen eraginez, etxeko animalixetan arazo haunditzat joten dan prozedura arrunt bat sortu zan.",western
prem1314,"Biherbada ez dou gure geñun guztixe izen, edo beste persona batzuei ikusi geuntsena, baña berak ziurtatu aben biher geunkezan gauzak izango geunkezala.",western
prem1315,IRTko kide izen naz 17 urtez.,western
prem1316,"Alkarrizketie hiriko ordezkarixekaz eta beste gizarte- eta komunidade-erakunde batzuekaz, IMAren artearen garapenari buruz.",western
prem1317,"Zifrak nabarmenak dien arren, bekak sarritten funtsezkuek izeten diez biher finantzarixuek dekiezan ikasle onenak erakarteko.",western
prem1318,"Nire intuizinuek, jakiñe, oso oinarri zihetza dau: zure parrokixari urtero eitteozun dohaintzak erakusten dauen moduen, ardura hartzen dauen persona bat zara.",western
prem1319,Eta bera beti egon zan hor guretzat.,western
prem1320,"Nire ametsa da estatubatuar guztixek Olinpiar familixaren parte izetie; beraz, emon ahal dozune, mesedez.",western
prem1321,"Irabazteko aukerak nabarmen ugaritu jakuz zabalik dauzen aulkixengaittik (Washington, Colorado eta Ipar Dakota), eta luzaruen demokrata izen dan Alan Dixon kanporatu dabelako.",western
prem1322,"1990ien, programan zerbitzu gorenaren Elton T. Ridley sarixe finkau zan.",western
prem1323,"Gañera, Indianako biztanliek onura fiskalak jaso ahal izango dabez Indianako desgrabazinuaren bidez. Zuzenien apliketan da, estaduko errenta-aitorpenaren behealdien.",western
prem1324,"Ikuskizun baten ostien, bikote gazte bat agertokira igon zan, kaixo esaten.",western
prem1325,Graduau guztiei 1.000 dolarreko oparixe eskatzen gabiz.,western
prem1326,...gure gizartie hobetzie,western
prem1327,"YMCAk modu horretan erdietsi gure dau. Bere printzipixo kristauek praktikan jarri gure dauz, hazkunde personala sustatzen eta guztiontzako espiritu-, buru- eta gorputz-osasuna eraikitzen daben programen bidez.",western
prem1328,"Ondorixoz, badakit einahalak eitten dozuezala bestiekaz errukiorra eta arduratsue izeteko.",western
prem1329,"The Friends alkartiek bi mailatan dihardu: bat Citywide Friends, eta bestie, Branch Friends. Maila batien edo bixetan egon zaitezke aktibo.",western
prem1330,"Hori oso garrantzitsue da gizakixek zaintzen dabezan elefantiek luze bizirauteko, baita basa-elefantiek be.",western
prem1331,"Mesedez, ein dohaintza oin, zuri, zure lagunei eta auzokideei laguntzen jarraittu ahal izeteko.",western
prem1332,"1991ko graduazino-ekitaldixaren bidez, gogora ekarri diez Indiana Unibersidadeko ikasle garaiko oroitzapenak.",western
prem1333,"Amali dau izena, eta itxaropena esan gure dau. Zalantza barik, ederto erakusten dau IZSk dauen itxaropena: zooetan eta naturan bizi dien Afrikako elefantiek zaintzeko biherrien jarraitzie",western
prem1334,Baña beste askok be gure laguntzie biher dabe.,western
prem1335,"Pentseu errukiz zenbat emon leikezun, mesedez.",western
prem1336,"Ganera, historixiagaz, literaturagaz eta gizarte-ikasketekaz zuzenien lotute dauzen antzezlanak be nabarmentzen douz.",western
prem1337,Omnia vincit amor (Weekly Standard aldizkariarentzat biher eitten ez bozu): Brit Hume-k (Fox News Sunday) espekuletan dau zergaittik Lewinskyk ez. Ondino be presidenteagaz maitemindute dau.,western
prem1338,"Asko pentseu da Michael Apted kontratatziaz, telesailei ikutu bihozberaue emoteko.",western
prem1339,neska bat azal zuriko parka bat eta botak jantzitte ikustie,western
prem1340,Filmien ez da aittatzen Kaufmanek sarritten ein ebala berba bere heriotzie zelan gauzatu gureko leuken.,western
prem1341,"Rockefeller egoera larri horretan harrapau eben, Avenging Angel Tarbell bere mamine urratzen hasi zanien McClure aldizkarixen.",western
prem1342,"The New Yorker aldizkariko Adam Gopnik-ek esaten dau Veneziako bienalien pop artista larrei dauzela, euren lan onenak aspaldi emon ebezanak (Jim Dine, Claes Oldenburg), eta horreek jarten diez...",western
prem1343,"Hollywood Strikes Back biherrien, Nancy Griffinek idatzi aben Michael Eisnerrek bake-opari bat eskeiniotzola Mike Ovitz lagun ohiari, baña Ovitzek ez ebala onartu.",western
prem1344,"Oin gitxiau, New Yorkeko merkataritza-kasu batien, aurreiritzi etnikoen karguek egotziotziezan Klaymani.",western
prem1345,"Nekez itxon leike inork ordezkari korporatiboz betetako areto batien AEBko lan-idazkarixari txistu eittie, garrasi eittie eta danetik oihukatzie",western
prem1346,"Hazkuntzak eragin esanguratsuaue dau kirol-errendimenduen, baña horrek eztau esan gure natura jardunien eztauenik.",western
prem1347,"Behin etxera heldute, AEBk hornidura modu bitten mozten dauela jakin neuen.",western
prem1348,"Oxford unibersidade-argitaletxe zahar eta haundixena da munduen, eta poesia-bildumie bertan behera itxiko dauela iragarri barri dau.",western
prem1349,"RPH liburue argitaratu ostien, bira eingo da, eta, horren ondorixoz",western
prem1350,"Halanda be, kontsolazino-sari bat dau bihozberatasunez.",western
prem1351,"Aste honetan, Enquirer egunkarixen Ken Starr-ek amodio-afera haundixari buruz eindako erreportajearen aurrerapena dator: larru-jotziek presidentiaren limusinan, bulego obalien eta, baita LINCOLN LOGELAN be!",western
prem1352,"Hori da Sidewalk-ek. TicketMaster-en transakzino-orrietako URLak grabau ebazan; haretan, ikuskizun zihetzetarako sarrerak erosten diez.",western
prem1353,Kirolak ez diez gune horrexetan apustuek eitteko ekitaldi bakarrak.,western
prem1354,"Abuztuaren 25ien, demokratek Atlantic Cityn eindako batzarra abiarazo eta gero, N.J. Johnson-ek (56 urte, orduen), presidente izeteko lasterketa ixteko mehatxue ein aben hiru alkarrizketatan, eta horrexek grabaute dauz.",western
prem1355,Lamar Alexander-ek presidente izeteko saiue itxi aben.,western
prem1356,"Askatasun zibilen historixa tamalgarri horretaz gain, FBIren erabilera desegokixe dau Etxe Zuriko jatorrizko bidaia-bulegoko ikerketan; gerora, Filegate deittu izen jako.",western
prem1357,"Tung-ek zin ein dau neurrixek hartuko dauzela higiezin-espekulatzailien kontra, baña askok uste dabe ez dala hainbesterako izango benetan.",western
prem1358,"Kexen artien, bestiek beste, honanguek euzen: ekipaje-arazuek, hegazkineko laguntzaile zakarrak, modu misteriotsuen bertan behera itxitako hegaldixek eta fakturazino-izugarrikerixek.",western
prem1359,"Lawrence Singleton bortxatzaile famauek biktimen besaurriek ebeitten ebazan. Zortzi urte baño ez ebazan emon kartzelan, eta atxilotu ein dabe, beste emakume bat hil arte sastatzen ebilela, Floridan.",western
prem1360,"New Republic hedabideko Charles Lane-k diñonez, Gabriel García Márquezen Noticia de un secuestro kazetaritza faltsuko markie zabaldu baño eztau eitten.",western
prem1361,"Aukera asko dauz argudixo kosmologiko horren logikari kontra eitteko, eta teismoaren aurkarixek danak probatu dabez.",western
prem1362,Talmudic-ek ez deko ekipajerik.,western
prem1363,Epaitegixe ez da gaur goizien Washingtonen izen dan zirku politiko bakarra.,western
prem1364,Argi dau gure eztabaidak itxaron ein biher dauela anbiziño haundiko liburu hau argitaratu arte.,western
prem1365,"Aurrekontu horren bidez, hainbat hautu garrantzitsu ein diez, zalantzazkuek badiez be, modu inplizituen izen arren.",western
prem1366,"Horretan guztixen ziher be, Morris-ek esaten aben eitten ebilena oso moralistie zala.",western
prem1367,"Osasunaren Mundu Erakundiek iragarri abenez, tuberkulosixe tratetako estrategixa barri bategaz, hamar milioi bizitza inguru salba eitekez hurrengo hamarkadan.",western
prem1368,"Jacob Weisberg-ek Car Talk idatzi dau, gobernurako eta herrixetarako aurtengo hauteskundien giltzarrixari buruzko idazlan bikain bat. Haretan, autokrazia berbie barriro definidu dau.",western
prem1369,"Azaleko istorixuen ikerlan barrixena aztertzen da, eta horretan umetxuek zelan pentsetan daben jorratzen da.",western
prem1370,"Clinton alde moraletik lotsatu arazotie ez eben nahikue izen, nunbait, eta, holan, haren aurkarixek Lewinsky auzixe hauspotzen saiatu zien, krimenetara eta kontra eitteko moduko delituetara hedatzeraino.",western
prem1371,"Zergaittik da hori hobie, larruzko beroki bihurtzie baño?",western
prem1372,"USA Today egunkarixaren azken urtiek baltzak izen dien arren, erakarri ein dauz hedabide-kritika gogorrak, klixez betiek.",western
prem1373,"Teknika horrek funtzionetan duenien, indar haundiko istorixo bat lortzen da, haren gaixe hirugarren paragrafo ingurura arte azaltzen ez dan arren.",western
prem1374,Mikrouhin-labe bat eukittiek dakarren kostu ekonomikue 6 dolar da.,western
prem1375,sexu- edo iraizte-jarduerak edo -organuek.,western
prem1376,"NEA inkestan, liburuei buruzko galdera bakarra dau: Irakurri al zeñun libururik igez?",western
prem1377,Woodward-ena da Colin Powellen psikien izen leikegun begiradarik onena.,western
prem1378,"Kontzeptu horrexetako batzuekaz arrakasta lortu da maila esperimentalien, eta zabaltzeko prest dauz.",western
prem1379,"Zortzi teknika sinple honeek erabiliz, albiste bat fabrikau leikezu zure etxeko erosotasunien.",western
prem1380,Samuel Sheinbein-ek erailketa-epaie beteko dau Israelen.,western
prem1381,"Time aldizkarixen Kenneth Starri buruz ein daben profilaren arabera, ha kontserbadorie, sutsuegixe eta paperjalie da.",western
prem1382,Senaduek erabagi aben agentzixa barri batek arma nuklearren ikerketie gainbeittu biko leukela.,western
prem1383,Ixe guztixaren politizazinue (Literatura Dibisioa) arin due aurrera.,western
prem1384,"Emakume modernuei asko gustetan jake mehiek izetie, baña euren indderrak eitte fisikue be eukittie gure dabe, ez bakarrik emozionala edo mentala, modu erromantikuen.",western
prem1385,Hau da errepublikanuen azkenengo baliabidie,western
prem1386,"Rudolph Giulianik Amadou Dialloren tiroketie zelan kudeatu aben defendidu dau Newsweek aldizkariak. [New Yorkeko Polizixa Departamentua] ez da KKK, adierazo dau.",western
prem1387,"James Surowiecki-ren Moneybox zutabie astelehenetik barikure bittartien, eta Slate-ren beste artikulu batzuk ekonomixari eta finantzei buruz.",western
prem1388,"Eremu grisa da hori, diño John Kirkwood-ek, Metropolitan Chicagoko ALAn dauelako.",western
prem1389,Ezautu eta asetzen enauben persona guztixek.,western
prem1390,Galdera hau makroekonomialari bataz maitasun-afera bat izeteko etiketiari buruzkue da.,western
prem1391,"Jakiñe, arrazoi on bat euen pentsetako gobernuek bertan eukela errege izeteko; hain zuzen be, errege izeteko euken bertan.",western
prem1392,"Zeure perfekzinorik ezak zikindutako egoera bat kudeatzeko taktika onena hau da, zeure burue bittarteko zoriontsutzat jotie, ezkerrien eta eskumien dozuezanak baño hobie",western
prem1393,"Lamar Alexander-en urteerie aittatzekue da, ilogikue be ez izen arren.",western
prem1394,"Jakiñe, eukixe bereiztie hori hondamendixe izen leike Slate moduko aldizkarixentzat.",western
prem1395,"Gerra ostien, serieko etxebizitzak ein zien, eta, bestiek beste, ume ugari ekarri ebazan egoera horrek. Hartara, umientzako hiritzat hartzen diez, eta ederto diseinau ebezan.",western
prem1396,"Littleton hiriko komunidade-ikuspegixe dala eta, kontra egoteko nire bigarren errazoia da errue gurasoei leporatzen jakela hein haundixeixen.",western
prem1397,Ragtime musikalari buruzko herriaren jakindurixiek gorabeherak izeten jarraitzen dau.,western
prem1398,"Gehixen saldu dan bideojokue Myst dou, eta Riven, barriro, haren eguneraketie bat. Ohorerik haundixenak Riven bati eskeini jakoz; haretan, persona bat uharte batien dau, abandonaute.",western
prem1399,"Areau, Anti-Defamation League alkartiek einiko inkestiaren arabera, AEBko muturreko antisemita-kopurue txikiagotzen juen da: 1964an, % 29; 1992an, % 20; eta gaur egun, % 12.",western
prem1400,"Sullivan-ek tratu-bardintasunaren mantra darabil, eztabaidak amaitzeko balixoko baleu moduen.",western
prem1401,"Talibanen agintiek eztau izen inik izen paxtunak ez dien komunidadeen barruen, ezta hiri haundixetako herritarren artien be, batez be Kabulen, sofistikatuauek eta liberalauek dire ta.",western
prem1402,"Prudence-k aholkuei buruzko gure zutabie eitten aben, eta, harek erretirue hartu dauenez, haren ilobak hartu dau horren ganeko ardurie; ha be Prudence deitzen da.",western
prem1403,"Newsweek aldizkarixaren arabera, turistak eta jente ospetsue Patagoniara jueten dabiz talde haunditan. Garai batien, iges eindako nazientzako babesleku izen zan.",western
prem1404,"Ikasleei tiro eitteotzie, ezta?",western
prem1405,"Newsweek aldizkarixen erakutsi dabe burrukaren industrixie noraño heltzeko prest dauen, zaleen interesari eusteko.",western
prem1406,Demokratizazinuek be eztau aldatzen nazinoarteko geografixaren azpiko errealitatie,western
prem1407,Latza da Finkelstein-i buruzko zaratak hagaz idazten diharduen Birn itto izena.,western
prem1408,"Erantzunaren zati bat soziologikue da, nik uste.",western
prem1409,Kale itsue. Eztabaidaren zati haundi bat abortuagaz zerikusixe daben gaixei buruzkue da.,western
prem1410,"Beraz, U-Haul-era deittu neuen alokairu-politikei buruz galdetzeko.",western
prem1411,Kezkatzeko benetako errazoia da osasunerako erakundiek epe luzien huts ein leikiela kostuek kontroletan.,western
prem1412,"Azaleko istorixuen eztabaidatzen da NATOren helburue zein izen biher dan, Kosovo banatzie edo protektorau lez kudeatzie",western
prem1413,Ezin dozu erantzun merkeaurik aurkittu.,western
prem1414,"Halanda be, Pokemonen herixotzie saihestezina izenda, haren lekue hartuko dauena sortzeko eta horregaz dirue eitteko aukerie deku.",western
prem1415,"Une oro jakinde ze, ahots urratu eta berezi hori behin entzunde, aurrerantzien beti ezautuko dot.",western
prem1416,"Zer iruditzen plan hibrido bat? Erabiltzaile haundixenentzat, harpidetzak, eta gañerakoentzat, mikroordainketak.",western
prem1417,"Pamela Harriman AEBko enbaxadore izen zan Frantzixan, eta Alderdi Demokratikoaren finantzatzaile ospetsue. XX. mendeko gizon haundixen emazte eta maitale izena, burmuineko odoljarixo baten ondorixoz hil zan, 76 urte ebazala.",western
prem1418,"Baña, gobernu batek dirue eskatzie ez da hertsadurie, eta ezin da inundik inora konparau Txinan pasetan danagaz.",western
prem1419,"Softwareari jagokonez, agentzixak erakunde independente eta fidagarri lez biher eitten dau, softwarearen ustezko jatorrixe egiaztetan.",western
prem1420,"Administrazinuek elikagai-kupoei buruz adierazoten dauzen argudixuek, jakiñe, errez adierazo leikez oinarrizko ongizeteari buruz be (beharra daben familixentzako aldi baterako laguntzie).",western
prem1421,Babesteko giltzaren bile (parkatu berba-joko txarrarengaittik).,western
prem1422,Zenbat irakurle dekoz Slate-k?,western
prem1423,"Josef Korbel Letohrad hirixen hazi zan, eta bertako alkatiek esan dau hiru gutun bialdu otzozala Albrighti azkenengo urteotan.",western
prem1424,"Dalloway andreari laudorixuek eitteotziez ondino be, baña iritzi kritikuauek be sortzen diez.",western
prem1425,Dolar bat noiz ez da dolar bat?,western
prem1426,"Unibersidadeko lehenengo urteko ikasle batzuek (MITeko Seth Bisen-Hersh, Yaleko Ben Trachtenberg) campus bi horreen errealidadie eguneroko batien aztertzie oso erakargarrixe da; arazue, barriro, hori gauzatzie izengo da.",western
prem1427,"Erregulaziño Federalekaz bat etorritte, FAAko, XXXX airelineako eta beste airelinea batzuetako biherginek ezin dabela programa honi buruzko informazinue partekatu jentiegaz.",western
prem1428,"Tira, susmue dot Madril eta Atlantako herritarrek modernitatie nahixau dabela, tradizinue neurri batien galtzie sentitzen daben arren.",western
prem1429,Armey-gaz ixten gaittu horrek.,western
prem1430,Bolizko dorrien bizi dien libertarixuek be ez lituzkete gai horrexek alde batera itxiko.,western
prem1431,Goi-teknologiako komunidadearen ekarpenak bilatzie da hautagai batzuek goi-teknologiako plataforma bat garatzeko ahalein haundixe ein izanaren errazoietako bat.,western
prem1432,"Gure alkarrizketatu oldarkorrenak une bakar batien laneko gorputz osuek untzez jozteko gogo biziz euzen, eta liburuei kasurik ein ez eta egileengana jo eben zuzenien.",western
prem1433,"Medikuaren arabera, gabeko 3 miligramo hartzie larrei da.",western
prem1434,Linuxera aldatuko zara?,western
prem1435,"Kontue ez da, bakar-bakarrik, Bradley etanolaren dirulaguntzaren kontra euela lehengo egunera arte.",western
prem1436,"Gañera, guk dakigule, bizitza behin bakarrik sortu zan hemen, Lurrien.",western
prem1437,"Gaur galderak hau ekarriozte gogore, Radio City Music Hall-eko Gabonetako desfilie ikusi neuen aldi bakar hori; han, bestiek beste, jaiotza bizidun deitzeotzien zeozer euen.",western
prem1438,Clinton administrazinoaren jarrerie Internetek zergarik bako eremu federal bat izen biko leukela da.,western
prem1439,"Elikagaixek irradiatziek segurue, eraginkorra eta merkie emoten dau.",western
prem1440,Historixa naturalaren Smithsonian web-orrixe (juen beherantz bi edo hiru bider).,western
prem1441,"Aste honetan, Washingtonen, lehertzeraiño iristen dien idazle gaztiek (Glass-ek, adibidez) errukixe merezi dabela uste da, sistemak presinue eitteotzielako izar bihurtu daittezan trebatu aurretik be.",western
prem1442,"Beste batzuek galderari erantzuotzien, baña Keyes-ek lepo idatzi aben.",western
prem1443,"Zori ona etor daitten kantau, ardure doztienentzat.",western
prem1444,"Alkarrizketa-programetako konbidauek, gaur egun, galderei ez erantzuteko trebakuntza formala dabe sarritten, eta 3 urteko ume bat be aldez aurretik eindako aipamen bat igortzeko gauze da.",western
prem1445,"Ezin da gauza bera esan New York Times egunkarixeri buruz. Kokainaren auzixari buruzko editorialien, Times aldizkarixen zintzue izeteko eta herriari neurrixe hartzen ixteko gomendauotzien Bushi.",western
prem1446,"Dohaintzak eitten dabezan gaztien gurasuetako asko aspaldiko aktibista politikuek diez, eta arauek ezagutzen dabez.",western
prem1447,Steven E. Landsburg-ek alde batera itxi aben sen ona bere oin gitxiko Tax the Knickers Off Your Grandchildren artikuluan.,western
prem1448,"Neska-lagunakazko konfixantzari buruzko kexaren harire, barriro, emaztiagaz luze eta bixotz-zabalik berba eitteko iradokitzeotzu Prudie-k, eta haren hautuekaz aztoratuta zabizela nabarmentzeko.",western
prem1449,"Bistan danez, nahiko arbitrarixuek izenda, baleike AFIren hautu askok biderik ez ixtie interpretaziño kultural sendo baterako.",western
prem1450,"Walcott pintore izeteko trebau zan, haren aita moduen: maisu jardun aben, eta Walcott umetxo zalarik zendu zan. The Bounty dou Walcotten libururik piktorikoena, zelan metoduari hala gaixeri begire.",western
prem1451,Zer gertau zan armadak errudun bat bilatzeko tradiziño gupidabako horregaz?,western
prem1452,"Michael Lewis-ek Trail Fever liburuari buruz eindako alkarrizketa batien esan aben Alexander-ek zeozer ein ebala kanpaina honetan, nik posible ikusten ez neuena.",western
prem1453,"New Yorkeko kale batien ikus leiken gertaerarik narritagarrixena (Donald Trumpek Boss Tweed-en maruagaz swinga dantzatzie alde batera itxita, biluzik) nonor bere telefono mugikorragaz berba eta pitz aritzie da.",western
prem1454,"Newsweek aldizkariko azaleko istorixuen argudiatzen da Ipar Ameriketara heldu zien lehenengo herrixek hainbat etniatakuek ziela, ez historiako ikasliburuetan deskribidu ohi dien asiarrak, Bering Strait zeharkatu ebenak.",western
prem1455,Bihetz lodi sendo batzuk zapaltzie,western
prem1456,"Prudie bera ez da sutsu mintzatzen mutil- eta neska-lagun hartu-emonez 30 urtetik gorako jentiarentzat, eta maitale terminue gaitzesten dau, Europako emakumeek erabilten dozuenien izen ezik.",western
prem1457,"Greenlee konderriko liburutegi publikuen (Arizona), landa-erakundeek diruagaz eta teknologiagaz izendako atsekabiek erakusten diez.",western
prem1458,"Tira, ez neuen izena emoteko asmorik.",western
prem1459,Bakizu nork ulertuko leuken?,western
prem1460,Ezin dozuz dll fitxategixek ezabatu Windows exekutetan dan bittartien (Microsoften oinarriaren parte da hori).,western
prem1461,L'academie Internationale des Arts et des Sciences Numeriques alkarteko kideek trikimailu horren aldaera bizkor bat sortu dabe.,western
prem1462,"Zein kanpamentu dauen ondo, ondorixo nabarmenak dekoz osasun publikuen.",western
prem1463,"Eroaldi horrexek hiru hamarkada iraun eben, eta rokoko bihurtu zien.",western
prem1464,"Amaitzeko, posta elektronikoz eingo doztien galderiari erantzungotzet; hau da, benetan zabilz?",western
prem1465,Edo kontuen izen Kongresuari ezkutuko ekintzen barri emotie,western
prem1466,Nemeth-ek motel hori ikertzeko berbie emon aben.,western
prem1467,"Eguaztenien, Clintonek beste industrixa bati buruz berba eittie erabagi aben.",western
prem1468,"Gakue ni horrenbeste hiriko sheriff barri lez ez hartzie da, hein haundixauen, von Trapp umiek Maria baño lehen hil eben umezain lez baizik.",western
prem1469,Eztau axola Dow Jones industria-batezbestekue neurri egokixe ete dan aberatsak zelan moldatzen dien jakitteko.,western
prem1470,"CMPren teoriaren inplikaziño harrigarriena da zelan desagertzen dan posiziño erlatiboaren kezkie, gizartien aberastasuna ez beste mekanismo batzuk erabilten dienien kidiek banatzen dienien baño.",western
prem1471,"Fede integrazionistari liberal baltzek eustotzie; adibidez, Henry Louis Gates eta Cornel West irakasliek. Glenn Loury ekonomialari baltzak be harexekaz bat ein dau: kontserbadorie bera, markak apurtu ebazan baiezko ekintza politikie beharrezkue dala onartu abenien.",western
prem1472,"Jabetzie burbuila-segida amaiezin bat da espazixuen, edo ziberespazixuen, eta jente desbardina ibilten da askotariko interesen harire eskien.",western
prem1473,Inork gogoratuko ete dau  Munduko Merkataritza Antolakundie mende-erdixen buruen?,western
prem1474,Aukerak ez diez hain erakargarriak.,western
prem1475,Eskatuko al dot sorta bat niretzat?,western
prem1476,SATekaz arazuek sortuko diela aurreikusten da.,western
prem1477,"Ondino be bizirik dau 93 urtegaz, eta de Kooning ya ez da artistie, ezta aldaketa-zalie be.",western
prem1478,"Hauetako bat be ez da oso erakargarrixe oin, luxuzkuek izen arren.",western
prem1479,Ez aben Naomi Wolf-ek oker erantzun.,western
prem1480,"Hirugarrenik, ondorixuek onartu arren, ez jagokez dibertimendu masiboko leku guztixei.",western
prem1481,"Scholastic Inc. dou urteko irakaslearen programaren babeslie. Eskola-ume sentikorren artien beste zeozerengatik da ezagun: aldizkari apartak banatzen dauz, eta, harexetan, iragarle bakarra AEB da.",western
prem1482,"Homosexualidadie bizixo bat dalako irudixe baztertzeko, Clintonek eta Birch-ek gizalegezko bertutiek egozteotziez gayei.",western
prem1483,"Zure iradokizunetako askok dakarriezan ekintzak dibertigarrixek eta ankerrak diez, baña ez legez kanpokuek, sinesgatxak baño. Izen be, gizon gehixenak ha altxetako billur izengo leittekez, tximinue gela barruen dauen artien.",western
prem1484,"Batzuetan, heldutasun- edo gainbehera-prozesu personal hori (zeuk aukeratu) indartu eitten da kulturan pasetan dabilenaren eraginez.",western
prem1485,"Han, sakatu Emakumezko aktorie Zeure izena aurkitu biko zeunke...",western
prem1486,"Newsweek aldizkariko eztabaida luze batien, Hamptons arranditsu bihurtu dala deitoratzen da.",western
prem1487,"Nire heroie, barriro, Richard Heseltine da, Overseas Investment Trust enpresako lehendakarixe. Hil honen hasikeran dimisinue emon aben, haren nausixek bere gogoz kontra ezarritako negozixo-planaren kontra.",western
prem1488,Stevenson-en artikuluen ikusten da eztauela ezelan be ulertu gure kanpainak zer esan gure dauen.,western
prem1489,Hori Apoloren arboliaren itzalien dau.,western
prem1490,Munduaren historixaren oinarrizko fluxue interdependentziarantz due; ez naz lehenengue esaten.,western
prem1491,Benetako zaratak gaztiek erakarri eta zaharrak atsekabetzen dauz.,western
prem1492,Zientzixa-azterlanetan alde batera ixten dabez garunaren kimikiari buruzko egixe sinpliek.,western
prem1493,"Hain gauzez ohittute AEBko konpainiei kexaka entzuten atzerriko lehiari buruz, errez iruditzen jaku Kodak-en arpeiratziek porrotaren osteko mainak baño eztiezela.",western
prem1494,Larrei eitten zabiz.,western
prem1495,"Dowd-ek zutabegiile lez ein dauen lana goraldi haretako autozigorraren adibide bikainetako bat da; batez be, Pulitzer sarixe lortzeko balixo izeotzien Flytrap lanak.",western
prem1496,Gustu kontue da egitateen eta espekulazinuaren arteko konbinaziño ha nahiko ete dan protesta eitteko.,western
prem1497,"Hedabideen pilaketak zikloka dihardu; halan, baleike luzero ez irautie oin hedabideetako errege-erreginen sabelien ziher gora duezan arrainek.",western
prem1498,Bat etorriko al da Etxe Zurixe?,western
prem1499,Errusixak erronka haundixek dekoz Txetxeniako gerran.,western
prem1500,FDAren arauek ez dabe eragozten helduek zigarruek erostie,western
prem1501,"Amaierieri buruzko teorixetan, adinak identifiketan diez amaitu ein dien edo amaitzear dauzen eta sekula itzuliko ez dien ezaugarri bereizgarrixekaz.",western
prem1502,"Dolue daruen Deborah Eappen alkarrizketatu dabe Time aldizkarixen, au pair ebilen Louise Woodward-en ama.",western
prem1503,"Azaleko istorixuen, indarrez aditzera emoten da AEBko parke nazionalak hondatzen dabizela: jente larrei dabil, finantzazinue txikiegixe da, landare- eta animalixa-espezie exotikuek inbaditzen dabiz eta merkataritza garatzen dabiz.",western
prem1504,"Basera itzultzien, autue karabana batien aparkau biozu: nun bestela?",western
prem1505,"Hondeamakina batien dabilen bihergin bat irudikatu leikegu errepide bat ebakiten dabilen bittartien, eraikitzailiek biher barri bat eitteko. Aizu, Loyd...",western
prem1506,"Horren barri emon notzen medikuari eskutitz baten bidez. Dibertigarrixe iruditu jakon, nunbait. Urte horretako Gabonetan, frutazko tarta txiki bat bialduoztan.",western
prem1507,"Lehenau, Beaneaters izen gogoangarriaz ezaguna zan taldie; bitxixe da, Indiako ezizen bat be izen leike ta.",western
prem1508,Beste barik ulertzen da yiddisha...,western
prem1509,"Eta bat nator 19. orrialdixen ein dozun oharragaz: Brunner-en lehenengo legie egiletzeaz. Edozein testutan, idazliek hiru bider irakurri dauen akats bat egoten da, gitxienez.",western
prem1510,Ezin izen neuen definiziño hori tesauruen aurkitu.,western
prem1511,Zelan jokatu leike baten batek modu horretan?,western
prem1512,"Gañera, XX. mendien ziher sortutako terminuek bakarrik dauz jasota, berbaurriaren arabera. Alabaña, ez da aittaten XX. mendearen hasierako argot militarra.",western
prem1513,"Baten batek 1984ko edizinue baaben, baleike mindute egotie hau erosi izanagaittik, gehigarri laburrau (eta merkeau) baten ordez.",western
prem1514,"Argudiatu leike idazketak fonemikue izen biher dauela, ez fonetikue, baña fonemak be aldatu eitten diez, mantsoau aldatu arren.",western
prem1515,"Split Ends, a Cosmetology Shop. Dotorezia aposizionalaren adibide ona da ha, eufemismue aposiziuen eta hasiera sinple edo ezohikuen konbinetan da ta.",western
prem1516,Bernstein-ek sarreran azaltzen dau.,western
prem1517,"Izen berezirik (Peculiar, Missouri) aurkitzen bozu, edo ustekabe lez agertzen bajatzuz (Surprise, Nebraska), idatzizu (Jot 'Em Down, Texas), ez galtzeko (Safely, Tennessee), akatsak ez badiez behintzet (Errata, Mississippi).",western
prem1518,"Azkenengo urteotan, alfabetatzie eta aritmetikie garrantzitsu bihurtu diez, ez bakarrik (edo ez hainbeste) Hirugarren Munduen, baita naziño industrializauetan be.",western
prem1519,"Ez da iradokitzen gai horrexek debekatu biher dienik, atzerritar batek haiengan dibertigarrixe dana antzemotie gatxa dala baño, beste barik, akulturazinuek abian hogei urte inguru eruen arren.",western
prem1520,"Azkenik, arretaz beittu biher jako luzatu ahala, guztiz bestelako esanahi bat sortu leike ta.",western
prem1521,"M. Tesniares-ek, barriro, eztau anglosaxoien ekarpena kontuen hartu.",western
prem1522,"Berue buruen, gero eta zorabiatuau zauz.",western
prem1523,Beste lanbideetan ez dabe izeten nork bere burue mespretxetako halango tradiziño oparue.,western
prem1524,"Eta harrotasun-ikutuakaz, herriko jakindurixan izen peioratibuek ipini jakez egunkari horrexei, ezizenak erabilten dabezelako eskutiz pribauetan, tabernetako solasaldixetan eta laburpen ez-ofizialetan.",western
prem1525,"Arine izetiek garagardauaren ezaugarri bat deskribiduten dau, beste barik; adibidez...",western
prem1526,"Banillie landare tropikal baten tegumentuetatik ataraten da. Berba hori gaztelaniazko vainilla berbatik dator; horrek lorie bera, lekie edo zaporie adierazten dau.",western
prem1527,"Larrei erabilten zan izen hori, baitte ha edo besteren bat beharrezkue ez zanien be.",western
prem1528,"Horretaz guztixaz gain, idazketa elokuentie batzuetan gogoangarrixe be bada, tamalez, eta arazue larriagotu eitten da halan.",western
prem1529,"Arrantxo batien, baleike norbaiti hau entzutie: ""Gaur itxitte dauzen kabestru horrexek moztu ein biher douz"". Biherbada, bialtzeko dauzenak bereiziko dabezala esan gure dau.",western
prem1530,"Jarrera ha aurrez aurre izenda, eta harrittute, britainiarrek errespetue autortu eben berbie letra larriz idatziz.",western
prem1531,"Jatorrizko animalixen metaforak ezabatu ein diez, eta berbetan ez da geratzen animalixen erreferentzixarik.",western
prem1532,Batzuetan zuhurrena be bada.,western
prem1533,Ouguiya (Mauritania) da diru-izenen eta beste pisu batzuen arteko loturie. Ontza esan gure dau horrek.,western
prem1534,"Inoz autobiografixa bat idazten bot, lekuen eta personen izenak dakarzan hiztegi bat izengo da, esanahi pribauei erreparatuz.",western
prem1535,"Morfema barri batek iraun leike lehenengo barrikuntzatik harau be (adibidez, ingelesez, telethon, -athon eta gero), erabilgarri suertau leikelako. Batzuetan, ixe ustekabien pasetan da, eta zeozer barrixe emototzo esamoldeari.",western
prem1536,"Oi, hara nun zu eta zure berbetaldi burutsue eta berba adeitsuek.",western
prem1537,"[Justuek izeteko esan biher da Room jaunak atuen idatzi ebala, bere akatsaz ohartu bezain laster, Bummel ibai bat balitz moduen aittetu ebala jabetu zanien.",western
prem1538,"(Eskola-jolastokixetan, zarata ha (hubbub) amaitzen dabil.",western
prem1539,"Pasetan dan moduen, Britainia Haundixen Ipar Ameriketan baño ingeles dialekto bereizgarrixauek dauz, jakiñe, eta harexek entzuten denpora bat emon dauen edozeinek badaki batzuk alkarri ulertezinak jakozala.",western
prem1540,Tennesseeko barriemoile batek eguraldi txakurra erabilen 'euririk bako eguraldi berue' adierazoteko. Baleike abuztuko eguraldi lehorra esan gure dauen egun txakurrak esamoldetik sortu izena.,western
prem1541,"Atsegin ez dan esamolde baten ordez, aukera hori baliau leike, norberaren arretie ez galtzeko edo, irainengaittik, ezta ikusleena edo hirugarren batena be.",western
prem1542,"Txartolie nazela esateko modu bat da, mendiko gizon bat!",western
prem1543,"Gauza horrexek gizakitik kanpo dauz; estilue, barriro, gizakixe bera da.",western
prem1544,"Briek (apurtu) eta stiek (tajadie) esaten da, baña bliek (ilun) eta striek (orbana) bestelakuek diez.",western
prem1545,"Adibidez, diagnostiko berbie grezierako berba batetik maileguen hartu zan (bide batez, ez aben gauza bera esan gure); berrehun urte geruau, diagnostikau aditze sortu zan atzera begire.",western
prem1546,"2000ra arte bizitzie espero dot, yiddisharen gidiagaz laguntzeko. Seguru nau yiddishak bizirik jarraituko dauela, baita kontra dauzenek baño luzaruau be, mila urtez iraun dauen moduen.",western
prem1547,"(Esan izen da, ez guztiz txantxetan, japoniarrei lizentzixa-kuota bat eskatu ezkero erabilten daben ingeleseko berba bakotxeko, hareen soberakin komertziala desagertu eingo leittekela).",western
prem1548,"Entzuliek hunkitu gure dabezan hizlarixek badakizie gai giltzarrixek eta egitatiek telegrafiau biher dabiezala, gero iragarri, errepikatu, dramatizatu, azaldu eta apaintzeko.",western
prem1549,"Bitxixe da, ze termino batzuk ez zien zerrendan agertzen: ezagutzak motel barneratzen dauzen ikaslie, ezgaitasun neurologikue, garuneko lesinue eta hezkuntza-ezgaitasune.",western
prem1550,"Cambridge University Press argitaletxiek egokitzat jo dau Boswell-en Life of Johnson lanaren 200. urteurrena ospatzie, eta, hartara, biografoari eta haren gaixari buruzko hamalau saiakera batu diez bilduma batien.",western
prem1551,"Gehixen erabilten dien berbak hirugarren multzokuek diez; izetez, sexu-ekintzak definiduten dabez.",western
prem1552,"Izen batzuk, adeibakuek izen arren, ez diez aldatzen.",western
prem1553,"Eskoziarra izeteaz harro nauen aldetik, leikena da hizkuntza-anbiziño falta horren errazoie, nire ustez, eskualdeko dialektuek izetie.",western
prem1554,"Eztot inoz ulertu zergaittik ez dan Nazinoarteko Alfabeto Fonetikue erabilten mota guztietako ingelesezko hiztegietan; edozelan be, hori barrikuspen honetako iruzkinen helburutik kanpo dau.",western
prem1555,"a) Xedien, kendu d edo t bakotxa, eta jarri c.",western
prem1556,Beste adibide bat VIP da: Vasoactive Intestinal Poly-peptide (hestietako polipeptido basoaktibue).,western
prem1557,Gramatika eta glamour berba bera diez historikoki.,western
prem1558,"Denpora guztixen belauniko egon netzen, bekokixe aurrien neuken zurien, eta otoitz eitten nenbilera uste neuen. Haretan guztixen ziher, zeozer lotsatu be ein netzen.",western
prem1559,"Adjektibuek termino etnikuek leuntzen dabez; izenek, barrez, gogortu leikiez.",western
prem1560,"eztau hizkuntzaren konplexutasun antzemongatxak harrigarriruau azpimarratzen dauenik, pilotuen, tripulazinoko kidien eta aideko zirkulazinuaren kontrolatzaileen arteko komunikazino-arazuek baino.",western
prem1561,Liburuko sarrera lexiko batzuk eztabaidagarrixek diez.,western
prem1562,"Esperientzixa militarrei buruzko nobela frantses modernuetan, barriro, soldadu bat aurkitu leike bere adiskideren bati ezkontzeko eskatuz. Allons, les gars.",western
prem1563,"Erredundantzixaren laburdura-zikluaren lasterketan, Missouri izen da sartu dan azkenengo berbetako bat. Show-Me esatotzien estadu ha halaxe bihurtu zan 1821ien.",western
prem1564,"Kontinentzixe, azken batien, bertute bat da, edo hoixe dinurie halangorik inposatue ez dabenek.",western
prem1565,"Holango gai bati buruzko liburu batien, kontu haundiz eutsi biher jake berba giltzarrixen (eufemismue, disfemismue, tabue, etab.) definiziño zurrunei, eta harexetatik ez aldendu.",western
prem1566,Eta badakigu Honey irakasliek errazoia dauela haretaz idazten dauenien.,western
prem1567,"Lil Armstrong aritu zan piano-jotzaile saiuen, eta erantzune bat-batien asmatu aben: Muskrat Ramble dau izena; ez da hala, Red?",western
prem1568,"Hurrengo astien, nire ilobak gitarra akustiko bat eskatu aben bere urtebetetzerako.",western
prem1569,Odola eta uholdiek ez diez janarixe modukuek.,western
prem1570,"Azkenengo ehun urteetan, hainbat fenomeno linguistiko sortu diez; adibidez hau: arazuek konpontzeko pausu garrantzitsu bat arazuei izena ipintzie da.",western
prem1571,"Nazionalidade eta talde etniko batzuk euren buruaz hain dauzenez seguru, euren buruagaz hain asebeteta, epiteto etnikuek bardin-bardin jakiez, elefante bati harri-koskorrek errebotau eittotzienien moduen dekiez; bestela, dibertigarrixek iruditzen jakez, edo apaingarri lez hartzen dabez.",western
prem1572,"Horren harire ezertxo be eztau beittu duazen hiztegixetan, eta desegokixe da hori, nire ustez.",western
prem1573,Goistering termino bitxixe erabilten zan emakumien barre ozenerako; bihergin txar bati deitzie izen eikien aitzakixe: Laurence zaharrak harrapatu nau!,western
prem1574,"Pandemoniumagaz errimau aben; ikusitte zenbat auzi sortzen dien etxebizitza-komunidadietan aparketako lekuei, balkoietan eitten dien barbakoei eta atondoetan kaka eitten daben maskotei buruz, baleike neologismue baliatuz zuzen ibili izana.",western
prem1575,"Behin eta barriro esan aben ha etxera itzultziek ""Berak ha etxera itzultzie gure ebala"" esan gure ebala. Itzuli zan edo ez, hurrengo kapitulu batien azalduko da.",western
prem1576,"Atzera eitten dozu, eta esaldi hori erabilten, ezohiko dotorezixie darien lekuetan zauzenien; adibidez, aperitibo bat hurrupatzen zabizenien jatetxe apain batien, zerbitzari esmokidunen saldo bat inguruen dantzan dozuezala.",western
prem1577,"1972an, Phillip Morris, Inc. enpresiaren Miller Brewing Co. konpainixak garagardau arinaren etiketie erosi aben Meister Brau Inc. enpresaren erosketa batien.",western
prem1578,"[XVIII,4] Huevos diez argotien; hau da, barrabilek, ez arrautzek.",western
prem1579,"Purtzileria: kalitate txarreko salgaixek, ekoizten merkiek.",western
prem1580,"Azalpen hori entzun barik, ezer gitxi interesetan jat informaziño hori; hau da, surname berba frantseseko surnom berbatik datorrela.",western
prem1581,"Halanda be, horrek westerna atsegin dabenak ikaratu arren, aipu bat behintzet badau, testuingurutik atarata, horren arabera AEB lurperatuko ebala mehatxu ein aben ta.",western
prem1582,"Kaplan jaunaren belaunaldixe hil ein da neurri haundixen, eta haren ondorenguek amerikartu diez.",western
prem1583,"Batzuetan, sinestu biherra dau ingeleseko hiztun guztixek psikiatriko batien sartu biko leittekezala.",western
prem1584,"Errubrika orokorretan (Erantzun-ahalmenaren testuinguruek, Entzulien erantzune eta komunikazinue eta Erantzuten daben irakurliek) batu dien hamabi artikuluek halango arrakastie lortu dabe gai ha taxutzen.",western
prem1585,"Gaztelaniazko birauek irudimen haundikuek diez; esate baterako, ""echar sapos y culebras"", berbaz berba, apuek eta subiek botatie da.",western
prem1586,"196) Adibidez, jatorrizko lingua frankue (italiarra, frankue) hizkuntza hibridue zala ikasi dou.",western
prem1587,"Hasikera-hasikeratik, jentiek izenak euki biher ebazan, nork bere burue identifiketako.",western
prem1588,"(Jarraitu aurretik, baleike irakurliek balentrixa hau be probau gure izetie).",western
prem1589,"Dirulaguntzei probetxu atarateko artie eskien ibilteko modu bat da, baña horretan dabizenak ederto asko janzten diez.",western
prem1590,"Halan, berba baten ortografixie eta paradigma bereko beste berba batzuena lotuta egoten diez sarri, edota berba horren ortografixie eta haren historixie.",western
prem1591,"Honen bidez, erantzun gurotzet Richard Lederer-en eskaeriari, hamaika berbako esaldi aparten lehiaketa apain eta koherentie dala ta [(ramatikaren xarmie, XVI, 4).",western
prem1592,"Igoera matematikoko gida-argibide kodetuen masan, ordenagailuen, marratxo bat ez da agertzen, gure barik.",western
prem1593,"Zentzu batien, ilogikue emoten dau Spenser-en lanetako ortografixa historikoari eutsi izenak eta, barrez, haren garai bereko William Shakespeareren artelanetako izenburuetan ortografixa modernue erabiltiek.",western
prem1594,"Erreferentzixako liburuzain bi galduta ebizen, ez ekixien bilaketa bat zelan hasi.",western
prem1595,"Ezer ez dator hutsetik, Lucretius-ek oin bi mila urte argudiau abenez, eta tautologuek zuzen ebilela frogau dabe.",western
prem1596,"Zaharkinen zapladak diez, ezta?",western
prem1597,"Neska-lagunarentzako galtzerdixek erosi gure nebazenerako, aspaldi ez netzen izena Europa kontinetalien.",western
prem1598,"Izen ofiziala Flaviar anfiteatrue zan, Vespasiano enperadorearen leinuarengaittik.",western
prem1599,"Alice kontra agertu jakon: Baña hori bestelako sendotasun-mota bat da. Orduan, berak erantzun aben: Nigaz sendotasun-mota guztixek bat etozan, zin eitteotzut!",western
prem1600,"Hemen, Oil Creek-en ziher, indixuek uraren azaleko petrolixue atara eben, etxien erabilteko, eta kolono zurixek botilatan sartu eben medikuntzan erabilteko, eta Seneca Oil deittuotzien.",western
prem1601,"Jakiñe, tipografixa-akats guztixek ez jakoz egotzi biher tipografuaren (edo tipistaren) asmo ezkutu inkontziente bati.",western
prem1602,"Liburuek idazten dabezan hizkuntzalarixek, antza, euren ikuspuntuek hedatzen dabezan adituek diez.",western
prem1603,Pultsu-tonue ez da termino tekniko bat.,western
prem1604,"Ikusi al dozue artzainik Broadwayn azkenaldixen, edo aittetu al dabe halangorik The New York Timesen?",western
prem1605,"Indder armatuen segmentu bat eraikuntza-batailoie da (CB, Construction Batallion).",western
prem1606,"Skeatek, kasu horretan, eztau ohartarazpen hau kontuen hartuko, eta etorkizunien delitue errepikauko dau.",western
prem1607,"Marka erregistrauen legie, AEBko Araudixaren liburu bitik gora beteten dauzena",western
prem1608,"Beraz, bat eittot “negro” berba arrazistie gaitzestiagaz.",western
prem1609,"Nields jaunak hau erantzun aben: “Oso pozik erabilteot ""adierazpen luziek"" esapidie”.",western
prem1610,"Esate baterako, antolatzailiek laudoriozko ohar batzuk prestau ebezan sarrerarako, eskuz idatzitte.",western
prem1611,Deborah Cameronek eta Deborah Hillsek (telefono bidezko irratsaioei buruzko liburu baten egiliek) Londresko LBC irratixaren ekoizpena aztertu dabe. Irrati hori oso interesgarrixe iruditzen jat.,western
prem1612,"Konposiziño horren arabera, eztau zalantzarik soken sailien sue piztu zala bat-batien.",western
prem1613,"Bestela esanda, azti baten artxila-mortxilaren antzeko zeozer da.",western
prem1614,Bigarren mailako sifilixak sortutako Venus mendiko legenaren orbañak.,western
prem1615,"1774ko urrixen 6xen, New Yorkeko Gazette egunkariko iragarki batien, Italiako metodoaren bidez kontabilidadie erueteko gazte bat eskatzen zan; beste batien, beste batek lanpostue eskatzen aben.",western
prem1616,"Baña, egunkari, liburu, aldizkari eta albistegietako ingeles estandarraren gramatikie, hiztegixe eta hizkerie erabilten badauz, ikusiko dou haren azentue nabarmentzen dala, eta, biherbada, baita doinue be.",western
prem1617,"Ordenagailu-terminal baten aurrien jarri, kode alfanumeriko moduko bat tekleau, eta izen ugari agertu zien.",western
prem1618,"Mailauei kalte arin esateotzie, eta mailau haundixei -hots, 500 dolarretik gorako konponketie biher dabenei-, barriro, kalte larri.",western
prem1619,Errepiketiaren ondorixoz irudimena galdu dauen adierazpen lez definidu leike klixie,western
prem1620,"Lexikoaz gain, gramatikie -batez be sintaxixie- aldatu ein da zertxobait, baña ez irakurle moderno estandarrarentzat ulertezina izeteko beste.",western
prem1621,"Kontu horrexek ez jataz bape interesgarrixek, entretenigarrixek edo erabilgarrixek iruditzen.",western
prem1622,Holan diez gauzak diruagaz.,western
prem1623,Komikixe aittatzen dauen erreferentzixa bakarrak (The Penguin Book of Comics) ez dakar xehetasun haundirik.,western
prem1624,Sigmund Freud ez da tatxarik bakue.,western
prem1625,"Gañera, editoreei lehen baño gehixau kostetan jake testuek batzen dabezan diskuek eta zintak ikertzaileen esku ixtie.",western
prem1626,Diruek be gauza- edo animalixa-izenak hartu dauz.,western
prem1627,Hackerrek edo “droupie” dalakuek ziurrenez errez itzuliko dabe hizkera eta jargoi informatikue ingeles arruntau batera.,western
prem1628,"Baña, txikitten Mexikoko mugako arrantxo batien bizi izen banetzen be, goguen dot gure iparraldetik etozan mendebaldeko abestixetako arrantxo-berbek liluratzen ninduttela; adibidez, “cayuse”.",western
prem1629,"Hain zuzen, badiez ehun adjektibo silotetiko baño gehixau.",western
prem1630,"“e”-k /e/ fonemie irudikatzen dau, eta, berba horretan, “ebb” berbako “e”-aren antzera ahoskatzen da, yiddisharen aldaera guztixetan.",western
prem1631,Bihergin zentzakaitz hori 8. atalaren arabera kanporatzie agintzen da.,western
prem1632,"Egixe esan, alkarrizketakurutzauek hiru ironien antzekuek izen leikez batzuetan, asmoaren, entzuleriaren eta efektuaren arabera.",western
prem1633,Bagenekixen zihetz-mihetz zer esan gure aben.,western
prem1634,"Halanda be, Levitt jaunaren alabak azaldu abenez, normalien, soka elastiko bat izeten da gauzak lotzeko, bela bat ezpeletara zelan, objektu arinak maletategira zelan, eta abar.",western
prem1635,"Gogobetetasun subjektibue, berba arrunte baña legezkue baño gehixau, arazo-iturri da, eta saihestu ein biher leitteke.",western
prem1636,"Esperantuek egiazko hizkuntza bihurtu gure badau, hizkuntza baten moduen jokatu biko, eta, denpora gitxixen, hizkuntza naturalek sufritzen dabezan ahulezixa berak sufrituko dauz, hau da, polisemixie eta pleurisemixie.",western
prem1637,"Halanda be, Honeyren tratamendue oso ondo azaldute dau, eta Estatu Batuetako azentuei buruzko lanak irakurtzen dauzen edozeinek ondo eingo luke biher horretan ezarritako printzipioei jarraittute.",western
prem1638,Jack Brooks eledunaren berben bittartez iritsi zan entzuleengana terminuen eskemie.,western
prem1639,"Tximista bezain arine izen netzen, bakizu.",western
prem1640,"Antza, politeismoaren eta monoteismoaren arteko zeozer da, eboluzino-prozesuen galdutako katebegi bat emoten dauen kontzeptu erabilgarri bat.",western
prem1641,"Suitzan lehen aldiz bulego batien biher ein neuenien, frantsesik eta ingelesik ez ekixen idazkari bat izen neuen, eta, beraz, neuk idatzi biher izeten neuzen gutunak hizkuntza horrexetan, berak mekanografiau eiezan.",western
prem1642,"Ez jakoz bape ardure frantses subjuntiboaren konplexutasunek, eta saiatu be ez da eitten.",western
prem1643,Gizon harek aldarrikatu aben “gizon” berba generikuen emakumie be sartzen dala.,western
prem1644,"Liburuek ahoskeren zerrenda bat ekarrenez, han beittu neuen, baña alperrik.",western
prem1645,"Modu berien, eskuzko idazmakinetan, garrantzitsue da atzamarrekaz indderra eittie berbak sortzeko, eta ez hainbeste elektrikuek (edo elektronikuek) izetie",western
prem1646,"Ezteko zentzurik Gruyare gaztaie eta Suitzako Gruyare bereiztiek, ze berez handik dator gaztaie, hiztegixen Gruyare atal geografikoetan aittatzen ez dan  arren.",western
prem1647,Ikusten al dozue pizti txiki hori han?,western
prem1648,"Asko maitteot agerkarixen ale zaharrak irakurtzie, ze modu horretan 400 orrialdeko liburu bi irakurtzeko aukerie emoteotzu urtero.",western
prem1649,Gora eta behera aineketan eittie,western
prem1650,Suediako Eleizie eta Suediar Eleizie ez diez gauza bera.,western
prem1651,"Tren-geltokiari (edo terminalari) “DEE-po” esaten jakon leku batien hazi netzen (Hegoaldien, gurasuek han hazi nindduen ta).",western
prem1652,"Emoten dau inork ez dakixela kirol horrexek saredun pista batien, horma baten kontra ala bixetan jokatzen ete dien.",western
prem1653,"Desbardintasun bat da beste talde batzuek hori ein biher dabela, ze funtzionau ahal izeteko, esanahi barrixek erantsi biher jakiez berba eta esaldixei, edo berba eta propiedade barrixek asmatu biher dabez.",western
prem1654,"Estatu Batuetako leku-izen batzuk kutsu berezixe dabe: Maggie's Nipples, Wyoming, Greasy Creek, Arkansas, Lickskillet, Kentucky, edo Scroungeout, Alabama.",western
prem1655,"Poliglota mesfidatixen ospie daben arren, ez da bape ohikue ingelesak elebidunak izetie",western
prem1656,"Halan, gai atsegin bat aurkitu eta gero, hurrengo gitxieneko pausue ha aldaketa txiki bataz erreproduzidutie da.",western
prem1657,"Auld Aliantzie sortu zan, Frantzixaren eta Eskozixaren arteko akordio-itun bat.",western
prem1658,Horrek eztau esan gure Mendebaldeko tradizinuek adeitasunaren ganeko monopolixue dauenik.,western
prem1659,Banketie ez da parketa.,western
prem1660,"Erromako gidaliburu nausixek serixotasunez diño eraikin horri “Il Colosseo Quadrato” izengoitixe jarriotziela, hau da, “Koliseo Karratue”.",western
prem1661,Deitzailiek diño: “Eskerrik asko nire deiari erantzutiarren”,western
prem1662,"Haren aurrekarixe estrangurixie izen zan (1398), gernu motel eta mingarrixe, gaur egun nahiko arrarue.",western
prem1663,"Via di Ripetta ustekabien bihurtu da Via della Scrofa, hau da, “Txarri amaren kalie”, kale horretan bertan dauen eskultura zahar baten harire.",western
prem1664,"Eta lasai egon, Dalrymple andereñue, berbaldixen gidoien argitalpenak berreditetan duazenien, ingelesaren ohiko erabilera akademikora itzultzen naz beti.",western
prem1665,Gure lexikuaren bilakaeran izen dan hizkuntza-prozesuek eztau eraginkortasun haundirik.,western
prem1666,"Baleike harexetako batzuk presuek asmatuek izetie, hareen lexikue murritzegixe zalako kontzeptu, gertaera edo egoera horrexek izendatzeko.",western
prem1667,"Inglisak eta ingelesak berba, esapide, gramatika, ahoskera eta erritmo desbardinak dekiez.",western
prem1668,"Oso zuhurrak izen biher dou berben jatorrixe ludikotasunari egozteotzien etimologixak edo askotan herri-mailakuek dien etimologixa guztiz hutsak proponidutien, ez dabelako deus ekarten espekulaziño hutsaz harau.",western
prem1669,"Davidsonek ez leuke “scone” berbie ahoskatu biher “bone” berbiagaz errimaute, ze Victoria, bera bizi dan lekua, oso-oso ingelesa da.",western
prem1670,25 dolarreko batez besteko elebarri bat (200.000 berba) 8.000 berba/euroko ordaintzen da.,western
prem1,"Bueno, horretan pentsatzen ere ez nintzan ai, baina hain frustrauta neon, berriro hitz ein nun harekin.",central
prem2,"Eta pentsatu nun hori pribilegio bat zala, eta hala izaten jarraitzeu, ni neu nintzan beatzi bi bi ixa zero bakarra, hoixe zan nere AFSC Aireko Indarren Karrerako alorra.",central
prem3,"Esan ziaten azkenian tipo bati deituko ziyoela, ezautu nezan.",central
prem4,"Hainbeste gauzaz hitzeitia zenekan, hori eztetela aipauko.",central
prem5,"Hori zan salbau nahi genun gauza nagusiya, ez baitzeon moduik hogei megatoiko hidrogeno bonba bat botatzeko 30 batetik, C124 batetik.",central
prem6,Ez nao seguru zeatik.,central
prem7,"Hau Fannie Flono da, eta Augustan hazi zan, Georgian, eta bere haurtzaroko istorio batzui buruz hitzeingo du.",central
prem8,Eta nik bost U2 destakamendu nezkan.,central
prem9,Ni nitzan miniaturazko altitude ganberetan probarako erregulagailuak erabiltzen zitun bakarra.,central
prem10,"Sarjentu burua naiz, erretiratua, Rickek esan zun bezela.",central
prem11,"Diru fluxuan proiekzio batzuk daude mahai gainian, eta, Cutty dalako batentzat da, hori da bezeruan izena.",central
prem12,Nei laguntzia dakan neska hiriyan bestaldian dao.,central
prem13,"Baina zelaiko eskuak zein zian eta etxeko umiak zein zian, hola zan…",central
prem14,"Hirugarren Ssaz, U2 Quick eta Blackbirdai buruz hitzeingo digu gaur.""",central
prem15,"Bost seme-alaba besteik etzituzten, eta hoietako bat hil in zan.",central
prem16,"Eta, jakina, Androv Gromikovek ez zun ezer erantzun, baina informaziyo guztiya genun, U2yak grabautako filmetatik.",central
prem17,"Esan zun malkuak bakarrik zerizkiyola begiyetatik, eta esan zun gero Joe ataripea etorri zala.",central
prem18,"Aireontziya sutan eonik ere, erre ingo litzake, eta urtu in berko litzake, berunezko piezan barrena, erradiaziyua ateatzeko.",central
prem19,"Clem Francis sarjentu burua da, AEBetako Aireko indarreratik erretiratua.",central
prem20,"Bueno, momentu batian, astebetian bizpahiru aireontzi iritsi zian, eta enekiyen noa zijuazen hegan.",central
prem21,"Presio jantzi osuekin entrenamendua jaso zuen ja, eta hortako denbua bihar zan.",central
prem22,"Esan nahi det etzeola lehergailuakin sartzeko arriskuik, ez baitzan lehertuko lurzorua oso gogor jota re.",central
prem23,Saiatzen ai naizen hori bea dala emateu.,central
prem24,"Hala re, animaliyak solte gelditzen zian, ahuntzak batez ere.",central
prem25,Atiak itxita zeuden sartu ginanian.,central
prem26,"Beraz, guztizkuak hartu ta hola moldatu ber izan nun.",central
prem27,"Etorri zan, atia ireki zun, eta goguan dakat atzea beitu nula ta arpeiko keinua ikusi niyon, ta konturatu nitzan dezepzionauta zeola.",central
prem28,Eztakat denda zehatzik.,central
prem29,Etzun inoiz ezer bere kabuz in ber izan.,central
prem30,"Beraz, pentsatu nun, ene Jainkua, eta Ramona han zeon zutik.",central
prem31,Eta kontua da arina zala!,central
prem32,Eztakit Augustan gelditu ote zan horren ondoren.,central
prem33,"Etziguen inoiz esaten noa zijuazen, ezta basetik noabait jute zianian tarte batez han gelditzeko.",central
prem34,"Esan zuen: leku bat ordaintzen ai gea, han eon zaitezen.",central
prem35,"Bueno, hurrengo egunian, jakina, Kennedy presidentiak blokeua ezarri zun Kuban, gure ontziyek ontzi errusiar bat geldiarazi zuen Kubatik kanpoa zijuala, eta misilak aurkitu zituen.",central
prem36,Gizona sartu intzan.,central
prem37,"Nere aitona-amonak beti izan zian oso-oso maitekorrak, ta gurasuak ere bai, eta oso ondo pasatzen genun han.",central
prem38,Enekan denboaik dana dalako gauzak sartzeko.,central
prem39,Eta nere lanetako bat zan jendia entrenatzia bonba atomikua bea leherrarazten dun arma nuklearren tiragailuei paraxuta jartzen.,central
prem40,"Amonak bere txikitako istoriyo asko kontatze zizkian, eta, bereziki, familiyaz hitzeiten zun, eta garai hayek nolakuak zian.",central
prem41,"Presio jantzi osuak genezkan hegazkinian, astronautek jazte zituen bezelakuak, baina guriak zilar kolorekuak zian osoik, botak eta guzti, berua islatzeko, noski.",central
prem42,Aitona etzan gizon atsegina.,central
prem43,"30edo 40 U2 hegazkin dia, eta pilotu txinatarrek, pilotu britainiarrek, mundu osoko gure aliatuekin hasi genun entrenamendua.",central
prem44,"Esan zun: beitu, bilatu hau halako konpainian inguruan.",central
prem45,Iparraldea jun ziala esan zun.,central
prem46,"Ez, zintzua izateko, inoiz enun irakurri irakurri ber nun liburuik.",central
prem47,"Aurrea jarraitu, ekipajia jaso eta jun ber nun helbidea jun nitzan.",central
prem48,Umore aldaketa izugarriya izan zan.,central
prem49,"15 pertsona baino geyon artian aukerau ninduen eskola horta juteko, eta enaiz jungo.",central
prem50,"Hainbat altitude ganberatatik pasa ber due, hainbat aldiz, U2ak pilotatzen hasi aurretik edo presio jantziekin hegan in aurretik.",central
prem51,Gauza bea ai naiz estaltzen.,central
prem52,"75 urtian hori gertau zan lehen aldiya izan zan, Texasko legebiltzarrak unitate militar baten alde bozkau zula Texasko enbaxadore izateko. Hau da, Texasko enbaxadoriak ber zituen.",central
prem53,Zerbait itia ba al dakat?,central
prem54,"Gorroto zun hori, ta egunero esate ziyon ahizpai gaizki ai zala.",central
prem55,"Haren etxea jun nitzan, eta, geo, ailatzian deitu ber nun zenbakira deitu nun.",central
prem56,"Bueno, gaur goizian aileau naiz, eta, ahaztu in zait nola, ustet galdera bat in detela eta hua agertu dala.",central
prem57,Ez genekin noa zijuazen.,central
prem58,"Baina pentsau nun, ahaztu, gosia dakaten bitartian hamaiketakua jangoet.",central
prem59,"Pentsa, gaur iya lana uzteko puntura aileatu naiz.",central
prem60,"1880 inguruan, 1889an, uste det, ordun jaio zala esango nuke.",central
prem61,"Hobe da torloju txikiya pixkat askatzia, kalte itia dakalako birikai, oso errex.",central
prem62,"Del Riora (Texas) juteko aginduak jaso nitun, eta hara iritsi nitzanian, bueno, Aireko Indarren Laughlin basera jun ber nula jakin nun.",central
prem63,"Mundu guztiyai txanpaina ematen zitzayon, eta batzuk etzuen eraten; beraz, haurrek eraten zuen, hau da, txanpaina hori guztiya eraten ibiltze ginan.",central
prem64,Istoriyo asko daude hiri biluziyan.,central
prem65,Hegazkinak probatzen ditunian bizi eta ikasi iten du.,central
prem66,Hori da kontua.,central
prem67,"Kuba gainetik pasa zan aireko base batetik, eta, jakina, Rudolph Anderson eraitsi in zuen.",central
prem68,"Seguru asko, hori da ume garaitik gogoratzen deten lehen gauza, bereziki gaizki indako zozerri buruzkua.",central
prem69,"Egun hoyetan beltza izatia etzitzaien gustatzen, besteik gabe, eta seguruenik 30eko hamarkadan hasieran in zuen.",central
prem70,Inork etzekin noa jun zian.,central
prem71,"Eta ezin zian Augusta inguruan gelditu, jendiak bazekilako zerbait iten sayau ziala, benetan tabua, txuri plantak iten sayau ziala.",central
prem72,"Bai, bueno, tipua hemen dao.",central
prem73,Zeoze ikusten aiginan telebistan.,central
prem74,"Hala re, berrize Ramonakin hitzein nula ustet.",central
prem75,"Kubako krisiyan biktima bakarra izan zan, eta Kaiser argazkiyak atea ta Washingtongo aireko indarren Andrews basea abiyau zan zuzenian.",central
prem76,Esan zun: Eztezu bizitza ulertzen nik bezela.,central
prem77,"Gero ulertu det, eta, ados, baina ze in horrekin?",central
prem78,"Eman minutu bat moztu nahi badezue, eta jungo naiz.",central
prem79,"Beraz, Washington DCra jun nitzan, eta ez nitzan zuzenian jun, uh, uh, nere aginduta esan ziaten moduan.",central
prem80,Azal argiko pertsona beltz bat zan.,central
prem81,Aitak basokada haundi bat txokolate esne in zun neretzat.,central
prem82,Garraio Departamentuak terrenua ta holakuak erosi ber zitun.,central
prem83,Jaio ingo zan.,central
prem84,Badakit ze urrutira iritsi naizen.,central
prem85,"Bale, entzungo al diazue?",central
prem86,Esan zenun eztezula gogoratzen ezer bereziya irakurri izana eskolan zaharragua zinanian. Irakurri al zenun gustatze zitzaizun edo gorroto zenun liburuik?,central
prem87,"Injekzio bat jartzen dun torloju txiki bat da, arnas presiyoko tubua pilotuai ta kontrako presiyuai lotzeyo.",central
prem88,"Esateu: Ez kezkatu horreatik, hartu ber dezun denbora.",central
prem89,"Kennedy presidentiak hau esan diye pilotuei: 'Jaunak, in argazki onak'.",central
prem90,Ta nik pentsau nun iya bukau in nula.,central
prem91,Dana idazten sayau nitzan.,central
prem92,"Ez, 1900ian jaio zan, 16 urte zezkalako, ta 1926 ingurua izango zan, 1930a baino lehen.",central
prem93,"Beraz, benetan interesgarriya izan zan.",central
prem94,"Haren ahizpak txuriya emate zun, ta txuritzat jo zun, hain zuzen.",central
prem95,"Bueno, haren aita izateko bezain zaharra zan iya.",central
prem96,"Hori, ni bizi euskarriko 922 bakarra nitzan, ta bestia laguntza fisiologikokua zan.",central
prem97,"Nik pentsatze nun berta sartuko zala, ta pentsau nun husteko nerekin, iteko errieta, ez nulako bukatu.",central
prem98,"Bueno, jakina, esan berriz eztao, ezin genun akatsik in.",central
prem99,Ta gauez ezin nun loik in.,central
prem100,Benetan defentsa ona zekan.,central
prem101,Inoiz ez esatiai dagokiyonez...,central
prem102,Gu inguru hontan bizi gea.,central
prem103,Ta oso azkar ai da hitz eiten; mobiletik ai da.,central
prem104,"Ezin naiz akordatu zer zan, baina bapatian oso urduri jarri nitzan aurreneko aldiz eskola jun ber nula, eta hori izan zan nere bizitzako egunik estresagarriyena.",central
prem105,"St. Louisetik kanpo bizi zan, Jefferson City ta St. Louis, MOren artian.",central
prem106,"Del Rioko leku batea bialtzen ai nitzan, ta gero Laughlin Aire Indarraren Oinarrira jun ber izan nun.",central
prem107,Eztit inporta nola iten duen.,central
prem108,"Ordun, beitu, Ramona nun daon jakingo det, ta han deituko det.",central
prem109,"Bitartian, aireko indarrak SR71 erosi zun, oain A-12, CIArekin lanian ai ginana.",central
prem110,"Ordun, arreban senarra ere argi zeon?",central
prem111,"Zahartu ahala, ordia, etzun inoiz onartu oker zeola, baina aldau in zun portaera.",central
prem112,Tipo haundiya da osaba.,central
prem113,"Han bizi zan ahizpangana jun nitzan. Senarra lanian ai zan ta Inteligentziakin lan ite zun, ta ni haren etxea jun nitzan.",central
prem114,"Nik uste nun: Bueno, nik beste pertsona bati alde ingoyot, baina ordun nik pentsatzenun: Ene!",central
prem115,"Minutu bat jipoitzen ai da mahai gainian, hurrengua ondo dao, nere mahai gainian eukitzia, da, da, da, da, da, da.",central
prem116,"Hala re, hara iritsi ta esan zun: 'Nola ai zea iristen?",central
prem117,"Gero inguruan bueltaka neon, eztakit, egun hortan egun osua emate zun.",central
prem118,Beak tuberkulosiya zekan ta nik ere enekiyen.,central
prem119,"Ezin dezu, ezin dezu bizirik iraun kontrapresiyoik ez badezu, altitude hoietan arnas presiyua haunditzen badezu.",central
prem120,"Berehala hasi nitzan, zea, tokiyan zeuden beste bi motetako hortan trebatzen.",central
prem121,"Kuota batetik kanpo bazeon, ajuste batzuk in ber zizkiyon erregulatzailiai beai.",central
prem122,"Zea, ni neu nitzan oaindik bakarra ta beatzi bi bakarrik jarri nitun injekziyua erreguladorian.",central
prem123,"Ezkontzan zeremonia ere etzun ulertzen, etzekin ezkondu in zala, benetan...",central
prem124,Hara jungo ginake.,central
prem125,"Eta beste bilobak tratatzeko modua zeinena zan, nolabait, badakiyelako.",central
prem126,"Bikaina izan zan, ta jantziyak haize pixkat jo zun...",central
prem127,"Zea, nere denboran zati haundi bat pasa nun, zea, jarduera berezitan.",central
prem128,"Ta galdetu niyon, badakizue, itia ote nekan, zea... Gabian gelditu ta in ber du, edo bihar eguerdiyan in ahal izangou, ondo badao?",central
prem129,"Baina, zea, herri txiki batian bizi zan Augustako kanpoaldian, Evans izenekuan, eta Evans existitzea oaindik, ta hor daude oaindik nere senide asko.",central
prem130,"Nere ahizpak esaten jarraitzeu: 'Batzutan amama bezelakua zea, gaizki tratatzezu jendia, arrazoi okerrengatik'.",central
prem131,"Ordun, etxe berri batea jungo gea.",central
prem132,"Nik uste nun, ondo, hori ona da, badakiye, hola.",central
prem133,"Eta pintura orbanak 100 gradutik behin aldauko liazke, gorriya izan leike, urdinea aldauko litzake.",central
prem134,"Oso azkar jan nun, ahal bezain azkar, ta geo han etorri nitzan, eta azkenian lagundu in zian.",central
prem135,Ahizpan senarra ere argi zeon.,central
prem136,"Hala re, O2-erreguladoria asmatzia okurritzen zaie.",central
prem137,"Beraz, Las Vegasea, NVra, jun ginan, eta, Washingtonen in nun bezela, Las Vegasko erdigunea jun nitzan.",central
prem138,"A, laugarren maila oso dibertigarriya izan zan.",central
prem139,"Fitxa pilua dun artxibo bat bezelakua da, fitxa bakoitzak kalkulu orri desberdina du.",central
prem140,Ez dit inporta nola iteuen.,central
prem141,Eta Mallard Creekea jun zian Charlotten.,central
prem142,"Bea ministro baten semia zan, ta, beraz, ondasunak eta gauzak zezkan, oso ondo konektauta zeuen komunitatian ta oso estimu haundiyan zeuden.",central
prem143,Ta nik enekiyen zenbat detaile nahi nitun.,central
prem144,"Eta, zea, desberdina da, bezero bakoitzan azpiyan bezela, fitxategi guztiyak dia.",central
prem145,"Erraxaua da, beak eman ziana bezain zehatza ta konplexua, ta bigarrena dana sinplia.",central
prem146,"Izan'e, egiya esan, etzian Augustan bizi, bueno, badakizue, Augusta oaindik hiri bat zan garai hartan, nahiz ta Augusta bezelako hiri haundiyetako pertsonentzat hain haundiya ez izan.",central
prem147,"1962yan bukaeran, Washington, D.C.ra juteko agindua izan nun.",central
prem148,"LAAk bere jabetza hartu zunian, Concordeko eremu txikiyo batea jun ginan. Han ezin da animaliik euki, eremutan banatuta baitao, ta hoixe da animaliyen historiyan amaiera.",central
prem149,"Hala re, zabaldu in gea, eta oain esan leiket, horreatik, zea, Kadina, Okinawan zabaldu ginala, ta hori 1968yan izan zan.",central
prem150,"Esan zian ze ber zun zehazki, ta ze ber zun gaur.",central
prem151,"Jun zan, ta ez kezkatzeko esan zian.",central
prem152,"Beira, arazuak dazkazu.",central
prem153,"Hasieran, ama etzan bere gustukuenetako bat, eta, hortaz, sorotan lan itea biali zuen, ta beste ume batzuk, berriz, etzuen sorotan lan iten.",central
prem154,"Jendiai galdetzen jarraitze zuen, ta inork etzekiyen nun zeuden, ta, azkenian, onartu in zuen Joe etzuela berriro ikusiko.",central
prem155,Ahizpana zala esan niyen.,central
prem156,"Esan zun ama aurreaka makurtze zala, ta beitu ta esan zun, hua bezela ibiltzea.",central
prem157,"Petaluak goian biltzen ai da, ta nik enekiyen ze ondoriyo zekarren.",central
prem158,"A, interesgarriya iruitu zitzaian beste gauza bat da nere ahizpan aurreneko oroitzapenetako, eta atzeko patiyo hortan bertan izan zan.",central
prem159,"Estresagarriya izan da, ta arrazoi osua nun gaur estresatzeko, iten etzekiyen zerbait ematen ai zitzaian: hemen dezu, intzazu.",central
prem160,"Hemen dezu, gaurko nahi du.",central
prem161,"Zoritxarrez, berriro aldau ginan etxez.",central
prem162,"Enun Faulk andria oso ondo ezautzen, 80 urte zezkan ta pertsona ona zan, batzutan ikusi nun, baina ni oso urduri eote nitzan.",central
prem163,"Mallard Creeken bizi ginan, 85 zenbakiyan; gaur egun, 485 errepidia dao bertan. Ordun, uain dala hamar urte, etxez aldau ber izan ginan, 485 errepidiatik.",central
prem164,Emate zun nagusiyak nortasun zatitua zekala.,central
prem165,Nere aita izateko moduko adina daka.,central
prem166,"Dana lotuta dao, ta, jainkua, eztakit zenbat irauten dun.",central
prem167,"Oainguan, neska han zeolako ere eneon pozik, estresauta baineon.",central
prem168,Ta gauza asko gertatzen dia amak drogak hartzen ai dialako.,central
prem169,"Bai, earra dao, euriik in al du?",central
prem170,"O, zenbat baliyo dun giza bizitzak ta norbait birgaitu leiken edo ez.",central
prem171,"Ene, kableatuan arazo arraro bat dakazu.",central
prem172,"Oso dibertigarriya emateu, txundigarriya da neretzat zenbat gauza onartuko litueken.",central
prem173,"Bai, hoixe. Esan nahi det hornitze zeaneako ta hori inez izerditzea juten zeaneako, zu Club Med-en oporreta jun ahalko zinan, dana barne.",central
prem174,"Baina, hala re, nere seme-alabek oain hogeita bat eta hogeita lau urte dazke; beraz, eztet ber.",central
prem175,"B, bueno, Fresno da hau",central
prem176,"Bai, edonoiz lanian eon leizken pertsonak, edo erabakiyak hartu ber izanezkeo haien erabakiyak lausotuta eon leizkenak.",central
prem177,"Ez, oaindik biran daue, hirurogeiko hamarkadan amaieratik honea ibili dia biran.",central
prem178,Nola ingo zenuke aerobik?,central
prem179,"Bueno, hori ona da, ez det hortan pentsau.",central
prem180,"Eguneko zaintza astian bi egunez, adinekuentzako eguneko zaintza deitzeyoe, baina hirugarren adinekuentzako zentroa jutea.",central
prem181,Hori zan haien helburua,central
prem182,Armak kontrolatzeko bi esku erabili ber dia,central
prem183,"Eta, bapatian, eztakit nundik datorren, baina nunbaitetik dator",central
prem184,"Ez, hain zuzen, eztakit ezer hortaz, eztet uste",central
prem185,"Bai, kristona zan",central
prem186,Sujeritu zun lanbas bat ibiltzeko,central
prem187,"Oso gaizki dao egoera hemen, autobidian tiroketa bat izan berri deu, gure etxetik 3 etxeta.",central
prem188,"Egiya da, ez da oso trinkua.",central
prem189,Eusten saiatzen ainaiz.,central
prem190,"Bai, ze txakurkume mota dakazu?",central
prem191,Ze adineko seme-alabak dazkazula esan zenun,central
prem192,"Seguruenik etzian munduko pertsonaik argiyenak, baina oso atseginak zian eta ikasteko prest zeuen pertsonekiko interesa zeken.",central
prem193,"Behin, ekitaldi batetik bueltan, kanpalekuan inguruan argiyak piztu genitun, ta mofeta bat zeon hortxe.",central
prem194,"Badakizu nere seme-alaba guztiyak paregabiak diala, benetan onak dia, ta pentsatzet mutil zaharrengandik ere ikasteuela, baina",central
prem195,"Ta horrek ekarriko luke jendiak bere zaborra gehio trinkotzia, ta bolumena mugatzia, seguru asko, benetako arazotik gertuo dao pisua mugatzia baino.",central
prem196,"Beraz, akatsen bat badao, zure akatsa da.",central
prem197,"Ondotxo dakizu josturak eta holakuak iten, ta oso akabera profesionala dake.",central
prem198,"Nere postuan bi aste dazkazu haste zeanian, ta geo urtero aparteko egun bat emateizue, lau aste izan arte.",central
prem199,"Hori da mendiyan bizitzian onena, eztezu holako ezertaz kezkau berrik.",central
prem200,"Ene hitza, abentura kutsua daka horrek",central
prem201,eta oain ahizpa bat dakat Alemaniyan,central
prem202,"Alaba txiki bat dakat oain, ta zaila da hara eramatia, baina ingoet",central
prem203,uda ona izan,central
prem204,"gu ez gea benetako naturalistak, ez holako ezer",central
prem205,"aitona-amonak gogoratzeitut, eta beti ateatze nitzan errepidea, eta zerbeza latak eta holakuak biltze nitun",central
prem206,"beraz, hau ezta txakur batekin dezun lehen esperientziya.",central
prem207,"bai, bai, ez kontau dan-dana",central
prem208,"ez, campusetik kanpo bizi naiz",central
prem209,"gizonak, karguik gabe, andre ohia sastakau zun hil arte, beste tipo batekin oheratzen ai zalako; esan nahi det andre ohia dala, badakiyela badakizu hitz eiten ai geala ta",central
prem210,partidan aurrezkiyan antzekua da,central
prem211,"Wills Pointekua zan, eztakit ezautzen dezun",central
prem212,"erlojua nekan eta oinetakuen gainian eroi zan dana, ta zuhaixkak txuri gelditu zian",central
prem213,"maitasunez iteue; beraz, ofizialan idea idea ona da",central
prem214,"beraz, kriston itxura zekan",central
prem215,"latak ontzi batian ta beira beste batian gordetzeiteu, ta papera beste batian, behin betetakuan, kotxian kargatzia ta eramatia oinaze hutsa da",central
prem216,"Locust Hill, ados, oso ondo",central
prem217,"Bermuda soropila bat dakat hemen, ur asko ber duna, ta oso motz mantendu ber da golf zelaiko greenan itxura izatia nahi badezu.",central
prem218,"Nikel bat gehio edo hogeita hamar zentabo gehio da sei boteilako sorta, ta mundu guztiyak muga zeharkatzen du edari merkienak erosteko.",central
prem219,"bai, entzun leiket",central
prem220,"Artikulu bat erostezun bakoitzian, bereziki artikulu haundi bat, ordaintzen ai zeanai zergen % 10 inguru gehitu ber dezu beti.",central
prem221,"Ezohikua da, baina laguntzaz itea",central
prem222,"hori da bere plana; beraz, espero det baietz",central
prem223,"horixe, baina lege berriyekin oso zaila da uain",central
prem224,"Ene! Ez zion arau batei e jarraitu, eta bazirudin ez ziola bate axola; noski, bota egin zuten zuzenian.",central
prem225,"bai, ez dirudi posible, ezta?",central
prem226,"Washingtonen eta garaitu gabeko Buffalo New Orleansen eta Chicagon artian dao kontua; izan e, Chicagok bi aldiz baino eztu galdu eta hoietako bat Buffalon aurka izan zan.",central
prem227,"bai, arropan gaineko zergak baitteu",central
prem228,"Bueno, gustukua det girua",central
prem229,"nik haur bat dakat, hemezortzi hilabeteko neskato bat",central
prem230,"harek dun bigarrena kumaldiko txakurkumeetako bat izantzan, ar bakarra, hortzetako arazuena.",central
prem231,"hara, handik ai altzea hizketan?",central
prem232,"egiya esan, eztakit, uaindik ez baitet hainbeste traje jantzi ber izan.",central
prem233,museueta jun al zinan Europan,central
prem234,"Tira, ze pentsatzeu zure senarrak zure kamisetaz?",central
prem235,"Aluminiyo urtua ere ez, aluminiyo prentsauzkuak zian.",central
prem236,eta artian beldurra ematen zian,central
prem237,"eta, geo, seur aski beirauko nuke zenbat ordaindu dezaketen",central
prem238,"eztet goatzen baietz zirudinik, baina agian ez",central
prem239,telebista lapurretaako zigor egokiya heriotza dala uste dezu,central
prem240,"hondartza earra zan, eta leku egokiya zan hara juteko; beraz, hoixe da, segurasko, nere lekuik gogokoenetako bat.",central
prem241,Jarri kola iraarki bat han,central
prem242,"ondo da, beraz, utzidazu argitzen, pistoletako bost euneko itxaronaldiya bidezkua izango litzake zuretzat.",central
prem243,"bai, cocker spaniel bat izan nunian aire zabaleko txakurra zan, eta usteet nahio nula",central
prem244,"ustez, zazpi egunetan, zure iraganari beirauko yote, ta preso ohia etzeala konprobauko due.",central
prem245,baakizu nahio nukela hegazkin batea iyo eta hara iritsi ta geo gozau,central
prem246,"Uain dala hilabete batzuk, sei epaimahaikide zituztela, pentsau nun bazekila hamabi gizonek epaitzen zutela.",central
prem247,"kreditu kooperatibetako zuzendari nausi guztiyak ta horrelako jendia; beaz, kreditu kooperatibekin gertatzen ai zenaz bazekiyen.",central
prem248,"Baakit mundu guztiya beti daola lanpeuta ta kezkauta, eta arazo ugari dauela, eta jendia ez dala une batez eseritzen eta ez dula hitzeiten eta jakiten dana ondo ateako dala",central
prem249,"Brian, Planon, Texasen, ze mouz gaur?",central
prem250,kaosa besteeik ez du ekartzen.,central
prem251,"bai, hoixe ein det gaur, Darkman eosi det, ikusiezu eztetela ikusi uaindik, gaur gabian ikusikoet seurrenik.",central
prem252,"Ene bada, Inglesian gradua det, eta irakurtzia gustatzen zait, kito",central
prem253,"eta, ene! Buruan iltzauta dakat, mila zortziehun dolar ordaindu zittun loro bateatik, ez sinisteko moukua.",central
prem254,"eta gutxiengua zea, betiko",central
prem255,"seuruenik gehio da, estalduraz gozatzen detelako, egunkaria irakurtzeko astiik ez dakatelako",central
prem256,"Haiek eta neuk gustuko ditteu haien abesti batzuk, baina ados nao, oro har ez nuke rapa aukerauko.",central
prem257,aitu detenakiko satisfaziyua,central
prem258,"baakizu erraza dala esatia zulo zehatz bat eingo deula, eta ezer eztala gertauko, eta geo ondo esangoute hori proatzeko modu bakarra denboa luzian dala; beraz,",central
prem259,"eztu zertan, etxeko jendia izan leike, x dolar manejatzen laguntzen dizuten pertsonak.",central
prem260,Bere onea etorri zanian bea zan ehuneko larogeita zazpi inguruan.,central
prem261,"beraz, arazo bat da ze irizpide mota bilatzen dian erosketetan zabiltzanian",central
prem262,Atsegina izan da zurekin hitzeitia,central
prem263,"Ikusteet Estatuak eztula eskatzen; nahiko ezohikua da, ezta?",central
prem264,"Bai, leku batzuk onak dia Correos bidez o beste modu batea bialtzeko, baino",central
prem265,"eztet uste hori ein nahi dunik, baina, egiya esan, estatu politiko nausi bat eo dana dalakua bezalakua izan nahiko luke.",central
prem266,transmititzen dianian edo osotasunetik ulertzen etzun zerbait,central
prem267,"bi seme dazkat, hamabi ta hamaseikuak",central
prem268,"O, izena ahaztu zait, baina Parlamentuko Bakia da",central
prem269,tiro eiten dun plastikozko arma automatikua da,central
prem270,"Bluegrass country mouko zeoze da, baina ondo pasatzeko moukuak dia",central
prem271,"jendetza biltzea azkar-azkar betetzen bada, eta ikusliak dotoreauak dia, yuppieak edo",central
prem272,"bueno, neskalaunak alaba nerabe bat daka, eta, eskola hasi baino lehen urtero arropa erostea eramateko agintzen dit, gehiegi burrukatzen dialako.",central
prem273,"Baakizu, bueno, atzo liburuteira jun nintzan, libruak beiratzera, eta PJ O'Rourken liburu berri bat aurkitu nun, Parliament of Horrors izenekua, eta zeari buruzkua da",central
prem274,hogei minutu ingurukua da,central
prem275,"bai, hori egiya da, baina usteet hori baino gehio esan nahi detela, bigarren hezkuntza uztiaz ai naiz.",central
prem276,Sinistezina da pixka batetik lortu leikena,central
prem277,"oso ona izan zan, banekin tristia izango zala, eta banekin baten bat hil eingo zala",central
prem278,Elkarren traban jarri,central
prem279,"bai, bueno nik kantari zaharrauak nittun, ahizpa zaharrauak, hobeto esanda",central
prem280,"seuraski hogei bider sei eo halako zerbait zian, eta sinistezina da zenbat landare landatu ahal dian han.",central
prem281,"Dances with wolves ikusi gendun, berandu samar, eta, ze gehio? Silence of the lambs ere ikusi det",central
prem282,"baina bizi gean eremu mota da, noski, bizitzan kostua ere ez da hain haundiya, eta sumatzen da aldia.",central
prem283,"eztakit, baina uaindik mendiyan pentsau nun, eta hori esan zunian pentsau nun ""ze?""",central
prem284,"Ez nun inoiz bat antolau, baina Oroimenan Egunian bat izango deu, seurrenik, azken bi urteetan izan dutelako",central
prem285,zuria lau atekua da,central
prem286,"bai, badakizue, etxalde bat dakat hemendik ehun miliara, Texasko ekialdian.",central
prem287,"Oso dibertigarriya izan zan, noski, jende askoren gustukua, erten eta astebete geroao eo.",central
prem288,"eztao bate arazoik, ta estera hoietako bat lortzen baezu, badakizu, denda batea jun; normalian, ariketa fisikua eiteko gida hoietakuak izateittuzte.",central
prem289,"eta uste det haien pareko eongo geala soldatan eta aitortzan, epe luzian.",central
prem290,"eongo'ya mou zintzuauak, jendian bihotza ikutziaz, negar iñaraztiaz ta zoze emanez on iten ai diala sentiaraztiaz aparte. ",central
prem291,"Hauek izate'txeu: Urteberriya, Ostiral Santua, Oroimenan Eguna, Uztaillan 4a, Langillian Eguna, Esker Emate Eguna ta biharamunekua, Eguarri Eguna ta bezperakua ta biharamunekua. ",central
prem292,"hori da, datorren urtian motz geatzia dakau aurten dana gastatze ezpadeu, hortaz, ta igual du ze zorua dan gastua, dirua gastau.",central
prem293,"askotan, diesel autobusak ikuste'txozu, karbono partikulak, karbono dioxidua ta ur-lurruna sortze'ue.",central
prem294,"Bai, bai, leku hori benetan earra da ikusteko ",central
prem295,gustatze'zaixkit behin da berriz ikuste'txozun pelikula hoiek,central
prem296,"ta ezautza hori ta harekin dijuana emanda, gozatze'ula emate'u",central
prem297,"emate'u talonayua txeke txuriya dala, ta fondo mugagabiak dazkala. Eztu mugaikan gabe gastatzen, baña jarrera hori du gitxi gorabehera",central
prem298,"Bai, pertsona batzuk esaten ai dia itzulera handiya ingo'ula. ",central
prem299,"ta, ia, uain dala hogei nik usten det iraultza sexuala deitze'ziyoen hortan sartzen ai giñala, pilulan ondoren da.",central
prem300,"seguruna, ta kide izan'tzean bitartian in due. ",central
prem301,"normalian bost o sei pauso baño gehiyo dazkan eozein errezetaz paso ite'et, badakitelako eztetela iñoiz denboraikan hartuko hortako  ",central
prem302,usten det bakarra bihar dezun guztiya dala,central
prem303,"bai, aurten aitu'et haren berri, nere mutil lagunai country musika mota batzuk gustatze'zaixkiyo ta hoixe ai zan aitzen.",central
prem304,"bueno, plazerra izan da zurekin hitzeitia, mila esker, agur",central
prem305,aukera bat dutenengan gastau,central
prem306,"hortaz, aukera badakau ixillagua dalako bakarrikan",central
prem307,"bai, seguru asko ikustea juten saiauko naiz",central
prem308,"hortaz, jarraitu in nah'et, badakitelako arazo asko eukitzia dazkatela bestela",central
prem309,"ta plastikozko instalaziyo erraldoiya da, % 75eko merkatu kuota dakela usten det, o antzeko zoze",central
prem310,hazten ai nitzanian,central
prem311,"eztakae elurrikan, eztakiye elurra zer dan. Izutu ite'ya lurrian elurra daonian. Amarillo hamendikan hurre dao, noiztikan eon'tzea Raleighen",central
prem312,"ez, azkenaldiyan ez, esaiazu",central
prem313,"Eztakau eski alpinoik, iraupen eskikuak dazkau",central
prem314,"hortaz, eztakit, baña jakin nahiko nuke",central
prem315,"bueno, ordun hillan bukaeran paatu ta kitto",central
prem316,"bueno, eztakat seme-alabaikan; hortaz, zailla da esatia",central
prem317,"bale, Texasen nao ta HIESaz hil tzan irakasle bat dakau",central
prem318,"bai, ta behera juten saiatze'zean bakoitzian, aretozaiñek beti esateizue buelta emateko",central
prem319,"Sam izena du, Samantharen laburdura dalako, ta danek gizonei bezela ite'yoe",central
prem320,"neria're bada, baña jende askontzat egoera oso-oso seriyua dala usten det",central
prem321,"o, ta geo, zure korporaziyotikan ateatzen saiatze bazea, ikaragarri garesti paauko'zu",central
prem322,Desiatzen nao,central
prem323,"eztet goguan, beste behin bakarrikan in det",central
prem324,"horrelako asko dao, Texas Instrumentsek ite'txunak ta langilliek beaiek ite'txuela're eztakiyenak",central
prem325,"Benetan arrixkutsua dala usten det, istripu hoiekin guztiyekin",central
prem326,"Bai, hoiek mugatzen ikusi nahi nituzke, arma automatiko berri hoien aurretikan, baña gañontzekua eztue uste bihar duenikan ya",central
prem327,"bai, hori're eztet ulertzen, teknolojia ta tresna militarrak saltzia atzerriko gobernuei ta geo zorra barkatzia.",central
prem328,eztezu sentitzen erabaki horrekin eroso zabenikan,central
prem329,"bale, hala're paatzen ai naizela iruitze'zait; izan'e, juten naizenian o nere aseguru-etxian, paatzen detenian kontuak altugiyak diala emate'u",central
prem330,Zientzia informatikua ta zientzia kognitibua,central
prem331,"iya akre bat dakau, ta parrebarriya da, zeagatikan",central
prem332,Badakizu jun ingo'yala ta eztala hainbeste aktibidade eongo,central
prem333,"azkenaldiyan, ordia, kanpatziakin dakaten esperientziya nere senarran auto-lasterketak dia",central
prem334,"baña hortaz aparte, uaindikan epel eotia espero det, ez oso hotz, earra izango zan igual elur pixkat gabon gabian o zoze, baña eztu itxura onikan",central
prem335,Etorkizun teknolojikuan sartu deu gure sarrera.,central
prem336,"Adibidez, makzimuan, jene guztiyak more bihurtze'ya.",central
prem337,Daniel Yamins matematikari gazte bikaiña da.,central
prem338,"Ta hala bada, muga hortatikan hurre eote'ya askotan?",central
prem339,"Ta usten det aztarna molekular bat daola, erakuste'una biosfera etengabe eraikitzen ai dala hainbat leiñu hedagarrirentzako irauteko mouko errejimenian.",central
prem340,"Salto horrekin, kristal erregular batek ezin du informaziyo asko kodetu. ",central
prem341,"Ondoriyoz, helduek eskolaurreko umiei eztiye erakutsi bihar plantak iten, batzutan ite'uen bezela, buru-hausgarriyak o holako lanak menperatzen laguntze'yenian da.",central
prem342,"Hala, PP kontzentraziyo haundiya daonian, birsintetizatzia inhibitzeko joera daka.",central
prem343,"[Naziyo hau] askatasunian sortu zan, ta gizon guztiyak berdiñak sortzeko proposamenai eskeiñita.",central
prem344,"Wittgensteinen ideia da, orokorrian, mailla haundiyoko baieztapenak ezin diala murriztu mailla txikiyoko baieztapen biharrezko ta nahikuen sorta zehaztu finitu batea.",central
prem345,Gehiyo goraipau biharko nun?,central
prem346,Spin sarian teoriyak hainbat dimentsiotan eraiki leizke.,central
prem347,"Ez, ez, eztet zu hiltzia nahi! ",central
prem348,"Publikoki urkau zuen 1875eko martxuan 19yan, San Josen, Kalifornian.",central
prem349,"Errejimen kaotikuan, itxaso berde distiratsua iragazi ite'a.",central
prem350,"Antolamendu juridiko erabat berriya martxan jartzeko desiatzen zeon, 1860ko hamarkadako nahasmenetikan ertentzeko.",central
prem351,"Gainontzeko dimentsiyuak Planck-en luzera-eskalan kixkurtuta imajinatze'txeu, Calabi-Yau espaziyuak o, orokorrian, modulu trinkotu izenekuetan.",central
prem352,"Eozein goi-pentsakera hasieran gizarte-komunikaziyuan agertze'a, umian ta haren kulturako ordezkariyen artian, jarduera bateratu batian parte hartze'uenian.",central
prem353,4 utilitaristak esate'ue berdiñak geala plazerra ta miña sentitze'txeulako. ,central
prem354,"Auzo batzuek otoitz-buruak zezkaen, apaizak ezin tzunian komunitatia errezatzen gidatze'zuen buruzagi espiritualak, hileta-elizkizunetako, santuen jaietako o beste eozertako.",central
prem355,"Azterketa bakoitzak kalifikaziyo-eskala bat zekan, azterketa in tzuenek Chicano-kulturan ezagutza-mailla zehaztu ahal izateko. ",central
prem356,"Horrek esan nahi du sisteman osagai molekular guztiyak matematikoki tratatze'yala ondo astindutako ontzi erreal batian baleude bezela, ta ontzi horrei trimeruak ta fotoiak gehituko balitzaixkiyo bezela abiadura konstantian. ",central
prem357,"Jolas soziodramatikuan'e, hainbat rol hartzeko ta koordinatzeko aukerek, seguruna, lagundu ingo'ye umiei pertsonen desio, sinixmen ta sentimenduetan antzekotasunak ta desberdintasunak ulertzen.",central
prem358,"Quinceañera festei buruzko ikerketan parte haundi batek erakuste'u familiyek kultura-tradiziyo historikuai eutsi nahi diyoela, ta alaba baten hamabosgarren urtebetetzia ospatzia bitarteko bat dala ondare latinuarekiko lotura kulturalei eusteko.",central
prem359,"Unibertsuan gaur eguneko bizitza holako hainbat hartuko zun, gitxiyenez, proteina luze posible guztiyak gutxiyenez behin itiak.",central
prem360,"Alemaniako gerraosteko ordena konstituzionalan bertute gorena izan tzan, hain zuzen'e, errejimen naziyan biktima haundiyena.",central
prem361,Sonja umia alaban kasketak imitatzen hasi zan. ,central
prem362,XVIII. mendeko eraikiñetako girlandak gizonek ta emakumiek erabilitako banden ta lore apaingarriyen bertsiyo zizelkatu o margotuak dia.,central
prem363,"Gerra Zibilan aurreko berrogeita hamabost urtietan, Gortiak gitxitan erabili zun botere hori.",central
prem364,"Jakiña, nahiko radikala da pentsatzia legian ziurgabetasun kuantikua daola, baña eztu ematen ezinezkua danikan, ez hoixe.",central
prem365,"Berrinbertsiyua dakan ekonomia batian, ze gertatze'a gure merkataritza-abantaillak hartzia badazkau ta sobrako guztiyak berriz inbertitzia badakau hasi giñanian baño sagar ta ulare gehiyo sortu ahal izateko?",central
prem366,"Aurreko kapituluan esan dan bezela, alboko posibleako sarreran elkarrekintzan batek eon bihar du, galtzailliak baztertzeko hautespen naturalan gaitasunan bitartez esploratzeko aukera emate'una.",central
prem367,"Pachuga 1940ko hamarkadako pachucoan kidia izan tzan, baña baita're hiri-ingurune ghettifikatu batian hazte'an chicana gaztiak gorpuzte'un auzoko neskan arketipua.",central
prem368,"Bestalde, partikulak ta hiru indar ez-grabitazionalak uaindikan eztia txertatu spin sarian irudi batian.",central
prem369,"Bakero-kulturan ta Mejikoko sonorarren eragiñan arrastua dala-ta, normalian ezautze'eztan chicano-kulturan parte bat erakuste'ue. ",central
prem370,"Dennettek izaki darwindar, pavlovtar, poppertar ta gregoriarrak bereizte'txu. ",central
prem371,"Orekatik desbideratze sinple bat da, gaillu sinple bat, mika maluta, astindu ingo da, lan mekanikua erauzteko.",central
prem372,"Ikertzaillien galderei erantzunez, askotan esate'ue lenengo hilabetietatikan beaien buruaz nahikuak izateko trebatu bihar diala umiak.",central
prem373,Nun dao baliyua egitatien mundu batian?,central
prem374,"1868rako eta Hamalaugarren Zuzenketa indarrian jartzeako, iraultza konstituzional baten atariyan geuden.",central
prem375,Interesgarriya da ezaugarri beak agertzia dakala ekonomia osuan.,central
prem376,Teotihuacanen piramidietatikan hurre daon San Agustin Acolman herri txikiyan sortu zian.,central
prem377,"Izan'e, egiya esan, eraikin batek, eztu inporta ze erabilgarriya, ondo eraikiya o earra dan, ez baldin badator bat jendian janzteko mouakin, arriskua daka ez bakarrikan itxura anakronikoa eukitzekoa, baizik ta ziharo inozua're bai. ",central
prem378,"Esan nahi det komunitate hori osatze'uen ajente autonomuek, bakarka o taldian, beaien mundua osatze'uen joko naturaletan bizimoua iteko jakintza zekatela.",central
prem379,"Askotan, fontanela hondoratzia sendatzia dakan pertsona bakarra petrikillua da.",central
prem380,"Mexikoko folk musikan, rantxera maitasun kanta bat da, ta jende arruntak kantatze'u, baserri-bueltako nekazariyek eta.",central
prem381,"Bigarren puntu harrigarriya Omnesen baieztapena da, gauza behagarri batzuk ezin diala behatu.",central
prem382,"Konstituziyo Sekretua Estatu Batuetako politikan indarra hartzen ai zanez, seriyo hartu zan Hamabosgarren Zuzenketan promesa're.",central
prem383,"Aritmetika in arte, etzaitez konturau Lincolnen buruan 1776 izan tzala fundaziyuan momentu kritikua, Independentziyan Deklaraziyua sinatzia. ",central
prem384,"Hala're, Hooden RCA eraikiña Gropiusen Pan Am eraikiñakin (uain MetLife) konparatze baet, eztao zalantzaikan diseiñatzaille sortzailliena nor izan tzan. ",central
prem385,"Hego-mendebaldian uaindikan kantatze'yan bi erromantze oso zahar dia La delgadina, intzestuai buruzkua, ta La aparicien, Espaiñiyan XV. mendian agertu zana.",central
prem386,"Arrazoi beagatik, kontsumitzaille aldaberak, salmenta-denboraldi ugariyak ta merkatu segmentatuekin lotutako arrisku globalak diala-ta, alde batetikan, ta atzerriko lehiya gorra dala-ta, beste aldetikan, AEBko txikizkariyek ta fabrikatzailliek borroka zailla dakae. ",central
prem387,Sonja umia aieneka ai zan Meredithen ohiko mouan lurrian ostikoka in bitartian.,central
prem388,"The Quad esate'yoen ikasle-egoitzan onduan dao; estilo jakobinoko egoitza bitxiya da, patiyo batzun inguruan planifikatua.",central
prem389,Bestiek eztue kontsumitzaillia bihar dan bezain zoriontsu iten.,central
prem390,"Gure simulaziyotik atea biharreko ondoriyo nausiya da ziklo autokatalitiko ta lan-ziklo bat o gehiyo bateratze'txuen ajente autonomuak diala orekaikan gabeko errakziyo kimiko irikiko sariyen oso mou arrazoizkua diala, berritzaillia izan arren.",central
prem391,"Ondoriyoz, elur-jausiyen tamaiña-banaketa bereizgarriya daola errejimen antolatuan, ta banaketa oso desberdiña errejimen kaotikuan.",central
prem392,"Adobezko adreilluak buztiñez ta hondarrez indako nahasketa batekin inda dabe; batzutan, lokatz-lastua deitze'zaio, ta pixkanaka lehortze'ya eguzkiyan berotan.",central
prem393,"Herritarren pribilejiyuak ta immunitatiak ordena berriyan baliyo nausitzat hartziak, Blackek ite'un bezela, legian araberako berdintasun-arazuak sortze'txu.",central
prem394,"Askotan, lehenbiziko horma-irudi hoiek arte herrikoitzat jotze'zian.",central
prem395,"Aldaera batzuetan, neska gazte batek erlijiyo-sinismenak hauste'txu Ostiral Santuan, egun erlijioso santuan, dantza itea juteko esanez, chicano katolikuentzat errezatzeko egun bereziya da-ta.",central
prem396,"Plana sorgaillua da, Le Corbusierrek esate'zunez, baña Gehryntzat, berriz, plana emaitza da.",central
prem397,Suzko armak ta bestelako armak kategoria honetan sartze'ya. ,central
prem398,"Jaialdiya hiru-lau egunez ite'a, ta hainbat batailla ite'ya Gurutze Santua irabazteko.",central
prem399,"Pentsazagun, beraz, legien ta kontratuen rolian, haien mugek ahalbidetu ite'ue jarduera ekonomikuen flujo lotua jarduera korridore jakiñetatik.",central
prem400,"Berdintasunak eztu esan nahi berberak, berdin-berdiñak o antzekuak izatia.",central
prem401,"Esplikau zunez, idealizaziyo boolearrak bazitun arazuak, baña aitzea eman'tzun kasu askotan jene baten erantzuna ez-lineala zala bere sarrerekiko.",central
prem402,"Baña ordenagaillua –batez'e Internet– gehiyegi erabiltze'uen etxietan, familiako kidiek denbora gitxiyo hartze'ue elkarrekin komunikatzeko ta aisialdiko jarduerekin gozatzeko.",central
prem403,"Azkenian, emakumia ta Juan Osito, semia, gai dia hartzetikan ihes in ta jauregiyan aittakin bizitzea juteko.",central
prem404,"Baña, uain, Maxwellek izaki ñimiño bat sortu ta asmatu du, geroa «Maxwellen deabrua» izenez ezautuko dana.",central
prem405,Etsiyak hartuta ikuspegi frogatuo ta egitazkuo baten billa gurasuen o aiton-amonen apaleta jotze'uen gurasuek zalantza bera izango'ue.,central
prem406,"Hala, usten det P reakziyuan areagotzaille alosteriko bat dala.",central
prem407,Rabinuak etzian hunkitu seiñale haiekin.,central
prem408,"XVIII. mendian amaiera, hain zuzen, garai ziharo sinplista izan tzan.",central
prem409,Gerra amaitzia ta naziyua berriz batzia da lenbaillen in biharrekua.,central
prem410,Bizkarbustiyen esperientziyan deskribapenak korriduetan (baladak) ta nobeletan registrau ta kontau dia.,central
prem411,"Pentsatzen badeu 1787ko, 1791ko o 1868ko mundu-ikuskerak baldintzatzen gaitula, erabaki bihar genuke ze sentimenduk inporta'uen.",central
prem412,"Zirkuituko epailliei dagokiyen mouan exerita, Taney Auzitegi Goreneko presidentiak interpretau zun konstituziyo-xedapenak Kongresuan baimena bihar tzula epaillian agindua bertan behera lagatzeko.",central
prem413,"Ikustezuenez, jene mendebaldar dominantia errez hautatzen da behin ingurumen-baldintza egokiyak sortu ta geo.",central
prem414,"Txinako sukaldaritza Kuba ailleatu da, ta sukaldaritza kubatar-txinatarra asmau due.",central
prem415,"Ta, jakiña, XVIII. mendian askatasuna ulertzeko giltzarri nausiyak Konstituziyua ta Eskubidien Gutuna dia. ",central
prem416,Pertsonek ordenagailluek baño lan hobia ite'ue josteko makiñekin oihalan lerrokadura doitziai ta aldez aurretikan indako josketa- ta ebaketa-akatsak konpontziai dagokiyonez.,central
prem417,Umiek bizilagunen atiak joko zituen.,central
prem418,"Konfederaziyuan filosofia juridikuak arrakasta izan tzun, bai mamiyan, bai forman.",central
prem419,"Etzan posiziyo bikultural o binazional bat, baizik ta kulturen arteko posiziyo bat, espaziyuan kokatze bat. ",central
prem420,"Gaztiak konturatze'ya esfortzuak gaitasun bajua konpentsatzia dakala, baña baleike neskek ondorioztatzia eztula mezi holako ahalegin haundiya itia matematika konplexua menderatzeko.",central
prem421,"C.P. Snowk bi kulturei buruz idatzi zun, zientziyaz ta humanitatiez, iñoiz alkarrekin nahastu gabe.",central
prem422,Hori nabarmenaua da kolomadiyetan; Vincent Scullyk falange batian bildutako hoplitiyekin konparau'txu hoiek. ,central
prem423,Kontuan izan oso deskribapen sinple ta trinko batek jaso'txula orekaik gabeko sisteman ezaugarri hoiek ta lana atea leikela gas-sistema orekara lerratu ahala.,central
prem424,"Izan'e, aurreo ikusiko deunez, biosferek beaien dimentsiyuen batez besteko hazkunde jarraitua makzimizatzia dakae. ",central
prem425,Patu komunan zentzua ezta iñun adierazten «Kol Jehudim eruvim ze bze» [Judu guztiyek alkar zaitze'ue] lanian baño hobeto.,central
prem426,"Legian araberako bizi-konpromiso ta -betebiharrek zentzu gitxi dakae bakarrikan daben gizabanakuentzat, beaien baliyuez ta beaien biharrez arduratze'yan heiñian.",central
prem427,"Izenak, hala nola Neska Goibela.",central
prem428,"Intuiziyoz, eztu ematen Big Bangazkeoztikan entitate bizigabe konplexuen planetaik sortu zanikan espontaneoki.",central
prem429,"Beraz, eremu guztiz berri batian sartzen ai gea.",central
prem430,"Tratu-berdintasunan printzipiyo orokorrak, landu deun mouan, adierazpen-askatasuna mugatzian inguruko eztabaida dakar berekin.",central
prem431,"Hego-mendebaldea ta Mejikoa jundako lenengo bidaiari estatubatuarren argitalpenek espaiñiar-mejikarren berri emate'ue, ez bakarrikan izugarrikeyaz, baizik ta pasiyo haundiz. ",central
prem432,"Azkenian, klaustro bat, galeria bat ta torre bat gehitu zitun.",central
prem433,"Holaxe bizi gea uain –dio Gehryk, itxuraz–, zeatikan ez disfrutau?",central
prem434,Nere adibide gustokuena igelana ta euliyana da. ,central
prem435,Sistema osuan enerjia gitxitu ingo zan dipoloek beaien orientaziyua aldatu ta lurreko enerji-egoera batea o bestea hurreauko balia.,central
prem436,Horreatikan da harrigarriya janzkera ta dekoraziyua harmonian ez eotia.,central
prem437,"Godzilla lenengo espezieetako ekobizilagunekin alkartzian hobeto egokitzen bada espezie hoiek baño, espezie hoiek haren nitxuan desagertu ta Godzillak hartuko'u haien tokiya.",central
prem438,"Adobezko etxe ta eraikiñek, bi ta lau oin bitarteko lorierako paetei esker, kanpoko zaratan kontrako segurtasun- ta babes-sentsaziyua emate'ue.",central
prem439,"Pachucak pachucoen neska-lagunak zian, ta janzkera propiyua're bazekaen.",central
prem440,"Lego Word-ek beste objetu batzuk eraikitzeko makiña-erramintak eraikitzia daka, baita beste erraminta batzuk'e.",central
prem441,"Beraz, proteina-mota asko daben arren, benetan desberdiñak dian proteina-moten kopurua ehun milloi ingurukua besteikan ezta.",central
prem442,Errejimen kaotikua ziharo desberdiña da errejimen antolatuan aldian.,central
prem443,"Tetraedruan azalerak ta bolumenak aldatze'txuen ertzetako biraketen baliyuen aldaketak jeometrian deformatzailletzat hartu leizke, ta hainbat moutan deformatzia dakae.",central
prem444,"1865eko apirillian ideia-ordena bat aldarrikatu zun gizona hil ondoren, Estatu Batuak boteriakin obsesionau zian.",central
prem445,"«Mexican Village» idazten jarraitu zun; nobela hartan, mejikarren herri-ohitura ta -tradiziyo asko bildu zitun.",central
prem446,"Hala, sareko objetuen aniztasuna haunditu ahala, produktu ta zerbitzu berriyetarako etorkizuneko nitxuen aniztasuna uaindikan bizkorro haunditzen da!",central
prem447,"Estatubatuarrek berdintasunaz dakaen ikuspegiyan paradoja zea da: berdintasun ekonomikuan ta aberastasunan diskriminaziyuan inguruan dakaun kezkai dagokiyonez Europako gizartien atzetikan guazen arren, munduan lehenak geala berdintasunezko pentsamenduai dagozkiyon beste arlo batzutan.",central
prem448,"Ta adoretu biharrian kritika ite'uen guraso ta entrenatzailliek, ta jokalariyei porrota ahaztutzen lagatzen eztiyenek, antsietate haundiya eragite'ye gazte batzuei.",central
prem449,"Belar lehor, zuhaitz, zikinkei, hauts, belatz, xagu ta abarren kolore-tonu desberdin xamarrak ikusi genitun.",central
prem450,Emakumien soinekuetako zinta parpailladunek ta gizonen alkandoretako parpaillek areto frantses bateko molduren ta apaindura arkitektonikuen arabesko ta edergarriyak gogorarazte'zituen.,central
prem451,"Gaitasun bajuko beste talde batzukin gertatzen dan bezela, irakasliek, askotan, aurreikuspen apalauak eukitze'txue trantsiziyoko ikasliekin, ta beste ume batzukin baño ahalegin txikiyo ite'ue haiei erakusteko.",central
prem452,Gobernuan ikuskera diadiko bat imajinatze'ue: gizabanakua Estatuan aurrez aurre.,central
prem453,Umiek fantasia sortzeko ite'txuen lehenbiziko ahalegiñek baita're erakuste'ue ze zailla dan pentsamendua ta realidadia bereiztia.,central
prem454,"Bere gaillueta eramanezkeo, reakziyo hori exergonikua da, ta, trimero gehiyegi eonezkeo hexamero ta trimeruen arteko oreka-erlaziyuakin konparauta, hexamerua sintetizatuz ekzergonikoki lerratuko'a orekarantz.",central
prem455,"Jainkua naturan jainko bezela baño ezta aitatzen, ta, hori dala-ta, herri bakoitzak eskubidia daka naziyuen komunitatian toki bereizi ta ekitatibua eukitzeko.",central
prem456,"Uaindikan da gehiyo, gaur egunian, gai gea haien tamaiñan araberako banaketa iragartzeko.",central
prem457,"H. H. Richardsonen eragiña askoz txikiyo izan tzan, baña 20 urtez gitxiyenez Richardsonen erromanikua Juggernaut estetiko baten moura gaillendu zan Estatu Batuetan, Cramen esaldi biziyan.",central
prem458,"Garai hartako etxe-barrunbe haundiyenetako bat Tugendhat etxeko gela nausiya da, Mies Van der Rohek 1928yan diseiñatua.",central
prem459,"Beraz, ordenagailluako programa-sorta amaieziña da, baina zenbakarriya, mugatua.",central
prem460,"Gai izan bihar luke zeregiña iteko, beste guztiyek bezela!",central
prem461,"Etxe gehiyenetan eongo'a jaiotza bat, otoizlari ta kantariyentzat jarriya.",central
prem462,Biderkatu makroegoera bakoitzeko mikroegoera-kopuruan logaritmua sistemak makroegoera hortan eoteko dakan probabilidadiaz.,central
prem463,"Hain zuzen, galaksietako laiño molekular hotz erraldoiyak, tenperatura-gradu absolututan, espezie molekularren nahasketa oso konplejuak dia, haietako asko karbonosuak, baita izarren sorlekua're.",central
prem464,"New Orleanseko harakiñen eskubidiez Gorte Gorenian izandako eztabaidetan, herritartasunan noziyua ta haren pribilejiyuak izan tzian interesgune nausiyak naziyuan eskubidiak adierazteko ahalegin hutsal guztiyetako.",central
prem465,Beaien seme-alabak benetako lorpenetan oiñarritu gabe zoriontze'txuen gurasuek haien garapena ahultze'ue.,central
prem466,Horrek eztu esan nahi administraziyua eraginkorra izateko etzula zentzuikan eukiko gobernu federalan ta estatu-gobernuan artian funtziyuak banatziak.,central
prem467,"Izan'e, Bios Group ai da haiek asmatzen ta iten.",central
prem468,"Begi txarran sintomak gorakua, beherakua, pisua galtzia ta batzutan heriotza're izate'ya.",central
prem469,"José Guadalupe Posada Mejikoko artista ta grabatzaillia XIX. mendian amaieran hasi zan buruezurrak marrazten, oporretan zala.",central
prem470,"Sinismen faltsuen nagusitasunak erakuste'u umiek realidadian interpretaziyo bezela hartze'txuela sinixmenak, ez gogoeta mouan.",central
prem471,"Deklaraziyuan esate'anez, zorionan billaketa naturalistak jabetzan legezko definiziyuan funtsai bide emate'yo.",central
prem472,Elfuak o ingumak txantxa bihurriyak ite'txuen iratxuak dia; Anthony John Camposek pertsona txiki o pichilingui deitze'ye.,central
prem473,"Ta, 2. kapituluan adierazi deten bezela, portaera heldu bateako amultsutasunan ta itxaropenen nahasketa bat da guraso autoritariyuen bereizgarriya, ta hori lotuta dao baita're kidien arteko interakziyo egokiyakin.",central
prem474,"H. H. Richardson ta haren ikasle Charles Follen McKim ikasle ohiak zian, baita McKim-en laguntzailliak'e, John M. Carrare ta Thomas Hastings.",central
prem475,"Izan'e, teknoloji-grafikuen ezaugarri interesgarriyetako bat da prozesua ta produktuan diseiñua aldi berian kontuan hartzeko esparru kontzeptual egokiya osatze'uela.",central
prem476,Hori zan garai hartako aldartia.,central
prem477,"Pachucoa mespretxatua zan AEBn, bai Mejikoko estatubatuarren aldetik, bai anglo-amerikarren komunitatian aldetik, ta baita Mejikon'e, komunikabidien ta intelektualen aldetik.",central
prem478,"Ordun, «abuelo»-k esate'zun: «Pues que recen y se acuesten» («Errezatzia ta jutia ohira»).",central
prem479,"Mandala-mota ugariyetako kidien arteko desberdintasun bakarra oinarrizko anplitudiak dia, ta hortik datoz mandala bakoitzai aplikatze'zaixkiyon legiak.",central
prem480,Biyak aldatu leizke antikodoi-kodoi parekatze-mekanismua aldatu gabe.,central
prem481,"Hori hala bada, aukera bakarra da hautespen naturalak aldatu izana.",central
prem482,"Ume eoskorrei gurasuen arauak barneratzen laguntzeko, funtsezkua da gurasuen ta seme-alaben artian lotura xamurra izatia, alkarrei laguntzian oinarritua.",central
prem483,"Nola lortuko du bere seme o alaban errespetua guraso batek, ume horrek ikusten badu guraso horrek eztiyola iñungo errespetuikan bere bikotekidiai?",central
prem484,"Hain zuzen, hedapen hori da kaltien elur-jausi more bat hedatzeko lenengo pausua.",central
prem485,"Gozo-eltzia zuhaitz batetikan txintxilika dao, soka luze batekin. Heldu batek gora ta behera moitze'u soka; beraz, ezta belaxe puskauko.",central
prem486,"Adibidez, «erale» mouko hitzak (gertatzen ai dana, o ondo daona).",central
prem487,"Gerraosteko konstituziyo-zuzenketen aurretik, bazeon klausula-multzo bat estatuak herritarren aurka indako akatsen erantzule ite'zituna.",central
prem488,"Hodei jakin bat, esateako gure biosfera, itxura batian zinetikoki harrapauta geatze'a hodeia garatu ahala sortutako molekula-espezie konplexuen multzo oso berezi batian.",central
prem489,"1863an, naziyuak batasun perfektuaua sortu nahi zun uaindikan'e, baña, horretaz aparte, bazekan iragan bat indijenen psike berriya inspiratzen ta aldi berian nahastutze'zuna.",central
prem490,Eskubidiak delituen susmagarriyei dagozkiye.,central
prem491,"Inplizituki ta, lan pixkat iñez, esplizituki, gertau leike pistoia motor-blokeko zilindro-zuluan sartzia ta zilindro batian pistoi oso bat sortzia.",central
prem492,"Demagun hamiltondar bat, hala nola spin-beira hamiltondar bat, kontuan izanda spin-beira bat material magnetiko desordenatu bat dala.",central
prem493,"Pachucoen hixkera, inglesan ta gaztelanian nahasketa, «cale»'re deitze'zaio, hainbat hizkuntza-iturritan oiñarritutako bat-ite lilluragarriya izan tzan.",central
prem494,Biologia orokorra oso hurre dao.,central
prem495,"Une hortan, apaiza, eskua meza-liburuan gañian jarri, ta desagertu ite'a.",central
prem496,"Multzo hortan dao, baita're, 23. zuzenketa; horrek presidentia ta presidenteordia botatzeko eskubidia emate'ye desgaitasunen bat dakaen Columbiako herritarrei.",central
prem497,Zuzenketak uaindikan'e errespetatze'u hauteskunde-prozesuak estatuen ta baita're bulego nazionalen kontrolpian eotia.,central
prem498,"Autoestimuan ta motibaziyuan beherakada bat'e somatze'zaie; izan'e, zalantzak agertze'txue beaien trebetasunei buruz, ta eztiye arazuai aurre iten.",central
prem499,Ta gaur egunian'e euki bihar'txeu giza berdintasuna justizia sozial ta politikuan oiñarrizko idealtzat hartzeko arrazoiak.,central
prem500,"Ta, era berian, dudikan gabe, ekonosfera konplexuaua bihurtu da hominiduan eboluziyuan azken milloi urtietan.",central
prem501,Nola jakitia dakae gurasuek zein dan hizkuntza-nahasmendua izatian ta hizkuntzan garapen normalan arteko aldia?,central
prem502,"Ziurtatze'izut, jauna, banekala guztiyan berri.",central
prem503,Soiñuek bere pentsamendu desatsegiñetatikan atearazi zuen Blood kapitaiña.,central
prem504,"Baña ezin det ahaztu zea, Barbadosen zure osaban etxian esklabu bat baño hobia ez nitzanian, nolabaiteko adeitasunez tratau ziazula.",central
prem505,Poz-pozikan ailleatuko naiz Port Royalea. Blood kapitaiñak pergamino bat ipiñi zun Calverleyn begi ertenen azpiyan.,central
prem506,"Han, hiru milla baño lenuo, lehorra zeon, mendebaldeko horizontia betetze zun paeta berde bizi irregular bat.",central
prem507,"Beorren maiestatian mandatariya naiz herri barbaro hauetan, ta nere jaun Sunderlanden hurreko senidia.",central
prem508,"Zor nizun, o zor nizula pentsau nun, esan'tzun.",central
prem509,Aurretikan jakin bihar nun etzala komeni gabez Jamaikatikan hain hurre eotia.,central
prem510,"Blooden pentsamenduak, sofa-ohian atseden hartze'zun bitartian, horren ta beste gauza batzuen gañetikan zaben.",central
prem511,"Baña hau ezta Inglaterra, arraiyua.   Bigarren arma baten orrua aitu zan, ta tiro batek txipriztin in tzun ur gañian, popatikan aingura-kate baten luzeran erdiya baño gitxiyoa.",central
prem512,"Noski, ordun, kontauko'izut.",central
prem513,Royal Mary-n etorri nitzan...,central
prem514,"Haren kulpatikan gabe tranpa hontan, lehertu zan Ogle.",central
prem515,"Hura laga ta geo, Wolverstonekin, barandan bermauta, ontzi hura hurreatzen ikusi zun, dozena bat mariñelek tripulauta ta popako bela-lokarriyan zurrun exeritako figura eskarlata batek gidauta.",central
prem516,"Zure arrazoiak, dudaikan gabe, duiñak zian... Esker ona adierazi zeniyon espaiñiarrengandikan askau zintulako.",central
prem517,"Zeatikan laga zeniyen Wolverstonei ta bestiei juten?, esan'tzun marruka, pixkat saminduta.",central
prem518,Emakume madarikatu horrek koldartu ite'zaitu.,central
prem519,A! Ta ze bide izan leike?,central
prem520,"Oglek indarrez atea zun, birau bat botata.",central
prem521,Erregian mandatua eztet hain errez onartzen.,central
prem522,Abixau ziyon belaxe erretirau bihar'tzula.,central
prem523,"Uain'e, Bloodek etziyon kasuikan iten.",central
prem524,"Ta, hala're, hoixe izan da ta hoixe in du azken hiru urtietan, esan'tzun, baña uainguan goibel esan'tzun, lenuoko mespretxuikan gabe.",central
prem525,Pentsatze'et hori ohikua dala zure kidekuen artian.,central
prem526,Kopeta ximurtu zun.,central
prem527,"Beira eon zitzaion begi distiratsuekin, baña, haren arpei abaildua ta kopeta illuna ikusita, begitartia aldau zitzaion beai're.",central
prem528,"Lasai zijuala, harresi setiatua ingurau, ta ate haundiyetatikan sartu zan patiyua.",central
prem529,Esan dezadan espero detela han ikustia. XXII. KAPITULUA.,central
prem530,"Zalantzikan gabe, urkamendira eramango'zu esan'tzun, mespretxuz.",central
prem531,"Nere ustez, Blood kapitaiña harrapau ta urkatzeko esperantzak bultzau zun nere osaba Barbadoseko lursailak laga ta Jamaikako ordezko gobernua onartzea.",central
prem532,"Zintzuak izanda, nola atxilouko nitun? Tratua hori zan.",central
prem533,Bishop koronelai nere etorreran berri eman diyoe. Lord Julianek haren izena aitatzian Calverleyk indako bapateko aldaketak ageriyan laga zun jakinarazpena jasota zekala ta bazekila haren berri.,central
prem534,"Kidian aurrian, Oglek aurrea itia eragotzi zun Bloodek. Aurre in tziyon, ta bapateko gogortasun bat hedau zitzaiyon arpeian ta gorputzeko lerro bakoitzian.",central
prem535,Jun dan urte guztiyan ibili naiz hura harrapau nahian.,central
prem536,"Une hartan, tarte bat zabaldu zan gizonen illaretan, ta tarte hortan zihar etorri zan Bishop andereñua, haren emakume afrikar-zortzirena atzetikan zula.",central
prem537,"Jamaikako flotako ontziyak dia, erantzun ziyon jaunak.",central
prem538,Ta zeatikan jarri zan toki hortan? Etengabe ta nahita ixkin ite'ziyon neska bateatikan. Onartu biharko zun uaindikan'e nazkaz beitze'ziyola.,central
prem539,"Baleike zuek arrazoia eukitzia, ta baleike oker eotia.",central
prem540,"Esan diatenez, gizon honei eman'yozu Erregian mandatua. Haren tonuak traiziyo in tziyon bere gorrotuan samintasunai.",central
prem541,"Oso txuriya zan, ta bere esku tolestuen gañian jarri zitun begiyak.",central
prem542,"Beraz, hitzein dizue hortaz!",central
prem543,Konturau zan biharbada beak erain tzula haren haserria.,central
prem544,Beti eongo naiz eskertuta.,central
prem545,"Etziyon ezerregatikan uko ingo beria zala uste'zun odolai, ez ilobagatikan, ez alabagatikan, ezta amagatikan'e.",central
prem546,"Arabellan onduan, portuan, hiri ikusgarri hartan bazian aurrealde lauko eraikin txuri batzuk urertzea jeixte'zianak.",central
prem547,"Nei dagokitenez, eztet in lotsatzeko ezerre, kontuan hartuta nolako probokaziyua jaso nun. Haren beiratua gizonan beiratuan aurrian eroi zan, hain zan-da sakona.",central
prem548,"Ta igual ez. Wolverstonen bozak motel ta baldar erantzun tziyon bestian asaldurai, ta, hitzein ahala, Blooden onduan jarri zan, uain ustekabeko aliatua zan-da.",central
prem549,Jaun dohakabe bat ziñan orduan'e.,central
prem550,"Blood kapitaiña, txapela kendu, ta ixil-ixilikan makurtu zan agurra itea; ta emakumiak'e lasai ta begirunez erantzun ziyon.",central
prem551,Bishopekin arazuak izan dia lehorrerau zanetik.,central
prem552,"Bitartian, Ogle pazientziya galtzen ai zan, geo ta gehiyo.",central
prem553,"Lord Julian harrua zan, askotan ikusi izan detenez.",central
prem554,"Bai, gezur pilla bat demostratzia eukiko nun zuen aurrian, duda madarikatu bate-bate gabe.",central
prem555,Baña lenbaillen harrapau nahi nizun.,central
prem556,Arrixkua ikusi bihar tzenun.,central
prem557,"Kontuatzen naiz ze in tzenuen, ta kontuatzen naiz, neurri batian behintzat, ni kontuan hartu bihar zenuela.",central
prem558,"Etzaitut gehiyo entreteniuko, andria.",central
prem559,"Gure aukera bakarra da... Haren gainontzeko hitzak garraxitan ito zian, ta behin da berriz eskau zun neskatxa bahitu bezela entregatzeko.",central
prem560,Hori eztao tratuan.,central
prem561,"Zurbil ta zurrun ikusi zun, ezpaiñak irikita ta begiyak atea biharrian beai beira-beira, haren patuan erabakiyan lekukotza urduri bat.",central
prem562,"Ta, harekin akordatzian, dardarka hasi zan.",central
prem563,"Bai!, esan tzuen orruka beheko bukanero guztiyek batea, ta haietako batek o bik esplikau zuen baieztapena.",central
prem564,"Kamarotian, aulki batea bota zun bere burua, ta lehertu in tzan, bea halakua ez bazan'e indarkei haundiz.",central
prem565,Hil in nun; egiya da.,central
prem566,"Kapitaiña, esan tzun, ta, hitzeiten ai zala, atzetikan segika zezkaen ontziyak seiñalau zitun, Bishop koronela alde dakau.",central
prem567,"Horrek, igual, Bishop koronelan berotasuna hoztuko'u.",central
prem568,Zure postua arma-biltegiyan dao.,central
prem569,"Beraz, aitu nun, onartu zun neskak, boza baju-baju.",central
prem570,"Baña, parre itia bazekan'e, Pittek bezain ondo zekin goiz hartan kostalderantz junda haren eskutan lagako zula bere bizitza.",central
prem571,Nik... Nik enun amestu...,central
prem572,"Baña hortan eztao esperaintzaikan beretzat, oihukau zun.",central
prem573,Lizentziya hartuko'et hori dudan jartzeko. Jaunan tonua garratza zan uaindikan.,central
prem574,"Hamen bazeon, argi ta garbi, amenazu lauso bat, ulertu ezin tzun espiritu matxino bat.",central
prem575,Ez ahaztu hori. Jeremyk eskuak tenkau zitun.,central
prem576,Baña etzun pistolariyan asmua geldituarazi.,central
prem577,Baña Bloodek garbi zekan.,central
prem578,"Izan'e, jaunai esan niyon bezela, harek'e zuk bezela uste'zun-da Bishop andereñua ontziyan eonda seguru eongo ginala, amagatik'e etziyon uko ingo zor diyotenai.",central
prem579,"Bere kamarotian, istriborrian, Lord Julian, soiñu berberek asaldauta, esna zeon, ta presaka jantzitzen ai zan.",central
prem580,Blood kapitaiña aurkeztuko'izuet. Bishopek ahal izan tzun arpei onena ipini zun.,central
prem581,"Pitt, lemazaiñan ondoko postuan, bapatian jirau zan, pistolai asaldatuai aurre iteko.",central
prem582,"Blood barandan gañian makurtu zan, azpiyan zekan mutil gazte illehoriyakin –lemazaiñakin– hitzeiteko.",central
prem583,"Herrialdia dana da, jauna; sekulako porrota.",central
prem584,Aurrian zekan pistoletako baten kulatan gañian itxi zan haren eskua.,central
prem585,"Azkenian, nahigabia da beretzat.",central
prem586,"Itxoin! Bloodek eten da aurre in tziyon, ta esku bat jarri zun pistolariyan arman gañian, indarka.",central
prem587,"Ta, nahiz ta etzun galdu bere aldarte gorran aztarrenikan'e, bildurrak bihotza hartu ziyon.",central
prem588,Bea ta zu ziharkauta.,central
prem589,"Bishopen illoben kargamentu bat genekan, baña harek etziyon eskua eman.",central
prem590,Uain hori erakustia badaka...,central
prem591,Hoixe aholkau ziguen.,central
prem592,"Nola?, galdeu ziyon bapatian interes haundiyakin.",central
prem593,"Plazerra izango da, bai. Momentu batez, haren aurrian geldiu zan, arnasa azkar-azkar ta masaillan koloria galduta.",central
prem594,Boza normala baño fuertio altxau zun.,central
prem595,"Wade izena det, Lord Julian Wade.",central
prem596,"Ikuste'et, jauna, uaindikan eztezula egoera ulertzen.",central
prem597,"Ixtutu in naute, esan tziyon.",central
prem598,"Nei dagokitenez, esan tzun Lord Julianek, bukaneruek Bishop andereñua ertentzia ez eragozteko, Arabella ontziyan geauko naiz Port Royalea ailleau arte.",central
prem599,"Beraz, zeuk agindu zenun?, esan tzun, sinixtuko ez balu bezela, ta Lord Julianek bekaiñak altxau zitun.",central
prem600,Hoixe bea. Jaunak tarte bat hartu zun erantzun aurretik.,central
prem601,"Badakizu, Peter, Lord Julian bakarrikan eon da …",central
prem602,"Baña askok ezin izan tzuen bata o bestia erabaki, gustoa geau zian arte galdera batzukin, ta batez'e Oglek indako batekin.",central
prem603,"Bishopen eskutan lagako'zu zeure burua, abixau ziyon Pittek.",central
prem604,"Zutik, Blood kapitaiñan onduan, txopaldea beitu zun, kapitaiñan eskuai segika, ta harriduran harriduraz garraxi in tzun.",central
prem605,"Baleike zuzen ibiltzia, ta baleike oker ibiltzia.",central
prem606,"Baña bere tonuak ta hitzek amorrua eman baziyoen, ixkutau in tzun.",central
prem607,Jakiñarazi die bart gabian fragata bat portutikan atea zala zure kide Wolverstonekin ta zure esaneta lanian ai zian ehun da berrogeita hamar gizonetatikan ehunekin.,central
prem608,"Ta belaxe gogorauko zitun hitzak, ahal izan bazun.",central
prem609,Baña haren amorruan ta pozoian maskara bat besteikan etzala bistakua zan danontzat.,central
prem610,Levasseur?  Irriparretxua in tzun.,central
prem611,"ETSAITASUNAK Port Royaleko portu haundiyan, munduko itxas armada guztiyetako ontziyei txikotak emateko bezain zabala, Arabella aingurauta zeon.",central
prem612,"Lord Julianena jun tzan, balantzaka.",central
prem613,"Egun on, esan tzun, ta geo gañerau: oso gaizki in det, bai.",central
prem614,"Atzea in tzun gizonak, harrituta ta indargabe.",central
prem615,"Baña batzuek eskarmentu haundiyo izan biharko bazuen'e, batzuk Barbadosen gurekin eon tzialako ta nik ta zuk bezelaxe ezautze'uelako Bishop koronela.",central
prem616,"Pitt, alkandora ta galtza lasaiak soiñian, barandan gañian makurtu zan, harei beira, ta nabarmena zun eziñeona arpei txuri ta zintzuan.",central
prem617,"Hori izango da gezurra esateko seiñalia, esan tzun Bloodek, boza len bezain gogogabe; ta hasperen in tzun.",central
prem618,"Ta hobiak al dia hauek? --Barbadosko landatzaille alper baten bildur zea? Zer dezu, Peter? Iñoiz etzaitut bildurtuta ikusi. Arma batek tiro in tzun haien atzian.",central
prem619,"Ta milla pare batea alde hortatik, haien atzetik, hiru ontzi txuri haundi zetozen ziztuan.",central
prem620,"Gure aukera bakarra da, esan det, ta aprobetxau in bihar deu. Wolverstonei len'e proposau ziyon mou huraxe zan onena Blooden iritziz.",central
prem621,Maixu gaztian begi grixak beira zezkan.,central
prem622,Etzekin Oglek bildurtutako gizon haiek Wolverstonen iritziyaz bestelakua ote zekaen.,central
prem623,"Aingurazazu, ta iyezu ontzi bat bialtzeko seiñalia. Harridurazko ixiltasuna in tzan ontziyan, harridurazkua ta errezelokua, bapateko errenditze hura zala-ta.",central
prem624,"Txikiziyua segurua da nik indakuen ondoriyoz, ta gu guztiyok hortatikan salbatzeko mou bakarra dala usten det.",central
prem625,"Eztakit zeatikan hitzein bihar diazun horrela, esan tzun, ez len bezain seguru.",central
prem626,"Ta hor dijua zoro kijoteskua arriskurantz, gure izenian.",central
prem627,Irriparre fin ta garratz bat agertu zitzaion ofizilai ezpain harruetan.,central
prem628,"Karitatibuak izateko o!  Parre in tzun, goxo.",central
prem629,"Aitu jaunai, esan tzun, burlaka bezela.",central
prem630,"Amenazuek eztue baliyoko, kapitaiña.",central
prem631,"Blood kapitaiñak begiyez arakau zitun begi gorreko burkide ausart haien illarak, ta geo berriz'e Oglen jarri zitun.",central
prem632,"Bishopi bihotza ikutzeko asmotan bazabiltza, beti uste izan detena baño tontuaua zea, Ogle, armak besteikan eztazkazu-ta.",central
prem633,"Mou bakarra topau zun, ta nazkagarriya iten bazitzaion'e, heldu in bihar.",central
prem634,Behin da berriz bota zizkian.,central
prem635,"Alegiya, Julian Wade jaunan etorreran berri eman tzaiola.",central
prem636,"O, mesedez. Benetako kezka zeon haren bozian.",central
prem637,"Azken horrei traiziyo iteko bildurrez, lehenenguan babestu zan.",central
prem638,"Tonu hori! Atrebiu zaitez tonu horrekin hitzeitea!, esan tzun neskak ozen-ozen, gogo bero harek ustekabian harrapau zun-da.'",central
prem639,Eman dizue igual nere berrri. Calverley kapitaiñak gogor beitu zun.,central
prem640,Ezta hori. Baña ezin tzuen alkar gaixki ulertzia eragotzi.,central
prem641,"Zoze gertatze bazaizu, Peter, esan tzun Blood beste aldetikan zetorrela, Bishop koronelak hobe du bere burua zaitu.",central
prem642,"Txapela, makilla ta ezpata hartuko'itut, ta batelian lehorrea jungo naiz.",central
prem643,Neretzako aginduan billa bueltau bihar det Bishop koronelana.,central
prem644,"Bapatian, Blood kapitaiñak buruan ze zebilkiten ikusi zun.",central
prem645,"Ahal deten onduena iten det, esan tzun.",central
prem646,"O, mesedez, zure baimenakin, baña seguru nao eztaola Bishop koronelangatik ikasteko ezerre.",central
prem647,"Neure buruari galdetze'yot, esan tzian, zeuk in ote dezun bihurrikeya.",central
prem648,"Zentzuzkua da babestia, onartu zun.",central
prem649,"Gauza bat erakutsi bihar dizut. Dudetan, baña Lord Julian lagunan gañea iyo zan, harek eskauta bezela.",central
prem650,"Beste milla erdi in baño len irismen barruan eongo gea. Wolverstonek biraoka in tzun, mou landuan, ta bapatian esandakua ikusi zun.",central
prem651,"Eskerronekua da, lerdua izateaiñokua.",central
prem652,Irudi hortan nibelau zun teleskopiyua.,central
prem653,"Bishop andereñua're Royal Mari ontziyan zeon, ta jaunakin batea erreskatau nun.",central
prem654,"Ta ahal badu? Moztu zun Bloodek, hotz.",central
prem655,"Errege zerbitzau baño nahiyo inpernuan erre, esan tzun amorruak jota.",central
prem656,"Kertena zer tzea ba, Peter, hori pentsatzia're!",central
prem657,"Baranda onduan zutik, Lord Julian albuan tzula, Blood kapitaiñak esan nahi zuna esplikau zun.",central
prem658,"Urertzetikan ustekabian ontzi bat hurreau ta Arabellan krosko gorri haundiya jo ta arrastaka ta kolpeka ingurau zun, ta boz zakar batek garraxi hunkigarriya bota zun.",central
prem659,"Zure gogortasunak eraman nindula gogorauko'ue geo. Moitu in tzan, handikan juteko bezela, baña geo geldiu ta berriz'e aurre in tziyon.",central
prem660,"Fedia, tarte bat ta geo ai zea azaltzen, esan tzun.",central
prem661,Odol-edalia da.,central
prem662,"Egiya da, tentela.",central
prem663,"Aingurau, kapitaiña, ta in seiñale bat guri ontzi bat bialtzeko, ta ziurtau andereñua hamen daola.",central
prem664,"Ta lerdua ezpaziña, Ogle, etzenun nik hau esan biharrikan eukiko.",central
prem665,"Ta nei ze gertauko zait, Jeremy? Bai, bai, uain afaltzeko bueltan eongo naiz. Blood jeitxi in tzan, ontziya zai zekan.",central
prem666,"Txabola juteko kalexkako ataiyan, Bishop andereñua topau zun.",central
prem667,"Ogle, esan tzun boza altzairua bezain hotz ta zorrotz, zure tokiya arman bizkarrian dao.",central
prem668,"Baña uaindikan etzan atea, bizkarra harei beira zeon-da, ta noako berian moitzen ai zian.",central
prem669,Museua ezta oso haundiya kataloguan o etiketetan,central
prem670,"Udan belugak ikustia dazkazu, udazkenian hartz polarrak, ta udaberriko o udazkeneko ekinoziyotikan hurre bazaude, aurora borealak o iparraldeko argiyak.",central
prem671,Canal Motorboats BVk bi kokaleku dazka hiriyan,central
prem672,Aire zabaleko merkatu hoiek Pekinen erosteko toki interesgarriyenak'e badia.,central
prem673,"Brunswick Berriya –Chignecto istmuan bidez Eskozia Berrira lotuta dao–  1784an probintzi bereizi bihurtu zan, 14.000 errefuxiatu loialistak hala eskauta.",central
prem674,"Ipar-mendebaldeko kostaldeko badia haundiyena portu ona da, baña leinena da bai ura ta bai hondartza zikiñak eotia.",central
prem675,"Etxe orratz hoiek bankuak dia, ta bankuak daben kalia Milla de Oro da, Urrezko Milla.",central
prem676,"Umiek asko gozauko'ue Cite de la Mer-en (37 Rue de l'Asile Thomas), hango erakusketekin: ontzigintzan historiya, arrantza-industriya, ta mariek ta korrontiek kostai forma nola emate'yoten ulertuko'ue.",central
prem677,"Orduan, jakiña, Bigarren Mundu Gerrako parte-hartzia hasi zan Commonwealth Britainiarran Aireko Trebakuntza Planakin, ta Kanadako zerua erabili zuen, seguruaua, borrokarako pilotuak prestatzeko.",central
prem678,"Ming hilobiyak garai batian oinarrizkuak zian Badalingeko Harresi Haundirako ibilbidietan, baña toki hoiek etzituzten atzerriko turistak txunditzen, ze toki heziak, hotzak ta gaixki zaharberritutakoak iruitze'zitzaixkiyen.",central
prem679,"Mediterraneoko portu onenak ekaiña, uztailla, abuztua ta maiatza dia, esan tzun Andrea Doria XVI. mendeko almirante veneziarrak. Udako nabigaziyoko denboalditikan kanpoa, flota batek ezingo zun hamen babestia baño ezerre hobeikan in.",central
prem680,27 mendi-ibillaldi onenak dia Glasgowko lakuetatikan John Deer lakura jutekua ta Beulach Baneko ur-jauziyen ta French mendiyan ingurukua.,central
prem681,"Uaindikan'e tolerantiak ta laguntzekuak dia, nahiz ta badakiyen beaien kostalde earra ya eztala beaiena bakarrikan.",central
prem682,"Kublai Khanek bere hiriburua eraiki zun 1279yan, Pekingo Beihai lakuan bazterrian. Han, gaur egunian'e altxor inperial batzuk ikusi leizke.",central
prem683,"Na Paliko errepide gabeko kosta, iparraldeko kostalde zerutiarrian, munduko itxas ondoko ibillaldi zail ta bikaiñenetako bat da (ikusi 71. orrialdia).",central
prem684,"Anglo komunitatiakin errezo nahastuta, eskola protestantiek bakarrikan onartze zituen, Ekialdeko Europako juduak Westmount eskola aberatsian graduau zian, o Torontoa emigrau zuen berriz'e.",central
prem685,"Ahal badezu, lenbizi ohitu zaitez bilbiakin.",central
prem686,"Haren hillobi-gangak lurrazpiyan 27 m-ra dabe (88 oin), marmolez inda dabe ta 1.200 metro karratu (13.000 oin karratu) hartze'txue.",central
prem687,"Napoleonek Kataluñako santutei sakratuai eraso ziyon, Montserrateko monasteriyuai, ta txikiu in tzun.",central
prem688,Eraman leizken jabetza guztiyak tximuetatikan ixkutatzia.,central
prem689,"Estei Jauregiya sortu baño 1.400 urte inguru lenuo, Milreu pertsona famatu baten landetxe haundiya're bazan.",central
prem690,"1981ian merkatu bateratuan sartu zanian, Greziyan aurreikuspen ekonomikuak indartu in tzian.",central
prem691,Itxasoko tenperaturak 18 ta 24º C (64-75º F) bitartekuak dia.,central
prem692,Kinabalu parke nazionala estatuko sei eskualde babestuetako bat baño ezta.,central
prem693,"Sofias, Megaro Mousikis metro-geltokiyan onduan.",central
prem694,"Atian ekialdian Olinpeiona dao, Greziako lurraldian iñoiz eraiki dan tenplu haundiyena.",central
prem695,"Poble Espanyol (herri espaiñiarra), Montjuiceko ipar-ekialdian; baleike famili guztiya dibertitzeko klitxia asmatzia.",central
prem696,"Gaur egunian, eraikin zaharrian dao Edinburgh Experience; 3D-ko diapositiba-ikuskizun bat da, 20 minutukua, hiriyan historiya irudikatze'u ta gaur egungo Edinburgo biziarazte'u (apiriletikan urrira bakarrikan).",central
prem697,"Dora Stratou Folk Dance Theaterrek Greziako kanta, dantza ta musika tradizionalan emanaldiyak ite'txu, herri tradizional itxurako Philopappos Hill auditoriyuan, maiatzetikan iraillera, astelehenetan izan ezik.",central
prem698,"Annen ta Amsterdamgo okupaziyuan historiyai buruzko bideuak ikusiko'txozue, garai hartako argazki ta artefaktu batzukin batea.",central
prem699,"Haren onduan La Martorana eliza gotiko normandiarra dao; fatxada ta arkupe barrokuakin birmoldau zuen partzialki, ta kanpai-horma fin-fiña daka, lau solairukua, leiho landu fiñez betia.",central
prem700,"Aintzira, berez, mendi garai batzun itzalian dao; tartian da Scafell Pike, hau da, Ingalaterrako altuena, 977 metrokua (3.205 oin).",central
prem701,"Europako ta Puerto Ricoko arte-bilduma hau, seguru asko Karibeko onena, earki eongo zan Europako eozein hiriburutan.",central
prem702,"Treasure Beach toki paregabia da, hondarrezko hiru badiatan zabalduta dao ta hotel gitxi batzuk besteikan eztazka.",central
prem703,"Gero Bona dator; saskigintza-zentro bat da, ta kecak dantzan etxe mouan'e aurkezte'u bere burua.",central
prem704,"Gogoz bazaude, segi Mist ibilbidetikan, Emerald aintziratikan aurrea, Nevada ur-jauzira, ta han jende gitxiyo topauko'zu.",central
prem705,"Udak egualdi epela (baña ez berua) ta itxasoko tenperatura epelak ekartze'txu, ta hori ezin hobia da urazpiyan ibiltzeko, snorkeleako ta uretako beste kirol batzuetako.",central
prem706,"Urmaeletako batian biziya dao; bixitariyek txanponak botatze'txue, dortoka batei buruan jo ta errebotatzeko esperantzan, horrek seguru suerte ona omen dakarrela-ta.",central
prem707,"Jazz klub ugariyen artian dabe Culver Cityko Jazz Bakery, Hollywoodeko Catalina Bar and Grill ta ipar Hollywoodeko Baked Potato famatuak.",central
prem708,Badao programa bat resortan erdiyan barrualdeko urmaeleko ur babestuetan izurdiekin iregiyan iteko.,central
prem709,"Nafplio portu-hiriya toki paregabia da inguruan tourrak iteko, o tourrian zaben bitartian bazkaltzeko, bestela.",central
prem710,Kanadako Pacific trenbidia eraikitzen lagundu zuen langille ausarten ondorenguak dia hango biztanle batzuk.,central
prem711,"1896ko eliza kalbinista neogotikuan kanpoalde koloretsua miretsi nahi badezu (hiriyan paisaia-argazki asko ta askotan agertzen dan hori), jeitxi Batthyany aurreko geralekuan.",central
prem712,"Hamen, 1775ian, Saint Catherine fuerteko dendetatikan 100 polbora-kupel desagertu zian mou misteriotsuan, ta iraultzaille estatubatuarrek erabiltzeko lotuta zeon ontzi batian azaldu zian.",central
prem713,Ikustia mezi duen beste bi toki dia Balzacen etxia (47 Rue Rayanouard) ta Delacroixen estudiyua (6 Rue de Furstenberg).,central
prem714,"Prinsengrachten, Otto Frank ta bere familiya beaien negoziyoko atikuan ixkutau zian bi urte baño gehiyo, topau zituen arte.",central
prem715,"Tian zeremoniyan zale bihurtu bazea, gustokua izango'zu bilduma: XIV. mendeko zeramikazko katilluak, te pitxerrak ta kajak, ta banbuzko kutxariak, irabiatzekuak ta lorientzako ontziyak.",central
prem716,"Hauek dia beira-arasak: lehoi-erakusketa berriya, elur-panteren ta geparduen erakustaldiyak, ta Afrikako oihan tropikal bat, gorila ta fakokeroz betia.",central
prem717,Eraikiñan kokapena bea're mirari teknolojikua da.,central
prem718,"Hain zuzen, 1970eko hamarkadako autobusen polemikako protesten ta istilluen inflexio-puntua izan tzan.",central
prem719,"Abuztuko enbor-mozketan txapelketagatikan da ezaguna Squamish hiriya, ta abiapuntu earra da Garibaldi Parke Probintzialea mendi-ibillaldiyak iteko.",central
prem720,"Portugal zaharra benetan bizitzeko, sartu Leal Senado ikusgarriyan (Senatu Leiala); eraikiñan sarrera-areto hotza arkitektura kolonialan adibide aparta da.",central
prem721,(Gertaera abuztuan 14an ta 15ian errepikauko da. ),central
prem722,"Sant Antoni badian ahuan parian, Conillera o Conejera islan silueta distiratsua dao (untxi-zulo esan nahi du).",central
prem723,Horrek lotze'txu hondartza publiko nausiyak (Warwick Long Baytik Horseshoe Bayra).,central
prem724,"Seigarren Gurutzadan (1228- 1229), Frederiko II.a Erromatar Inperiyo Santuko enperadoriak Jerusalem seguru bihurtu zen kristauentzat, negoziaziyuen bidez.",central
prem725,"Hiriko harresiyan zatiya zanez, prusiyar pragmatikuenek atia diseiñau zuen, ez garaipeneko arku mouan, baizik ta zergak kobratzeko ate mouan.",central
prem726,"Jarritako piezetaz aparte, musika gehiyena perkusiboa da ta ekintza ta gogo aldartia babesteko ta islatzeko baliyo du.",central
prem727,"Eredua errepikatu in tzan mende bat geruo, mairuek 1151n almohadeei laguntza eskau ziyenian.",central
prem728,"Hoietako bat baño gehiyo erostia dakazu, zure teillatu erpin ixtuen linea iteko.",central
prem729,"Maiatzetikan urrian erdialdea, Boston Harbor gurutzaldi konpaiñiya",central
prem730,"Bide ixtuetatikan ta nekazaritzako bidietatikan bakarrikan ailleatu leike itxasoa, baña mezi du ibillaldi bat itia, jendetzatikan urrutiratzeko.",central
prem731,"Errefortzuekin, espaiñiarrek hondartza buru bat ezartzia lortu zuen.",central
prem732,"Hala're, Parisek duela gitxi hiri osua ziharkatze'uen bidegorriyak sortu zitun, ta, horreatikan, bizikleta askoz seguruo da (ta zabalduo dao).",central
prem733,"Oso hondartza atsegiña topauko'zu hurre, Batu Hitamen.",central
prem734,"Jendia baserritar mozorrouta ikusiko'zu, zaldiyek tirautako gurdiyetan lurra lantzen ta uzta jasotzen, artilia mozten, errotan iriña ehotzen, ehuntzen ta errementariyanian perrak iten.",central
prem735,"Bertan bidaiatxuak iteko ontzi txikiyak alokau leizke Sea Horse Boat Rentalsen, Marsh Harbour, Abacos (tel.:",central
prem736,"Gauza iskanbilatsu ta kontserbadoriek, batek ikasten dunez, zalaparta handiyikan gabe iraute'ue hamen.",central
prem737,Gurutziak 181.740 tona omen'txu.,central
prem738,Gustav Noske defentsa ministro bihotzgabiak 4.000 freikorp (eskuin muturreko erasoko soldauak) deitu zitun mugimendua zapaltzeko.,central
prem739,"Gaur egunian, talde turistikuak egonaldi motzetarako etortze'ya, ta, Baliko toki guztiyetan bezela, preziyuak pixkanaka iyotzen ai dia.",central
prem740,Haiek in tzuten lehenbiziko ahalegiña ta gorrena lurralde latz hartan bizimou modernua iteko.,central
prem741,"K.o. 688-691 artian eraiki zuen, Persiako millaka lauza zeramikoz apainduta dao, batez'e urdiñak ta horiyak, ta leihoburuetan idatzi koranikuak dazka.",central
prem742,Ikusizazue arku bajuko sabaiko trompe l'oeil margolana nola saiatzen dan eliza txikiya katedral gotiko altu bihurtzen.,central
prem743,Atenastar batzuek Batzarrai eskau ziyoen Mazedoniako erregiai gerra deklaratzeko.,central
prem744,"Ur gezako arrantzaliek baimena euki bihar due. Nola lortu jakiteko, eskau informaziyua turismo-bulego hurbilenian.",central
prem745,"Clunyk inguruko landa-eremuan nolako eragiña izan tzun ikusteko, jun ikustea Clunyren arkitektuek eraikitako eliza erromanikuak dazkaten herri batzuk; adibidez, Saint-Vincent-des-Pres, Taize, Berze-la-Ville ta Malay.",central
prem746,Ibillaldiyak bertako kooperatibako gidekin bakarrikan itia gomendatzen da.,central
prem747,"Uaintxen, ustia da igual hobe dala gitxiyo garauta daben isla txiki hoiek pakian lagatzia.",central
prem748,"Bixita gidatura ustekabian itzuli zan preso batek, ze batzuek iteu'te, nostalgiaz esan tzun janariya San Frantziskoko hotel askotan jandakua baño hobia zala.",central
prem749,"Antziñako garai haietan'e, jainkuek orakulua kontsultatze'zuen, ta Sibilaren Haitzetikan emate'zitun berediktuak.",central
prem750,Baixada de Santa Eulalia kalia Carrer dels Banys Nousea jeixten da; XII. mendian eraiki ta aspaldi desagertutako bainuetxe berriyengatikan daka izen hori kaliak.,central
prem751,"Trafikuak ixtututako arteria nausiyetatikan kanpoa zabenian, Albufeirako alde zaharrak xarma tradizional harrigarriya dakala ikusiko'zu.",central
prem752,"Jatorrizko ekintzatikan hurre, oso azkar hazitako Dawson City Klondike Egunen lekuko garbiya da; eskualdeko hiriburua zan, baña 1951n uaintxe garraio- ta komunikazio-zentro dan Whitehorseik du haren lekua.",central
prem753,"Errol Flynnek isla hori erosi zun Port Antonion kokatu zanian, 1946an.",central
prem754,"Cala Mondragek eztu iya garapenikan bate (Mallorcako kostaldiakin konparauta), ta baleike hala jarraitzia, eskualdeko gobernuan aginduz, kostan kontrolikan gabe indako eraikiñek larritu in due-ta.",central
prem755,"Hiru santutei dazka, meru bana dakae puntan, Brahma, Shiva ta Vishnuri eskeiñiyak.",central
prem756,"Arboretotikan milla batea baño gitxiyoa, bi eliza topauko'txozu errepidian eskubialdian, muiñuan magalian familiko ehunka hillobi txuriren onduan.",central
prem757,"The Stampede, hasieran, belardiyetan ganaua biltzeko teknika guztiyak ta zirrara erakusteko sortu zan.",central
prem758,"Iya 100.000 lagun etortze'ya honea, arkitektura harrigarriyaz lilluratzeko ta etengabe aldatzen ai dan hiri honen berritasun erakargarriyak esploratzeko.",central
prem759,Beaux Arts udaletxia hurbileko gobernu zentruak ordezkau du.,central
prem760,"Hotelan atzian, hiriko fundatzaille Samuel de Champlainen 1898ko estatua baten ostian, Dufferin Terrace dao; bertatikan mou paregabian ikuste'ya St. Lawrence ta, ibaian behera, Ile d'Orleans.",central
prem761,"Payanganetikan hareo, jende gitxi ibiltzen dan bide batian aurrera, paisaje earretan barrena, Baturrea iritsiko gea (ikusi 59. orrialdia).",central
prem762,"Massachusettseko Teknolojia Institutua (MIT), 1861ian sortua, Estatu Batuetako zientzi- ta injenieritza-erakunde nausiya da, ta aitzindariya izan da teknolojia moderno askotan, bestiak beste argazki estroboskopikuan ta elikagaiak kontserbatzeko prozesuetan.",central
prem763,"Ipoh iparraldian, sei kilometrora (4 milla), Perak Tong dao; Txinako apaiz budista batek eraiki zun 1926an.",central
prem764,"Kodaly körönd (Kodaly biribilgunia, konpositore hungariar baten omenez du izen hori) multzo bikaiña da, motibo inkrustatuz apaindutako fatxada kurbatuz ta figura klasikoz osatua.",central
prem765,Independentziyan ondoren parlamentua hamen jartzeko planak zapuztu in tzian,central
prem766,"Tokiyan bertan indako produktuen adibide asko dabe hamen, ta turismo-zentruetan baño merkio erosiko'txozu, batez'e aurretikan trukeako abilidadiak praktikatzen batxozu.",central
prem767,Ramses II.an (K.a. 1279-1212) 60 urteko araua bukaera bikaiña izan tzan Erresuma Berriyan aroako.,central
prem768,Airetikan ikusiko'zu Sarawakek herrialdeko ibai luziena dakala: Rejang. 563 km (351 milla) ite'txu Indonesiako mugako mendiyetatikan Hego Txinako itxasoaiño.,central
prem769,"Sarrera tunel bat da, alde bateko paetian zulauta sukaldia ta bestian biltegiya dazka, ta handikan egongela nausiya ailleatzen da.",central
prem770,"Antzerki ta Kontzertu Areto Nazionala, Megaron izenaz ezauna, Vasen dao, tel.: 01-7282333.",central
prem771,"Estatu Batuetako politikan interesa eukitzia lagungarriya bada're, beti dia interesgarriyak Watergateko zinta o atzerriko gaiei buruzko Nixonen elkarrizketak aitzeko aukera emate'uen pantaillak.",central
prem772,"Hiriko beste monumentu erromatar haundiya, antzoki zaharra, hiriyan hegoaldian dao.",central
prem773,"SStako guardiyen lurrazpiko egoitzan gañian inda dao eraikiña, ta han dao Izuan Topografia, naziyek eraindako ikara jasan zuenen bizitza mou hunkigarriyan erakusten dun argazki ta dokumentuen erakusketa.",central
prem774,"Proiektu hori bukatzen bada, kate guztiko interesgarriyenetako bat izan biharko zan.",central
prem775,"Eskuz indako kotxiak dia hiriyan gauza maitiena, ta sistema Mugarri Historiko Nazional izendau zuen 1964an.",central
prem776,"Depresiyo-garaian herrialdeko probintzi pobriena izan tzan, gosiak hiltzeko zoriyan eon tzan.",central
prem777,1992ko Joku Olinpikuek jarri zuen Bartzelonan kirolzaletasun amorratuan faman oinarriya.,central
prem778,Ibili ontziko bizkarrean ta hitzein marinelena ta erromesena ite'uen aktoriekin.,central
prem779,Eraikiñan ezaugarri ezagunena matxinsalto itxurako haize orratza da.,central
prem780,"Eonaldi luziotako, Queticoko kanalen sare zoragarriyan mapa zehatzak emate'txue informaziyo-buleguan.",central
prem781,Pei dorretikan bide bihurri batian zihar ailleatzen da Hong Kong parkea.,central
prem782,Jendiai gehiyena teleaulkia gustatzen zaio.,central
prem783,"Informaziyua lortzeko, deitu (213) 623-2489 zenbakira lanegunetan, 9:00yetatikan 17:00eta.",central
prem784,"Islan lasaitasunak 1287. urtera arte iraun tzun, ze orduan Alfontso III.a Aragoikuak, bere noblien umillaziyuengatik-ta, inbasiyoako aitzakiya topau zun.",central
prem785,"Zutabien gañian jarritako plataforma batian, Chaac-Moolen figura zizelkatu bat dao, etzanda. Haren tripa katillu-itxuran hustuta dao, eskeintzak jasotzeko. Aditu batzuek usten due gizakiyan bihotz freskuak'e hartzen zitula.",central
prem786,Lakuan hegoaldeko kostaldeko hiri haundiyena Siefok da.,central
prem787,"Hiriyan erdiyan daon arkupe gotiko batian aurrea junda, XIII. mendeko kanpandorre haundi-haundi baten ondotik, 90 maillako eskaillera iyo ta santuteiko XI. mendeko brontzezko atieta iritsiko zea.",central
prem788,"Asko gustatzen zaie sozializatzea, ta normalian tabernetan juntatze'ya, batez'e taberna marroi famoso hoietan, mundua konpontzeko.",central
prem789,Egurrezko bi tabla eskuz altxata dabil,central
prem790,"Bigarren torrian dao Torontoko burtsa, askoz zalaparta haundiyokua ta modernuaua.",central
prem791,"Autobusak Isidoro Macabicheko geltokiyan geatze'ya, o, bestela, autobus urdin txikiyak badia, gobernuan ordezkaritzan eraikiñan parian, etorbide berian.",central
prem792,"Plazan beste aldian Laleliko atzeko kaliak dabe, arropa merkia billatzeko tokiya da.",central
prem793,"Barruko irristaketa in leike Ditan izotz pistan, Ditan parkian, ta Traders ta China World hotelak (1 Jianguomenwai Dajie) lotze'txun lurrazpiko merkataritza-gunian.",central
prem794,"Arma bikaiña zan, baña pisu haundiya zekanez egunian 5 km (3 milla) bakarrikan eramatia zeon",central
prem795,"Liao hiriburuak (orduan Yanjing izenez ezautze'zan Beijingen) uaingo hiriburu modernuan hego-ekialdeko eskualdia hartze'zun, ta garai hartatikan Fayuan tenpluak bakarrikan iraute'u.",central
prem796,Ikusi hondartza onenen zerrenda 82. eta 85. orrialdietan.,central
prem797,"Bitartian, Caldas de Monchique toki egokiya da picnica iteko ta basuan pasiatzeko.",central
prem798,"Kanadako hamar zentaboko txanponian daon 1921eko belaontzi txapeldun ezagunan erreplika honetan, ontzi-gañian ibiltzia eukiko'zu ta bi orduko bidaiya itia're badakazu.",central
prem799,Spectrum ataleko bixitariyak makina batzuk manipulatzea ta zientzi-esperimentuetan parte hartzea animatze'txue.,central
prem800,"Antziña, ordia, Karibeko piraten toki kuttuna zan, urruti zeolako Habana, Puerto Ricoko San Joan ta Panama Hiriko kolonia hurrienetako jauntxuan atzaparretatik.",central
prem801,"Turismo-buleguak saiatu dia L'Estrie eremuan izena aldatzen, baña quebectar militante gehiyenek'e nahiyo due betiko itzulpen zuzena, L'Esteko kantoiak, nahiz ta oso zehatza ez izan.",central
prem802,"Bidian, Arte Ederren Jauregiyan aldamenetikan pasauko zea; Panama-Pazifikoko Nazioarteko Erakusketako erlikia zaharberritu bat da.",central
prem803,"Uain dala gitxirarte, ixkiñako 8. etxia izan da Yeneralitateko presidentian egoitza ofiziala.",central
prem804,"Bi mendetako heresia erlijiosuan ondoren, Elizak berritze espirituala bihar tzun, ta, hortan, aliatu perfektua izan tzun San Frantzisko Asiskua (1182-1226), elizkoia bai baña ez oso militantia.",central
prem805,"Paeta, gaillur ta tontorretan gora ta behera sigi-saga in ta oso topografia zaillea egokitu bihar da, ta horrek arnasik gabe lagatze'txu turista asko.",central
prem806,"Baña, azkenaldiyan modan daon zalaparta gorabehera, museuak eztu ahaztu antziñako automobil earren xarma, ta, batez'e, Kanadako lurrun-aro handiko tren-makina zaharrak.",central
prem807,"Velazquez, Greco, Goya ta Zurbaran espaiñiar maixu zaharren Madrilgo bildumak eztu parekoikan munduan.",central
prem808,Itxas Museuak Ozeano Bareko portuan historiya lantze'u.,central
prem809,"Altzariyak ta zillarra, 29; Tai Sing Company-ko portzelana, 122.",central
prem810,"7. kilometruan, hartu eskubira, Pok-Ta-Pok 18 zuloko golf-zelairantz. Aintzira alboko lursail haundi batian dao golf-zelaia.",central
prem811,Dam Square lurrez ingurauta geau zan historiyan lehenbiziko aldiz.,central
prem812,"Colònia de Sant Jordi hotelez ta txaletez betia dao, baña ezta toki turistikua.",central
prem813,Ailleatze'zian ontziyeta azkar juteko sortu zian txalupa hoiek.,central
prem814,"1847yan, Kasten Gerra izeneko altxamendu basatiyan, maiek kolono txuriyak garbiu zituen ta penintsulan iya bi herenen kontrola hartu zuen.",central
prem815,Trachypithecus tximuak ta buztan luzeko makakuak animali basatiyak dia.,central
prem816,Tamaiña ta apaingarri askotakuak topauko'txozu.,central
prem817,"Handikan hurre Xlapak dao; egitura nausi bakarra daka, jauregi bat. Aldiz, Labnan, Puuc Eskualdian ibillaldiko azken tokiyan, esploratzeko egitura asko dabe.",central
prem818,"Eraikiñak bi eliza berdin-berdin lotze'txu: iparraldekua, Franzesischer Dom (Katedral Frantsesa), higanot etorkiñentzako eraikitakua, ta hegoaldekua, Deutscher Dom (Katedral Alemana).",central
prem819,"Bixitariyek Barcino-Bartzelonai buruzko multimedia-film historiko birtual bat'e ikustia dakae, 28 minutukoa.",central
prem820,"Abixau due kanpuan ezin dala jan, baleikelako tximuek hori afaltzeko gonbidapentzat hartzia.",central
prem821,Portuko zubiyen azpiyan badao Potter's Cay izeneko isla txiki bat.,central
prem822,"Amsterdamek arpei asko dazka, hiriya famatua in duen diamantiek aiña iya.",central
prem823,Kontuan izan koko-rona ta beste fruta batzukin indako ron asko dabela.,central
prem824,"Antziñako Atenasen bihotza akropoliyan domoan inguruan antolauta zeon; haitz gañian eraikitako tenplu sakratuak zezkan, ta hiriya haitzan ertz borobilduetan eraikita zeon.",central
prem825,"Altarian azpiyan, zilarrezko disko batek zulo bat inguratze'u; tradiziyuan arabera, hantxe jarri zuen Jesusen gurutzia, alde banata lapur bat zekala.",central
prem826,"Usten da 1960ko hamarkadaezkeoztikan topau dian toki irikiyak pelota-jokuetako erabiltzen ziala. Pelota-jokuak inportantiak zian zeremoniya bezela Indiako kulturan, baña uaindikan gitxi dakigu horrei buruz.",central
prem827,"Kostatikan urruti, aldapak gora iten du, piñu, mimosa, eukalipto ta txilar artian, iya 915 m-ko altitudeaiño (3.000 oin).",central
prem828,"Saroniko isletako denboaldiya luziaua da, apirilletikan urrira bitartekua.",central
prem829,"Ehunka bidaiari juten dia bi isleta egun-pasa, itxasontzira bueltau baño len dana ikusi nahiyan.",central
prem830,"Hurrien daben instalaziyuak Parnassus mendiyan dabe (abendutikan martxoa), hiritikan bi ordura kotxez.",central
prem831,"Ruletan o dado-mahaiyetan jokalai nausiyen onduan jokatzia dakazu, o makina txanponjalietan txanpon batzuk botatzia're bai.",central
prem832,"Museuak oso ondo prestauta dabe, ta gehiyenetan liburuxkak emate'txue (gehiyenetan alemanez, baña askotan inglesez ta frantsesez e'bai), erakusketei buruzko informaziyuakin. Gañea, borondatia botatzeko kajak eote'ya, bakoitzak nahi duna paatzeko.",central
prem833,"Hungariara iritsi berriya izanda, hiritikan kanpoa jun biharko'zu, jokatu nahi baldin badezu.",central
prem834,"Errepidiak bihurgune itxiyetan okertzen ta jiratze'ya, ta olatuetan bezela gora ta behera bihurritze'ya.",central
prem835,Pekinen gaur egunian eztao horren arrastoikan iya bate.,central
prem836,Estatuko ta tokiko gobernu askok ikuskapen-baldintza gehigarriyak dazkate.,central
prem837,Informaziyuan segurtasun-taldiak hillian 8-12 saio ite'txu.,central
prem838,"Hala're, prestatzeko injenieritza lenuo sortu zan.",central
prem839,"CIO erakundiak erabat zentralizau o deszentralizau biharrean, egitura hoiek konbinauta kudeatze'txue erakunde liderrek beaien informaziyo-baliabidiak.",central
prem840,"7. tituluak esate'u paatu baño lenuo bidai-eskaerak baliozkou bihar diala, ta hortaz, usten deu gastu guztiyak bidai-txartelian banaka sartziak baldintza hori betetzen laguntze'ula.",central
prem841,"Analisi hontako jatorrizko lanak aztertuta ikusten danez, GAM gaiekin lotuta eon leizken osasun-puntuek ospitaleratziak murriztu zituen, bai oinarriko estimaziyuetan ta bai alternatibuetan.",central
prem842,"Beraz, gobernuko arduradunak ta kudeatzailliak pentsatzeko mou berriyak bereganatzen ai dia: helburuak lortzeko mou desberdiñak kontuan hartu, ta erabakiyak bideratzeko informaziyo berriyak erabiltzen ai dia.",central
prem843,Baleike inglesez eztakiyen bezeruentzat espediente judizialak itzuli bihar izatia.,central
prem844,Hori C-R funtziyo bakun batek definitutako C-R erlaziyuei ta C-R funtziyo anizkunek definitutakuei aplikatze zaie.,central
prem845,Uain martxan dian o aurreikusita daben beste ahalegin batzuk.,central
prem846,"Bestiak beste, faktore hauek: epe motzak, jatorrizko artxibo informatikuak ezabatzia ta biharrezko dokumentuak ez lortzia.",central
prem847,"4. irudiyan, lan-zerbitzu konpartituen eskeintza-kurba dao.",central
prem848,"Geo, hasierako bixita in tzun ordezkai beak berriz'e bixitau du hornitzaille berriya, galderei erantzuteko ta reklamaziyuen lagiñian ikusitako arazuei buruz eztabaidatzeko.",central
prem849,Kontua ezta bakarrikan aurrezkiyak eragiña dakala aberastasunan stockian; aberastasunak'e eragiña daka aurrezteko erabakiyan.,central
prem850,"Adibidez, aztertu genun erakunde batian, bi bat-ite gertau zian; beraz, enpresak negoziyo berriyak integrau bihar izan tzitun belaxe, ta berregiturau in tzan, negoziyo-premiyak geo ta haundiyo ziala-ta haiek kontuan hartzeko.",central
prem851,Gu kezkatzen gintuna zan bidaia benetan in tzala egiaztau baño lenuo ordainketa baimentzia.,central
prem852,"Teknolojia oso integrauta dao erakunde hoietako negoziyo-prozesuetan, ze teknolojia negoziyoako aukera mouan ikuste'a, ez bakarrikan tresna bezela.",central
prem853,"Hala're, SAB, gai horrei buruzko literatura berriyak lagunduta (Rossi et al.).",central
prem854,"Adibidez, emantzagun lan konpartituen kostua 10 dala ta oinarrizko postan kostua 16 dala.",central
prem855,Literaturan askotan agertze'yan bi kontzeptu oso baliagarriyak izan leizke etorkizuneko ikerketen berri emateko.,central
prem856,"Marrek bialtzaille guztiyen ongizate-mailla adierazten due, ta ronbuek, berriz, lana beste noabaitea eramatiak dazkan galera teknikuak (baldin da negatibuak badia).",central
prem857,"Arrixkuen ebaluaziyo hortan oinarriuta, Centrelink-ek hortako propiyo dian prebentziyo-estrategia batzuk garau zitun, onuradunei ta enplegu-emailliei diru-sarrerei buruzko informaziyo-eskakizunan berri emateko.",central
prem858,"Horrei esker, diseiñuan erakustaldiyak in ahal izan tzian, enpresek inbertsiyo garestiyauak in baño len erakuste-faseako produkziyo-prototipo adierazgarriyak fabrikatzeko tresnetan ta ekipuetan.",central
prem859,"Bestela, mezu kezkagarriya bialduko zaie GAOko langilliei, prentsai ta publikuai.",central
prem860,Hego Carolinako lankidetza-ahalegiñek arrakasta euki zuen hurrengo urtian e.,central
prem861,Konderriko langilliak prest eongo'ya auzilariyei beaien ikerketakin laguntzeko.,central
prem862,CIOek ta erabakiya daken agintaiek zehazte'ue ze lan-mota dan egokiya azpikontratatzeko ta ze lan-mota iten dan hobeto enpresa barruan.,central
prem863,"Batzordeko funtzionariyo baten esanetan, Batzordeko 605 b) ataleko ziurtagiriyak etzizkiyoen bereizita eman Enpresa Txikiyen Kudeaketan (SBA) Defentsako Abokatu Nausiyai.",central
prem864,"Hoteleko gastuak ta beste batzuk alkartuta, bidaia benetan in tzan o ez egiaztauko da.",central
prem865,"Merkataritza-enpresek prototipuak erabili zituen produktuak garatzeko prozesu osuan, ez bakarrikan produktuak integratzian.",central
prem866,"CIO korporatibuek CIOekin o beste informaziyo-kudeatzaille batzuekin lan ite'ue laneko negoziyo-unitate bakoitzian, korporaziyo guztirako teknolojia eraginkor, fidagarri ta elkarreragingarriya bermatzeko.",central
prem867,BLMk errendimendu-arau arrakastatsuak sartu zitun.,central
prem868,"Adibidez, bixitau genun estatu-hiriburuetako batian, 600 software-enpresa baño gehiyo dabe.",central
prem869,Bihar dian atal o elementu guztiyak sartzia.,central
prem870,"Erakunde nausiyek erabakitze'ue, hornidura-estratejia baten barruan, nola in informaziyo-teknolojia ta kudeaketa-lan espezifikuak: erakundeko langillien bidez o kanpoko hornitzaillien bidez.",central
prem871,"Azkenik, CEOak kontrolatze'u informaziyo-teknolojian ta -kudeaketan funtziyuak CIOai, CIOan erakundiai ta beste antolamendu-unitate batzuei esleitzia.",central
prem872,"CIO erakunde bat garatzia etengabeko prozesua da, ta horretarako biharrezkua da ulertzia erakundiek zer erantzukizun duen enpresen biharrak asetzen laguntzeko.",central
prem873,"1 Aurreko atalian ez bezela, atal honetako datu guztiyak 1988. urtekuak dia.",central
prem874,"Aurrezte-flujua funtsezkua da aberastasun-stock bat metatzeko; arau orokor bezela, iñoiz aurrezten eztunak eztu aberastasunikan eukiko.",central
prem875,"Uko iteko eskaera formalikan ez badao, auzitei federaleko abokatu batei dagokiyo, bai etikoki ta bai auziteiyan arauak betez, eozein gairi erantzutia.",central
prem876,G. LSCk finantziautako abokatuei bezeruak Estatu Batuetatikan aldeiten dunian kasuetatikan erretiratzia exijitzian ondoriyozko kargak.,central
prem877,"Erakunde baten horniduran estratejia giza kapitala garatzeko estratejia zabalo baten parte da, IV. printzipiyuan eztabaidatzen danez.",central
prem878,Bezero bat falta danian lege-ordezkaritza aldi bateako etetia ta jarraipena eskatzia ezta kasua formalki lagatzian alternatiba bideragarriya.,central
prem879,"2000ko urte fiskala oparua izan tzan GAOntzat, lorpenez ta arrakastaz betetako urtia, ze zerbitzu bikaiña eman zitzaion Kongresuai, ta AEBko zergadunek onura haundiyak euki zituen.",central
prem880,"Atalaseikan onartzen eztanian, ta askotan hala izate'a azterketa epidemiolojikuetan, onartze'a populaziyuan segmentu batentzat behintzat eozein esposiziyo-maillak eztakala erantzun-arriskuikan.",central
prem881,"Informaziyuan teknolojian arloko trebetasun-eskaera haundiya zeola-ta, estatu-kontrataziyua zailla izan tzan; horreatik, CIO honek barne-softwarran garapenan ta kudeaketan alternatibak billau zitun.",central
prem882,Zehaztasun haundiyoz jokauta sarriyo lortuko deu helburua.,central
prem883,Merkurio-ixuriyek merkuriyua metatze'ue uretan.,central
prem884,"Gañea, GAOren emaitza harrigarriyak ta inbertsiyuan itzulkiña ikusita, zentzuzkuena da GAOk beste erakunde federalen batezbestekua baño askoz baliabide gehiyo jasotzia.",central
prem885,"Azkenik, emate'u posta-dentsitatia faktore inportantio dala kaleko bidalketa-kostu unitariyuetan, bolumena uaingo Frantziako ta Estatu Batuetako tartietan baño.",central
prem886,Baliyo-sortzaille izatia ta negoziyo-emaitzetan bezerua ardatz izatia.,central
prem887,"Gañea, datuen mugak argitu bihar dia, datuetatikan ondoriyo okerrak o nahi gabekuak ez ateatzeko.",central
prem888,"Azkenian, ebaluau'txozuen datuak bihar bezain fidagarriyak ezpadia, ondoriyo hori txostenian sartu bihar tzenukete, ta ikuskatu dezuen entitatiai gomendatu neurri zuzentzailliak hartzia.",central
prem889,"LSCren plangintzarako laguntza-funtsekin, Bar Fundaziyuak aholkulari bat kontratatu du Koordinaziyo Kontseilluai birkonfiguraziyo-plan bat prestatzen laguntzeko, ta martxuan aurkeztuko diyo LSCri.",central
prem890,"Irtenbide hoietan, larrialdi-zentro ta osasun-etxe bakoitzea onduena ze esku-hartze mota egokitze'yan ta pazientean arazo espezifikuak aztertu biharko'ya.",central
prem891,"Enpresek beaien jabetzapeko filial bat sortzeko erabiltzen due baliabidia, esan tzun Delaney jaunak, New Yorkeko Abokatuen Aliantzan zuzendari ejekutibuak.",central
prem892,"Chávezen kasuak Coloradoko Zerbitzu Juridikuen inkestan indako aurkikuntzak erakuste'txu; inkesta horren arabera, estatu osoko etxaldietako langille migratzailliak pestizida arriskutsuen eraginpian eote'ya, nahiz ta horrek lege federalak urratze'txun.",central
prem893,"Gizarte Segurantzak etxu kontuan hartzen langille federalentzat bereziki o esklusiboki jarrita daben programak; adibidez, pentsio-planak ta bestelako erretiro-planak.",central
prem894,"Zerrenda hortan, reklamaziyuak arrazoizkuak dian o ez zehazteko informaziyo gehigarriyak emate'zaixkiye txartela onartze'uen administraziyo-langilliai (normalian bidaiariyan gainbegiraliai) ta ziurtagiri-emailliai.",central
prem895,"Hori gertatzen danian, maillegu-emaillian funtsak Altxorran baliyuek inbertiutako salduan gañian dazkan interesak sakrifikatze'txu, ta horren partez maillegu-hartzaillian funtsan interesak jasotze'txu mailleguan zenbatekuan gañian.",central
prem896,"Aldi hori A eranskiñeko A-3 dokumentuan dao. Hala're, proiektuan berezitasunen arabera, bi hillabeteko gorabeherak eon leizke bihar dan denborai dagokiyonez.",central
prem897,Baña Batzordiak ezin du gomendiyo zaharrikan eman zifrak zentzuzkuak badia.,central
prem898,"Momentu hezigarriyan kontzeptuak, garai hartan kontzeptualizaziyo hutsa izan bazan'e, erakuste'u larrialdi-zentruan bazeola nolabaiteko interes bat alkoholakin lotuta esku-hartziak iteko.",central
prem899,Posta-zerbitzua beste posta-administraziyo batzuk baño ahulaua da «scraping» deritzonan aurrian.,central
prem900,"Hasierako behaketek iradokitzen duenez, baleike GPRAren rendimenduai buruzko txostenak erabilgarriyaguak izatia.",central
prem901,"Ospitaleratziak kontuan hartze'txun onuren azterketan larrialdi-gelako bixitak sartuezkeo, adibidez, onura batzuk bi aldiz kontauko'ya ospitaleratze-kategoriyan barruan larrialdi-gelako bixitak sartzen ba'ya.",central
prem902,Geo ta bixtakuaua da larrialdi-zerbitzuko esku-hartziak eraginkorrak diala ta tratamendu-deribaziyuak funtzionau leikela.,central
prem903,"Garraiua, enerjia, larrialdi-zerbitzuak, finantza-zerbitzuak ta komunikaziyo-sistemak babestia geo ta inportantio da, neurri haundi batian informaziyuan teknolojian menpe dabelako.",central
prem904,"11 Hala're, egokitzapen zaillenetan, zerbitzutikan kanpoko denbora nabarmen aldau leike.",central
prem905,"Enpresako informaziyo-segurtasuneko talde zentralak esate'unez, prozesu horrek enpresa-administratzaillien arteko segurtasun-kontzientziya haunditze'u, bihar dian kontrolak iteko laguntza emate'u, ta informaziyo-segurtasunai buruzko oharrak erakundian merkataritza-eragiketetan integratzen laguntze'u.",central
prem906,"Programan hezkuntza-feedbackak onarpena bultzatze'u, ta etorkizunian hutseiteikan ez iteko baliyo izatia daka, ze profesionalak konturatze'ya HICk urtero itzultzeko eskatzen danan jarraipena iten dula.",central
prem907,Esku-hartziak ta feedbacka indibidualizatzeko teknolojia berriyak erabiltziak lagundu in leike arrisku-patroiyak ta alkoholan arazuan patroiyak dazkaen pazientiak atenditzeko sistema hobetzen. ,central
prem908,Eskaera iten danetikan hitzartutako jarduerak iten dian arte 46 aste pasatze'ya bi unitatietan.,central
prem909,Azpimarrau zuen etengabeko zaintza biharrezkua zala kontrolak egokiyak izaten seitzeko —uaingo arrixkuei aurre inda ta operaziyuak alperrikan oztopau gabe— ta informaziyo-sistemak erabiltzen ta mantentze'txuen pertsonek antolaketa-politikak betetzeko.,central
prem910,"Era berian, CFO Legiak, GMRAk ta GPRAk eskakizun berriyak jarri dixkiye erakunde finantziaziyo federalei.",central
prem911,"Ekimenetako batian, Estatuko gobernuan merkataritza elektronikua jartzeko jarraibide estratejikuak, gidalerruak ta arauak ipini zian.",central
prem912,SCR konexiyua hiru astetikan bost astea bitarteko etenaldiyan gertau leike.,central
prem913,Posta-kode bat bide askok erabiltzia dakae.,central
prem914,"2010ian ta handikan aurreako urtietan kaltiak izan tzituen EGUen kasuan, administratzailliak 474 atalan arabera esleituko'txu merkuriyua ixurtzeko eskubidiak, ta 409 atalan arabera ingo'txu merkuriyua ixurtzeko eskubidien enkantiak, A taulan daben kopuruan barruan.",central
prem915,"Beraz, ajentzia federalek berriz'e ebaluau bihar'txue giza kapitalan praktikak, ziurtzeko finantza-profesional federalak prestauta dabela erronka berri hoiei aurre iteko ta beaien ajentziyen xedia ta helburuak babesteko.",central
prem916,Paziente gaixuek alkohola kontsumitzia ezta traumatolojiako taldian eskumenekua.,central
prem917,"T errekuntzako injenieritza-unitatiak, 900 MWe-kuak, 8 ixkiñakuak, sufre-ikatz bituminosuan % 1,5 inguru erretze'uenak.",central
prem918,Onuren azterketa hortan erabilitako kontzentrazio-erantzun funtzioetako batzuk epe laburreko lanen ondorio izan ziren.,central
prem919,24 Ezaugarri hoiek egokiyak izango zian GMRAren kontabilitate-txostenetako're.,central
prem920,"Irudi hontan ikustia dazkau antolakuntza-egitura tradizional zentralizauak ta deszentralizauak, gaur egunian erakunde liderrek erabiltze'uen konbinaziyo hibriduakin konparauta.",central
prem921,"Kasu guztiyetan, neurri inportantiak hartu biharko zian bezeruan reklamaziyuei kalteikan ez iteko.",central
prem922,"Produktuak eduki berri o asmatu gehiyo bazezkan, askotan, prototipo guztiz integrauak erabiltze'zian diseiñuak baldintzak betetze'zitula frogatzeko.",central
prem923,"Erabaki hoiek hartu ta geo, CIO erakundiak laguntza eraginkor ta irisgarriya eman bihar du, baliabidiak mou eraginkorrian esleituta ta erantzukizunak egunero beteta.",central
prem924,Aurkeztu zure oiñarriyak datuen fidagarritasuna zehaztugabe bezela ebaluatzeko.,central
prem925,Erretiruan funtsak trukien ondoriyozko diru-sarrerak ta bestelako finantzaketa-iturriyak dia.,central
prem926,"Ajentziya Lancaster, York ta Readingei zerbitzua emateko iriki zuen hasieran.",central
prem927,"Abiaziyuan aurrea iten ai da, baña epe luzeko arreta bihar da.",central
prem928,Baldintza horren dala-ta sortutako nahasketa esanguratsua izango zan.,central
prem929,"SCR sistemen hornitzaille aleman batek SCRa instalau zun Alemaniako ahalmenan parte haundi batian, ta etenaldiyak lau aste baño gitxiyokuak izan tzian.",central
prem930,Enplegatzaillian ta enpleauan ekarpenak berdin kalkulatze'ya normalian.,central
prem931,"Administraziyua, Substantziyen Abusuako ta Osasun Mentaleako Zerbitzuen Administraziyua, ta Osasun Baliabide ta Zerbitzuen Administraziyua.",central
prem932,"20 Aldiz, desaurrezkiak -egungo diru-sarrerak baino gehiago xahutzea- aberastasun-stocka murrizten du, zeren eta iraganean aurreztutako kopuruak amaitzea, aktiboak saltzea edo maileguak handitzea dakar.",central
prem933,"Ardura dakan gobernu federala, eskaera hoiei aurre iteko ahalegiñian, rendimenduan oiñarritutako kudeaketa-printzipiyuak hartzen ai da.",central
prem934,"Etorkizunai beira, erantzun tzuen ajentziyen herenek esan tzuen, gutxi gorabehera, diseiñua berrikusteko funtziyo gehiyo azpikontratatzeko aukera aztertzen ai diala.",central
prem935,Texasek usten du hezkuntza-forma askotarikuak onuragarriyak diala Medicaid programan.,central
prem936,"Uain arte, Gizarte Segurantzan programa enpleau federalei aplikatze'zaien heiñian, ezaugarriyak ta baldintzak enpleau pribatuentzako programako beak izate'ya.",central
prem937,"Auditoriak planifikatzeko fasietan, ikuskatzailliek jakinarazi in bihar due ze erantzukizun'txuen legiak ta araudiyak betetziai buruzko egiaztapenen ta jakinarazpenen arluan ta informaziyo finantzieruan barne-kontrolai dagokiyonez.",central
prem938,Kaliforniako lege-zerbitzuetako abokatu batentzat oso zailla izango zan jakitia Arizonako migraziyo-flujuan lana iten dun bezero batek Mejikoko muga ziharkau ote dun.,central
prem939,"Ajentzia batek asmua zun langilliek bidaiak reklamatzeko prozedura bat jartzeko, bidaiariyek 75 dolar o gitxiyoko gastua aitortzeko, salbuespenak salbuespen.",central
prem940,"Erosketa progresibuak inda, arazuak lenuo identifikatze'yanez, arrixkuak mugatze'ya, ta horrek aukera emate'u aldaketak o zuzenketak errezo iteko.",central
prem941,"LNL eta Allenbrand-Drewsez aparte, epaiteiyak akusatu izendatu'txu Gary Allenbrand ta Loren Drews'e, Allenbrand-Drews-eko zuzendariyak, ta R.L. garatzaille o kontratistak.",central
prem942,Esan biharra dao posta-dentsitatiak kostuan eragin haundiyo dakala Frantziyan.,central
prem943,"Ezarpen-proiektu baten fase hori osatzeko, gitxi gorabehera 17 hillabete bihar'txu SCRk.",central
prem944,"13.212 bizileku-ibilbidietako bakoitzan bolumen- ta bialketa-estadistikez aparte, CCSk 5 digituko posta-kode bat emate'u ibilbide bakoitzeako.",central
prem945,Demagun per capita bolumenan ta pieza posiblien kopuruan arteko zuzeneko erlaziyo lineal bat.,central
prem946,"Ongietorri-pakete hau eskura emate'a, Texas'19 Medicaid-en ordezkari bat bixitan etortze'anian.",central
prem947,"Lenbizi, herrialde bakoitzeko per capita bolumena erabiltzen deu geldiu leizken piezak hurbiltzeko.",central
prem948,"Era berian, A2 ta A3 tauletako estadistikek erakuste'ue bolumen haundiko garraio-ibilbidiak diru-sarrera ta hezkuntza-mailla altuko posta-kodietan biltze'yala.",central
prem949,"TVAk bypass bat instalau zun, gasa airian aurreberogaillutikan zuzenian FGDra bialtzeko; gañea, ESPa bota ta SCR reaktoria eraiki zan haren tokiyan.",central
prem950,Nekazai atzerritarrak askotan ibiltze'ya Estatu Batuetan batea ta bestea.,central
prem951,Berrogeita lau proiektu piloton 1995eko rendimenduai buruzko txostenak aurkeztu zituen.,central
prem952,"Beraz, V. tituluan ustiapen-baimena aldatzeko kalkulautako denbora guztira da 17 hillabete inguru gehi adostasun-pruebak iteko bihar dan denbora gehigarriya.",central
prem953,Frantziyak AEBk baño posta-dentsitate haundiyauak ta bolumen txikiyauak dazka.,central
prem954,"Xehetasun gehiyo nahi izanezkeo, ikusi //www.healtheffects.org/Pubs/NMMAPAS letter.pdf.",central
prem955,"Diseiñu ta neurri egokiyak eskura eztazkaunian, esploraziyoko kasu-azterketa itia lagungarriya izango'a inplementaziyuan denbora ta dirua aurrezteko ta gure emaitzetan konfiantza haundiyo eukitzeko.",central
prem956,"A eranskiñeko A-3 proban ikusten dan bezela, prozesu hori eraikuntza-baimena eskatzeko prozedurakin batea in leike.",central
prem957,4.14 GAGASen arabera indako finantza-auditorietarako arau gehigarriya.,central
prem958,NHTSAko administratzaillian idazkariyak besten esku laga'u 32902 atalan arabera erregaia aurrezteko arauak emateko ahalmena.,central
prem959,"27 Zenbat ta haundiyo izan SCR instalaziyoa doitzeko bihar dian pieza galdatua, ordun da zaillaua.",central
prem960,"CVRko batzarkidiek erabaki zuen dirua maillegu bezela ematia, ez dirulaguntza bezela, baña danak ados eon tzian finantzaziyo-eskaerai buruzko botua ematian, Milne ta Ralphs bileratikan aldeindakuan.",central
prem961,Taldia hillero alkartze'a aldez aurretikan eztabaidautako eota inplementautako ekimenen egoera aztertzeko ta uaingo arazuak ta ekimen posibliak proposau ta eztabaidatzeko.,central
prem962,"61 Enpleatu federalek Gizarte Segurantzan programen babesa eukitzia dakae, esateako Gizarte Asegurua ta Medicare programana, asegurua dakaen gainontzeko biztanlien baldintza berietan.",central
prem963,Eranskin honetan daben datuak kuartil bateko ibilbide bakoitzeko 5 dijituko posta-kodian datu demografikuetan oinarrituta dabe.,central
prem964,"Jakiñekua da gaur eguneko diru-sarrerak aurreztia dala aktibuak pillatzeko ta iraganeko mailleguak bueltatzeko moua, baliyo garbiya haunditzen dalako.",central
prem965,"Leikena da etxe estandarretan helburuak abstraktuak izatia, baña aberastasuna haunditziak nabarmen eraite'u onura definituko pentsio-planen bidez bildutako aurrezkiyetan.",central
prem966,"Injenieritzako prototipuak (birtualak o produkziyuan adierazgarriyak, hasierako produktu fisikuak)",central
prem967,"Uain arte in dian reformek ondoriyo sakonak dazka gobernuan jardunian, antolatzeko mouan ta herrialdiai ta herritarrei eskeintze'ixkiyen zerbitzuetan.",central
prem968,"Horrela, 5 digituko posta-kode bea dakaen datu demografikuen batezbestekuak bi kuartilletako kopuru guztiyan arabera kalkulau leizke.",central
prem969,Baltimoren eztakae programa formalikan gaixo daben ta lana in ezin duen suhiltzaille ta paramedikuei laguntza ekonomikua emateko.,central
prem970,"Bihar dan bezela inplementauezkeo, informaziyo horrek bidaia in tzala bermatze'u.",central
prem971,"Berez, C-R erlaziyua aldatu in leike toki batetikan bestea (adibidez, populaziyuan sentikortasunian o PMan osaeran daben desberdintasunen ondoriyoz), baña normalian eztao lokalizaziyoako C-R funtziyo espezifikoikan.",central
prem972,"Bukatzeko, finantziaziyuan gaia landu nahi nuke.",central
prem973,Trukeikan gabeko trantsakziyuak - irabaziyak ta galerak,central
prem974,Zor-tituluak funts fiduziariyuen ta funts bereziyen aurretikan erretiratzia (txandakako funts fiduziariyuak izan ezik).,central
prem975,"Enpresa uaindikan berregituratzeko prest dao, negozio-biharrak etengabe aldatzen ai diala-ta haiek betetzeko.",central
prem976,"Prestatzeko injenieritzako ta kontratua negoziatzeko sei hillabetetikan zortzi hillabetea bitartean bihar badia're, 900 MWe-ko bi unitate osatzeko denbora guztiya 17 hillabetetikan 19 hillabetea bitartekua izango zan.",central
prem977,"Lendabizi, larrialdi-zentruak momentu hezigarri ezin hobia eskeintze'ye alkoholakin arazuak dazkaen pazientiei.",central
prem978,"Inskripziyua in ta hiru hillabetea, tokiyan tokiko ordezkariyek hornitzaille berri bakoitzan erreklamaziyuen lagin bat ebaluatze'ue, eztabaidatu biharreko gaiyikan ba ote daon ikusteko.",central
prem979,"Bestaldetikan, badabe beste ardura batzuk, esateako enpresa barruko informaziyuan teknolojian plangintza itia ta gainbegiratzia.",central
prem980,"Ikerketa-arlo hori nabarmentzeko ideiak meritu haundiya badaka're, operazionalizaziyua problematikua da.",central
prem981,"Trapezoide gurutzatua ongizate-galera bat da posta-zerbitzu hoien merkatuantzat, ezin dia-ta moitu.",central
prem982,Datuetan hutseiteko eskubidia.,central
prem983,"1989ko Posta Zenbaketa Nazionala 24 egunian in tzan, iraillan 5etikan urrian 2ra, ta 44.775 landa-ibilbide izan tzitun, guztira 46.197.",central
prem984,"A1 taulako estadistikek erakuste'uenez, kuartil errentagarriyenetako ibilbidiak batez beste diru-sarrera haundiyenak dazkaen etxien posta-kodietan ta heziketa-maila haundiyena dakaen helduenetan ite'ya.",central
prem985,Pertsona batzuek lekukotza eman tzuen atzerritarrek herrialdetikan aldeindakuan ordezkaritza bukatziaz.,central
prem986,"Aukera horren aurrian, baleike bezeruek herrialdetikan aldeiteko dakaen eskubidiai heltzia.",central
prem987,"1999yan, 2.100 famili-meiku inguru sarian bitartez sartu zian beaien feedback-txosteneta, ta HICk hobekuntzak in tzitun beste meiku batzuei feedbacka eskeintzeko.",central
prem988,"Ez al genuke telefono-dei bat hartuko, galdera bat erantzungo, adierazpen bat bertan behera lagako o ez al ginateke liburuteira jungo kasu bat aztertzea?",central
prem989,"Nabarmen in deu aurrea GAOn hobetu biharreko kontu askotan, ta ahalegiña iten jarraitu bihar deu.",central
prem990,Gertau leizken etenen adibide bat dia webgune publikuetan zerbitzuan kontra uain dala gitxi izandako erasuak.,central
prem991,Gitxiyena aitautako arrazoia barrruko nukleuai eusta izan tzan.,central
prem992,"Alkoholan kontsumuan gañian arazo batzuk dabe, baña konponbidiak'e eon leizke.",central
prem993,"Bestela, zuaz GAOren Interneteko hasierako orri honeta.",central
prem994,"Aitautako lau fasietako bakoitza iteko bihar dian epien estimaziyuetan oiñarrituta, errekuntza-unitate batian SCRa inplementatzeko aurreikusitako epia 21 hillabete inguru da.",central
prem995,Oposiziyoko abokatuei ta epaiteiyai o administraziyoko erakundiai biali biharko zitzaixkiyen jakinarazpenak.,central
prem996,Irabaziya o galera trukeikan gabeko irabazi o galera bezela kontabilizau bihar da.,central
prem997,23 Financial: CFO legian helburuak lortzeko funtsezko bultzada jarraitua,central
prem998,Heziketa juridiko komunitariyua LSCren onuradunek emate'uen zerbitzu funtsezkua da.,central
prem999,"Hala're, baieztatu leike larrialdi-zentroko bixita momentu hezigarri bezela erabiltzia eraginkorra izan leikela gehiyegi erate'uen pertsona osasuntsuentzat.",central
prem1000,Bistakua da AICPAn ajenda balorizaziyo- ta orientaziyo-ahalegin komertzialek bete'uela azkeneko urtietan.,central
prem1001,"Erakunde nausiyetan, uaindikan bilakaeran daben enpresa-prozesuak funtsezkoak dira ondo zehazteko nola egiturauko ta egokituko dian informaziyua kudeatzeko ardura hoiek, biharrak aldakorrak dianez hoiek betetzeko gai izateko.",central
prem1002,"Bitartian, New York Hiriko Tabernen Elkarteko talde bat ikaslien zorrai buruz eztabaidatzen ibili da sei hillabetian.",central
prem1003,"Eraginkortasuna neurtzian, perfekziyua lortzia ezinezkua da.",central
prem1004,"2000. urtian Hazmi'i ta Mihdharrei gela alkilau ziyen pixukidia itxuraz herritar zintzua da, legia errespetatze'uen hoietakua, ta aspalditik lagunak dazka udaltzainguan ta FBIko langillien artian.",central
prem1005,"Bosniako bidaiai buruzko informaziyua lortzeko, ikusi 2001eko urrian 3an Al-Qaedako kide saudiarabiarrai indako galdeketa, intelijentzi-zerbitzuan txostenian.",central
prem1006,"Janek Mihdharren billa zebilen New Yorkeko ajentiai eskau ziyon FISAn aitorpen-inprimaki bat sinatzeko, han ajentiak adierazita laga zezan ulertze'zula nola tratau bihar dan FISAn informaziyua.",central
prem1007,"Kontrolguneko miaketan, alegiya, pasau bihar izan tzuen segurtasun-geruza bakarrian, etzuen topau haiei buruzko ezer aipagarriyikan.",central
prem1008,Khalladek beste bersiyo bat eman du: hirurek alkarrekin bidaiauu zuela Karachira.,central
prem1009,"Moussaouiz aparte, KSMk Al-Qaedako bi langille hauek/hoiek identifikau zitun bigarren eraso-bolararako hautagai bezala: Abderraouf Jdey, ezizenak.",central
prem1010,"2002ko urrian 1ian Binalshibhi indako galdeketa, intelijentzi-zerbitzuan txostenian daona.",central
prem1011,Mihdharrek Estatu Batuetako beste bisa bat jaso zun CIA-FBIk New Yorken billera in da bi egunea.,central
prem1012,"Atxiloketan, KSMk ukatu in du Al-Qaedak ajenteak dazkala Kaliforniako hegoaldian.",central
prem1013,"Bi urtian ikertzen ibili arren, FBIk ezin izan tzun lankidia topau, ezta haren benetako identidadia zehaztu're.",central
prem1014,"American 11-n kasuan, hegazkiñan azkeneko komunikaziyo arrunta 8:13an jaso zan.",central
prem1015,"Haiek aurkiu ahal izateko, bihar-biharrezkua zan Alemaniako Gobernuak premiyaz laguntza handiya ematia, baña zailla zan horrekoikan lortzia.",central
prem1016,"Gaitasun/Ahalmen/Eskumen hoiek etzian nahikua, baña ezer gitxi in tzan haiek haunditzeko o berritzeko.",central
prem1017,"Analistan mezu elektronikuetan ikuste'anez, ordia, informaziyua konpartitziai buruzko lege-ohar ta legezko muga asko nahastutzen ai zala ajente kriminalek intelijentzi-kanalen bidez bildutako informaziyuai ematia dakaen erabilerak arautze'txuen xedapenekin.",central
prem1018,"Jendia eskailleretatikan ebakuatzen laguntzeko lana eman tziyen ajente batzuei; beste batzuei, berriz, plazan, bestibuluan ta PATH estaziyuaren ebakuaziyua azkartzekoa.",central
prem1019,"Egoera hortan'e, informaziyua OIPRren pantaillan bidez eman bihar izan tzuen murrizketengatikan.",central
prem1020,Iraillan 9yan albiste izugarriyak ailleau zian Afganistanetik.,central
prem1021,"Komunikatu eziña baldintza larriya izan tzan World Trade Center-en, Pentagonuan ta Somerset konderriyan (Pennsylvania), ajentzia ta jurisdikziyo asko ibili zian-da lanian.",central
prem1022,"Datu-base irikiyetan bilkaketak iñez lortu ahal izan tzituen gidariyan gidabaimena, kotxian rejistro-zenbakiya ta telefono-zenbakiyen zerrenda.",central
prem1023,"Transakziyo guztiya susmagarriya iruitu zitzaiola-ta, administratzaillia Hazmi ta Mihdharrengandikan urrutirau zan, baña haiei bihar tzuen laguntza eman da geo.",central
prem1024,FAAn aireko zirkulaziyuan kontrolai buruzko datuen batzorde-azterketa.,central
prem1025,"2003an, izendapen hoiek kendu in tzituen; nazioarteko terrorismuan gañeko gai guztiyek izen bea due uain: 315.",central
prem1026,"PAPDko ajente asko Hegoaldeko Torrea iyotzen ai zian; tartian, PAPDko larrialdi-zerbitzuetako unitatia.",central
prem1027,Hegoaldeko Torria eroitzen ikusi zun ajente horrek gertautakuan berri eman tziyen Iparraldeko Torrian zeben larrialdi-zerbitzuetako unitatiei bere ebakuaziyo-jarraibidietan.,central
prem1028,"Argindar-sorgailluak itxali in bihar izan tzituen segurtasuna bermatzeko, ta, horren ondoriyoz, igogailluek funtzionatziai laga ziyoen.",central
prem1029,"Egoera larriyo jartzen bada, baleike mehatxua aurre iteko billera bat antolatzia.",central
prem1030,Hezbolan goi-maillako operatibo bateko kide bat bahitzailliak Iranea eraman tzitun hegazkin berian jun tzan.,central
prem1031,"Emate'unez, Powell ta Rumsfeld idazkariyei'e eman diye gai horiei buruzko informaziyua DCIk.",central
prem1032,"Ixkutuko ekintzarako, Etxe Zuriya Zentro Antiterroristan ta CIAko Operaziyo Zuzendaritzan menpe zeon, jakiña.",central
prem1033,"Riaden zeola, Txetxenian jihada praktikatzen eon tzala esan tziyen anaiyei.",central
prem1034,"Gainontzeko unitatiei buruzko informaziyua lortzeko, ikusi New Yorkeko suhiltzaillien rejistruetan daon bialketa-txostena, ordenagailluz lagunduta indakua, 1377 alarma-kutxa, 2001eko iraillan 11, 09:42:45-09:47:05.",central
prem1035,Beste batzuk bidaiari espezifiko batzun garraiuari buruzkoak bakarrikan dia.,central
prem1036,Clarkek gitxiyenez bitan aitau ziyon Ricei –Segurtasun Nazionaleko aholkulariyai– leikena zala Al-Qaedako lo zeben zelulak eotia Estatu Batuetan.,central
prem1037,"Aldi berian, Saudi Arabiako gizartian Al-Qaedak dirua biltze'zuen zuzenean jendiangandik ta ongintzako erakundien bitartez.",central
prem1038,Ze gertatzen ai dan ikertzen ai gea.,central
prem1039,FBIk segurtasun- ta eskumen-arau zorrotzak bete bihar'txu bere langille finko ta kontratatuekiko.,central
prem1040,"FBIko ikertzailliek ondorioztau duenez, Al-Qaedak abiaziyuan trebatzea biderau zitun Phoenix aldian zeben muturreko beste musulman batzuk'e.",central
prem1041,"Mzoudik esate'u Marokora ezkontzea jun tzala, baña ezin izan tzula ezkondu, auto-ixtripu bat euki ta min hartu zulako.",central
prem1042,"Hirugarrena, Predator-en eraman bihar zuen Hellfire misilla etzeon prest.",central
prem1043,"Billerako liderrei etziyen eman PDBen berri, baña leikena da gai hori intelijentzi-zerbitzuan beste billera batian aitatu izana.",central
prem1044,Eztao adostasunikan Ashcroftek Pickarden mehatxu terroristan egoerai buruzko txostenetan zekan interesai buruz.,central
prem1045,"Langille hoiek etzeuden harrapauta, baña goiko pixuetako gehiyenek ez bezela, konpian ondoren seituan ez jeixtia erabaki zuen.",central
prem1046,"Estatu Batueta bueltautakuan, FBIko ajentiak Hagei billa jun zitzaixkiyon aireportua, galdekau in tzuen ta, hurrengo egunian, garai hartan Bin Laden ikertzen ai zan epaimahai federalan aurrea eraman tzuen.",central
prem1047,"Shakur, berez, Farid Hilali dala identifikau due Espaiñiako agintariyek.",central
prem1048,"Bi konpaiñiyei ta haien ekintzei buruzko informaziyua lortzeko, irakurri New Yorkeko suhiltzailliei indako 22. elkarrizketa, 28. batailloiyana (urtarrillan",central
prem1049,2004ko 23a) (Al-Qaedako lider ezaunen iya bi heren hil o harrapau in tzituen).,central
prem1050,"Mundu osuan aktibuak izozteko neurriya ezta bihar dan bezela aplikatu, ta errez saihestu da, askotan aste gitxin buruan, metodo sinplien bidez.",central
prem1051,"Bidaiariyen Izenen Rejistroko informaziyotikan hartu zan perfilla, ta etzitun aitzen, bestiak beste, raza, kredua, azalan koloria o jatorri nazionala.",central
prem1052,"Iraillan 11n ondoren, Motassadeqek Alemaniko agintariyen aurrian aitortu zun Shehhik eskatu ziyola haren ausentziya ixkutatzeko mouan kudeau zitzala gauzak.",central
prem1053,"Sutien kontrako alarman gañeko gorabeheren berri izateko, irakurri PANYNJri indako 10. elkarrizketa (2004ko ekaiñan 16kua) ta PANYNJri indako 7. elkarrizketa (2004ko ekaiñan 2kua).",central
prem1054,1991ko iraillan 9an ailleau zan Ajaj New Yorkera ta B-2 turista-bisa batekin sartu zan Estatu Batuetan.,central
prem1055,Ahal izanezkeo eraikiñetik ertentzeko gomendau ziyen 5 WTCtik Portuko Agintaritzan polizi-zerbitzura deitu zuen zibillei.,central
prem1056,"Iparraldeko Torreko solairuarteko zabalgunian inguruan jarri zian, ta A eta C eskailleretatikan zetozen zibillak eskaillera mekanikuetan behera biderau zituen ataira",central
prem1057,"FBIren txostena, 2001eko iraillan 18ko 93. hegaldiyan azaldu etzian bidaiariyak.",central
prem1058,"Ricek ta beste batzuek goguan due presidentiak nola esan tzun ""Euliyak akabatzen ibiltziaz asper-asper inda nao"".",central
prem1059,"Atzeautako bialketai buruzko informaziyua lortzeko, irakurri New Yorkeko suhiltzaillien registruetan daon bialketa-txostena, ordenagailluz lagunduta indakua, 8087 alarma-kutxa, 2001eko iraillan 11, 09:03:00-09:10:02.",central
prem1060,Mihdhar Estatu Batuetako bizitzaz kejatu zan.,central
prem1061,"Intelijentzi-zerbitzuan txostenean daon 1996ko Atef-en azterketa, hegazkiñak bahitzeko operaziyuei buruzkua, 2001eko iraillan 26kua.",central
prem1062,"Ballingerren ohartarazpenei buruzko informaziyua lortzeko, irakurri Ed Ballingerri indako elkarrizketa (2004ko apirillan 14kua).",central
prem1063,"Diputauek ekaiñan amaieran indako billeretan, Teneti agindu ziyoen ebaluatzeko ze aukera zeben talibanak Estatu Batuekin alkarlanian Al-Qaedan kontra aritzeko.",central
prem1064,"Gai batzuetan, alkarlanak hobea in du; beste batzuetan, berriz, okerrea.",central
prem1065,"Gure mugek ta gure immigraziyo-sistemak (legia betearazteko neurriyak barne), ongietorri-, tolerantzi- ta justizi-mezua biali bihar diye etorkiñen komunitatietako kidiei, bai Estatu Batuetan ta bai haien jatorrizko herrialdietan.",central
prem1066,CIAk maiatzan 16an eman tzun lehenbiziko aldiz Arabiar Emirerri Batueta indako deia berri.,central
prem1067,Finantza-merkatuak berriz ireki ta biharamunian argitarau zan adierazpen hori.,central
prem1068,"Bandar al Hazmik Arizona Aviation-en trebatzen jarraitu zun ta Saudi Arabiara bueltau zan tarteka, 2000ko urtarrillian Estatu Batuetatikan azkeneko aldiz atea zan arte.",central
prem1069,"Jakiteko biharretikan konpartitzeko biharrea pasatzeko arrazoiyei buruzko informaziyua lortzeko, ikusi James Steinbergen testigantza, 2003ko urrian 14kua.",central
prem1070,"Eskailleretan lanian ibili zan konpaiñia bakoitzian kapitain bat, teniente bat ta bost suhiltzaille ibili zian.",central
prem1071,"Sail hortan, gañea, Operation Infinite Resolve're bazeon (ebazpen infinituan operaziyua), Al-Qaedak Afganistanen zezkan helburuen kontra proposautako eraso-segida bat.",central
prem1072,"1998an, Clarkek ariketa bat zuzendu zun, konponbidia desegokiya zala ageriyan uzteko.",central
prem1073,TSAk hegazkintza urtian 3 milla milloi bideratze'txu azkeneko gerrai aurre iteko.,central
prem1074,Kontabilidade Bulego Nauusiyak armen historiya aztertu zun ta ezin izan tzun berretsi hori egiya danikan.,central
prem1075,Ajentziyek arrakasta neurtzeko gai izan bihar due.,central
prem1076,"Kanpamendua itxi ingo zala aitu ta geo, Kandaharretikan hurren zeon Faruqeko kanpamendua jun tzian bea ta beste batzuk, ta entrenamendu gehiyo jaso zuen han.",central
prem1077,Ajente asko bertarau zian zaurituta zaben zibillei laguntzea ta oinez ibiltzia zekatenei seituan aldeiteko eskatzea.,central
prem1078,"Zintzotasuna lortzeko ta pribatutasuna babesteko, elkarrizketatutako gehiyenak ez identifikatzia erabaki genun.",central
prem1079,"Normalian, irudimena ezta burokraziyekin lotzen.",central
prem1080,"Pakistanekin ta Saudi Arabiakin ajendak daoneko lepoaiño beteta zezkaen, ta Al-Qaeda ta terrorismua beste lehentasun bat gehiyo billakau zian.",central
prem1081,"FBIk Parisen dakan legezko ordezkariyan bulegua abuztuan 16an o 17yan jarri zan lehenbiziko aldiz harremanetan Frantziko gobernuakin, Minneapoliseko kasuan ajentiakin telefonoz hitzein da gitxira.",central
prem1082,"Fiskalan Buleguak o epailliak uko in tziyon, ta FISA auziteiyak atzea botatzia zekan FISAn epai-agindu bat emateko eskaera, ajentiak prozesu penalai ixkin iten saiatzen ai ziala argudiauta.",central
prem1083,"Jane, Dave ta FBIko analista bat –CIAko Bin Ladenen unitatian lanen jakiñan gañian zaona– New Yorkea jun tzian ekaiñan 11n, Cole kasuan lanian ai zian ajentiekin alkartzeko.",central
prem1084,"1996ko maiatzan hasieran, Bin Laden igual Sudandikan ateako zala jakiñarazi ziyoen CIAi.",central
prem1085,"Johnen ta Daven arteko trukiai buruzko informaziyua lortzeko, ikusi CIAn mezu elektronikuak, Daven ta Johnen artekuak, 2001eko maiatzan 17, 18 ta 24kuak; CIAn mezu elektronikuak, Richarden ta Alanen artekuak, Khalladen identifikaziyua, 2001eko uztaillan 13kua.",central
prem1086,"Pakistango azken hartzailliak hawaladar pakistandarrana joko zun geo bere dirua jasotzea, ta rupiatan emango ziyon harek, hawaladar pakistandarrak eskura zekan eozein diruna.",central
prem1087,"Kolpian ondoriyoz, asko hil in tzian, o larri zauritu; beste batzuk, berriz, iya bate miñikan gabe atea zian.",central
prem1088,Sutan zeben pixuetako batzuk momentu hartan sua itxaltzeko eskura genezkan indarrak gainditze'zituen.,central
prem1089,"Danak erabillita, ezteu sistemako puntu bakarran menpe eon bihar lan guztiya iteko.",central
prem1090,"KSMk Al-Qaedai emandako laguntzai buruzko informaziyua lortzeko, ikusi KSMri indako galdeketak, intelijentzi-zerbitzuan txostenetan dabenak, 2003ko uztaillan 12kuak (bi txosten).",central
prem1091,"Washingtongo Zentroko kontrolatzailliak hegaldiyan billa zebiltzan, baña iñork etziyen esan radar primariyuetan billatzeko.",central
prem1092,"Izen hoiek Thailandiako agintariyen zaintza-zerrendetan zeben, ta beraz, uaindikan ezin deu ulertu zeatikan etzuen lenuo eman horren berri.",central
prem1093,"Bushen Etxe Zuriko mailla haundiyeneko langillietako bat Condoleezza Rice zan, segurtasun nazionalan aholkulariya; George H.W.-n administraziyuan NSCko kide're izan zan.",central
prem1094,"Ataiyan ipar-mendebaldeko ixkiñan zeben leihuak, West Street aldea emate'zuenak, lurretik sabairaiñokuak zian ta guztiz lehertu zian.",central
prem1095,Mugan bi aldietan aliatuak zezkala jakin tzan.,central
prem1096,Beiruteko ta Irango Hezbolako ajentiak talde bat noiz ailleatuko zai zeben garai hartan.,central
prem1097,Terroristek identitate faltsuak erabiltze'txue zaintza-zerrenden bidez harrapatuak ez izateko.,central
prem1098,New Yorkeko suhiltzaillien ta poliziyan arteko koordinaziyo ezak iraillan 11n eragin katastrofikua izan ote zun eztabaidatu izan da.,central
prem1099,"Nitrozelulosaz hornitutako txalekuak bialita karga-hegazkiñak bonbardatzeko KSMren proposamen gehigarriyai dagokiyonez, KSMk esan du Bin Ladenek operaziyua aldatzeko interesa agertu zula, operaziyo suizida baten alde.",central
prem1100,"New Yorkeko poliziyan helikopteruak hiri osoko SOD kanala erabiltzen ai zian, ta kanal hori monitorizatzen jarraitze'zun bitartian, larrialdi-zerbitzuetako unitatiak torrieta bialtzeko erabiltzen ai zan puntuz puntuko kanal taktikoa're monitorizatu zun.",central
prem1101,"Portuko Agintaritzako langille zibil batzuk goiko pixuetan gerau zian, harrapauta zeben zibillei laguntza emateko ta ebakuaziyuan laguntzeko.",central
prem1102,"Iraillan 11ko ebakuaziyo-laguntzetako, ikusi, adibidez, zibillei indako 14. elkarrizketa (apirillan",central
prem1103,"Hazmi'i lehenbiziko aldiz maillegu baten eskaera ukau ondoren, administratzailliak bere banku-kontua erabiltzeko baimena eman tziyon, 5.000 dolarreko transferentziya jaso zezan.",central
prem1104,"Etxeu elkarrizketau ezautze'txeun pertsona guztiyak, ta etxeu topau artikulu o agiri inportante guztiyek'e.",central
prem1105,Kongresuak intelijentzi-zerbitzua ta terrorismuan kontrako borroka gainbegiratzia disfuntzionala da uain.,central
prem1106,"Las Vegasek turistak besuak zabalikan hartzeko dakan famaz aparte, ezteu ikusi ebidentzi sinesgarriyik esplikatze'una operatibuak, bai uainguan ta bai beste batzuetan, zeatikan alkartu zian Las Vegasen.",central
prem1107,Ramzi Yousefekin alkartutako terrorista independientetzat hartu zuen KSM batez'e; 1996ko urtarrillian Manilako hegazkin-atentatuan parte hartzeatikan auzipetu zuen hura.,central
prem1108,"Helikopteroan ta pilotuan sinixgarritasunan gañekuetarako, ikusi New Yorkeko poliziyai indako 12. elkarrizketa, Abiaziyua (martxoan",central
prem1109,"Egiya esan, New Yorkeko suhiltzailliak etzian ardurau hiriyak larrialdiyai emandako erantzuna kudeatziaz, alkatian zuzentarauak hala eskatu arren.",central
prem1110,Bin Ladenek ta Al-Qaedak bultzautako terrorismuak etzekan ze ikusikan gobernuak ordurarte ezaututakoekin.,central
prem1111,"Talibanak tokiz aldatzeko esperantza guztiyak galdu zituenez, errejimenan kontra zebenai ixkutuko laguntza emateai buruzko eztabaida berriz'e piztu zan.",central
prem1112,"Dubai pasabide ezin hobia zan; hiri modernua zanez, errez lortzia zeben aireportu inportante bat, bidai-ajentziak, hotelak ta mendebaldeko merkataritza-establezimenduak.",central
prem1113,"Poliziyak tiro in tziyon gizonai, ta geo bere buruaz beste in tzun hegazkiñian, uaindikan aireportuan lur hartuta zebela.",central
prem1114,"Gaur egunian KSM eta Al-Qaeda errez lotze'txeu, baña iraillan 11a baño len etzan hori gertatzen.",central
prem1115,"Agintariyak Pakistanen'e jarri zuen arreta, ta talibanak Al-Qaedan kontra jartzeko zer itia zekaen aztertu zuen.",central
prem1116,"Azkenian, Paul O'Neill Ogasun Sailleko idazkariyai eskau ziyon Al-Qaedan finantziaziyua helburu zekan plan bat iteko, haren aktibuak enbargatzeko.",central
prem1117,"Haznawi (93. hegaldiya) ta Wail al Shehri (11. hegaldiya) 2001eko ekaiñan 8yan iritzi zian Miamira Londresetikan, aurreko hiruen ibilbide bea inda.",central
prem1118,"Terrorismoan kontrako borrokan, bereizketa hoiek geo ta artifizialaguak emate'ue.",central
prem1119,"Iturriyak esan tzunez, Bin Ladenek leherkariyen fabrikaziyuan aditua zan baten laguntza eskau ta jaso zun. Aditu hura 1996ko iraillerarte eon tzan bertan trebakuntza ematen, ta Estatu Batuek orduntxe jaso zuen informaziyua.",central
prem1120,Atxilotuak Slahiren billera 1999ko urrian in tzala esan tzun.,central
prem1121,"Attak Txekiar Errepublika in tzun bidaiai buruzko informaziyua lortzeko, ikusi ibid.",central
prem1122,"Maiatzian o ekaiñian, Clarkek terrorismuan kontrako zeregiñetatikan zibersegurtasunan inguruko ardura berriyeta aldatzeko eskau zun.",central
prem1123,"Bi egun geruo, Ahmed al Ghamdi ta Abdul Aziz al Omari, New Jerseyn Hazmikin ta Hanjourrekin bizi izan tzianak, Miamia bueltau zian, seguru asko lau bahiketa-taldiak azkenian aukerau zituela esanez.",central
prem1124,"Gates txosteneko gomendiyuen berri izateko, irakurri ikerketa kriminalen dibisiyoko lantaldian txostena; intelijentzi-zerbitzuan ohartarazpenen hobekuntza, 1992ko maiatzan 29kua.",central
prem1125,"Hegazkiñak torriak jo ta geo etzian jeitxi, eraikiñeko hiru eskaillerak hondauta zebelako o aurrea itia galazte'ziyen oztopuak zebelako.",central
prem1126,Haien eskakizunak askoz'e apalauak dia tamaiñai ta konplexutasunai dagokiyenez.,central
prem1127,"Eztet usten aintzatestia hain inportantia danikan, talibana CNNn aurrian kixkalitako Predator batetikan ertentzen ikusteak sortze'un interesak programa pikuta juteko arrixkuan lagatzen badu, idatzi zun.",central
prem1128,"Geoa, Bush presidentiak goraipau in tzun proposamen hori, bere pentsamoldian inflekzio-puntu bat izan tzala esanez.",central
prem1129,"Eraikuntzako langillien eskutik eraikuntza-sistemen egoera ezautziai buruzko informaziyua lortzeko, ikusi New Yorkeko suhiltzaillien buruai indako 4. elkarrizketa (urtarrillan",central
prem1130,"Ondorengo identifikaziyuei buruzko informaziyua lortzeko, ikusi CIAn telegrama, KSMn segimendu-iturriya, 2001eko uztaillan 11kua.",central
prem1131,"Otsaillan 4rako, Hazmi ta Mihdhar San Diegoa iritxi zian Los Angelesetikan; seguru asko, Mohdar Abdullah-k in tzitun gidari-lanak.",central
prem1132,Eragozpen bat zan Justizi Sailleko kidiak ezin tziala proposautako reforma guztiyetan ados jarri.,central
prem1133,"FBIn ikerketa-txostena, Jennifer Stangelen elkarrizketa, 2001eko iraillan 14kua.",central
prem1134,"Iraillan 11 baño len, AEBko gobernuko ajentzi batek'e etzun sistematikoki aztertu terroristen bidaiatzeko estratejiyikan.",central
prem1135,"Ikusi KSMri indako galdeketak, intelijentzi-zerbitzuan txostenetan dabenak, 2003ko uztaillan 1ekua; 2003ko iraillan 5ekua.",central
prem1136,Etzan iñoiz eon eztabaidagai formalikan erakundien artean.,central
prem1137,3. Deia C terminaleko telefono publiko batetikan in tzan (kontrolgunian ta United 175en hegazkineratzeko atian artian zeon).,central
prem1138,"Leherketak sei lagun hil zitun, 1.000 bat gehiyo zauritu, ta ageriyan utzi zun World Trade Center ta hiriya etzebela larrialdi-egoerei erantzuteko ondo prestauta.",central
prem1139,"Estatubatuarrek'e nola in pentsau biharko zuen, beaien gobernua beste mou batea antolau.",central
prem1140,Toki hoiek guztiyak Atlantatikan hurre dabe.,central
prem1141,"Hotelen antolakuntzai buruzko informaziyua lortzeko, irakurri Khalladi indako galdeketa, intelijentzi-zerbitzuan txostenetan dapna, urtarrillan",central
prem1142,"Aurreo, CIAk ebaluaziyo formalauak aurkeztu zixkiyon Etxe Zuriyai, ta ondoriyo hori berretsi zun.",central
prem1143,43 Tommy Franks Aginte Nausiko (CENTCOM) komandante nausiyak esan tzigun presidentia etzeola gustoa.,central
prem1144,Pertsonak erre izana'e aitatze'zan elkarrizketan.,central
prem1145,"10:45ian, Defcon 3a atzeatzeko esan tziyen hizlariyei, baña minutu bat geruo atzea bota zuen agindu hori.",central
prem1146,"Ondorioztau zuen bidaiai bakar bat'e etzeola iraillan 11ko erasuekin lotuta, ta ordutikan eztue topau ondoriyo hori aldatze'un frogaikan.",central
prem1147,"Hala're, hurrengo egunian kalerautako aurrekontuan arma-delituak, drogen trafikua ta eskubide zibilak nabarmendu zituen lehentasun bezela.",central
prem1148,Mehatxua etzian lo zeben zelulak.,central
prem1149,"Connecticuten, New Yorken ta New Jerseyn bizi izan tzan Rababah, ta ikertzailliei esan tziyen Patersonen (New Jersey) finkatzia gomendau ziyela Hazmiyi ta Hanjourrei, komunitate hartan arabieraz hitzeite'zuelako.",central
prem1150,Esan digue Pickardek ta Ashcroftek etzuela harreman ona.,central
prem1151,"Egun hartan bertan, ikuskatzailliak intelijentzi-zerbitzuko ajente batena biali zun burua, intelijentzi-kasu bat iriki zezan; horrela, ajente bat eukiko zuen bestaldian, ta FBIko intelijentzi-zerbitzuan informaziyua etzuen fiskalekin konpartiu biharko.",central
prem1152,"Nausiyan ta enpresen etorrerai buruzko informaziyua lortzeko, ikusi Jules Naudet eta Gedeon Naudet, bideua, 2001eko iraillan 11kua; New Yorkeko suhiltzaillien buruai indako 4. elkarrizketa (urtarrillan",central
prem1153,"PAPDko ajente asko gunian beheko pixuetan zeben. Batzuek ebakuaziyuan laguntze'zuen, beste batzuek 5 WTCko PAPDren kontrol-puntua kudeatze'zuen, o ataiko aginte-postuetan lagundu.",central
prem1154,"Bere aholkulariyek Estatu Batuetan zelula bat zeola esan izan baliyoe, zelula hartaz ardurauko zala esan tzun.",central
prem1155,FBIko ikertzaille batzuek zalantzan jarri zuen Rababahren istoriyua.,central
prem1156,"Adibidez, alkatiak ta polizi-komisariyuak New Yorkeko suhiltzaillien buruai kontsultau'ziyoen 9:20ak aldea.",central
prem1157,"Gihar-lanak in bihar zituen 15 bahitzaileak, bi izan ezik, turista bezela onartu zituen, ta, horrei esker, sei hillabeteko egonaldiya in ahal izan tzuen Estatu Batuetan (Mihdharren kasuan izan ezik, harei lau hillabeteko baimena eman tziyoen-ta).",central
prem1158,"Pasaporte garbiyak ta kaltetutako bi pasaportiak eskuratziai buruzko informaziyua lortzeko, irakurri KSMi indako galdeketak, intelijentzi-zerbitzuan txostenetan dabenak, 2003ko uztaillan 3kua ta 2003ko iraillan 9kua.",central
prem1159,Hotelan alkartu zan gainontzeko taldekidiekin.,central
prem1160,"Baita're esan du Attak zentral nuklear bat'e bazekala helburuen hasierako zerrendan, baña Bin Ladenek asmo hori alde batea lagatzia erabaki zula.",central
prem1161,"Onartze'eu zailla izango zala NORADen defentsa-jarreran hain aldaketa garestiya itia bahitzaille suiziden arrixkuari aurre iteko, halako mehatxuikan bazeonikan'e jakin gabe.",central
prem1162,"KSMk Binalshibhi jarraibidiak eman ahal izan dizkiyo harek Moussaouiri dirua bialtzeko, Moussaoui Jarrahren ordezko piloto bezela prestatzen laguntzeko.",central
prem1163,Thumairyk ukatu in du horrelako diziplina-neurriyak hartu izana.,central
prem1164,"Hainbat rejistro ofizial aztertziaz aparte, Irakeko enbajadatikan kanpoa hartutako zaintza-argazkiyak'e berrikusi zitun Txekiako Gobernuak.",central
prem1165,"Yousefek Pakistanea irestia lortu zun, baña haren konplizia, Murad –KSMn esanetan operaziyua finantziatzeko 3.000 $-ekin Yousefena biali zuna–, atxilou in tzuen, eta planan detailliak eman tzitun galdeketa in tziyoenian.",central
prem1166,"Estatu Batuok geure burua mundu islamikuan aurrian definitzeko mou oldarkorrian jokatze'ezpadeu, estremistek gogoz ingo'ue hala gure partez.",central
prem1167,"NCTCko buruak intelijentzi-zerbitzu nazionaleko zuzendariordien maillako kargu bat euki biharko zun, adibidez 2. maillako zuzendari ejekutibua, baña haren karguak beste izen bat daka.",central
prem1168,"Binalshibhen ustez, Jarrahk familiyai ite'zixkiyon bixitak ziala-ta sortu zian neurri batian desadostasunak.",central
prem1169,"Ekonomia arrakastatsuak sektore pribatu dinamikuen menpe dabe, ta hoien nahia gobernuak danan gañian dakan boteria murriztia da.",central
prem1170,"Askontzat, aktoriek lana iteko toki onenetako bat da Indianapolis.",central
prem1171,"Egunian 24 orduz ta astian 7 egunez emate'deu telefono bidezko laguntza, prebentziyoako informaziyo-baliabidien zentroan bidez ta gurasuentzako arreta-zenbakiyan bidez.",central
prem1172,Ze kaja hoiek bilduta jarraituko'ue beste opari guztiyak iriki ta geo're.,central
prem1173,"Preziyo merkiak eukitzen jarraitzeko, zuena jo bihar deu, gure ikusliana, helburu hori lortzen laguntzeko guri, ekarpen txiki bat inda.",central
prem1174,"00n laguntzai esker, Indianapolis inguruko iya 400 umei orientaziyua, indarra ta dibertsiyua eskeini ahal izan geniyen.",central
prem1175,"Hasieran, pertsonek 1.000 $ o gehiyoko donaziyo bat itia dakae Kantzelariyan Zirkuluan sartzeko, o 500 $ o gehiyoko donaziyo bat Kantzelariyen bazkide izateko.",central
prem1176,"Gure pediatrak jaiotzatiko gaitzak, umien minbiziyak, odoleko nahasmenduak ta hezur-muina transplantatzeko teknikak aztertzen ai dia, eta gure ikerketa medikoak ta genetika molekularrekuak misteriyo genetikuak argitzen jarraitze'u.",central
prem1177,"Uain donaziyuak inda, urtian bukaeran onura fiskal gehiyo eukiko'txozu.",central
prem1178,"Dakizuen bezela, zuzenbideko fakultatiai urtian 1.000 $ o gehiyoko ekarpenak ite'ixkiyen lagun ta ikasle ohiak dia talde hontako kidiak.",central
prem1179,"5Oeko hamarkadan hazitako umia naiz, ta herri-antzerkiyeta jun izan nitzanekua da neretzat oroitzapen zoriontsuenetako bat.",central
prem1180,Gutun hau jasotze'un bakoitzak 18 $ emango balitu.,central
prem1181,"Erreza da: bereizi beheko aldia, markau zuri dagokizun aukera, in aldaketak zure helbidian ta biali, erantsita daon gutun-azalian.",central
prem1182,Uaindikan 200.000 dolar baño gehiyo bildu bihar'txeu zu bezelako harpidedun ta emaillietatikan.,central
prem1183,Erizaintzako fakultatiak zuen donaziyo eskuzabalak bihar'txu bere hezkuntza-bikaintasunai eusteko.,central
prem1184,Parte-hartzaillien % 80k esan due gatazkak konpontzeko trebetasun haundiyo lortu duela.,central
prem1185,"Mesedez, etzaite jun donaziyo-emaille ohien zerrenda.",central
prem1186,Ordenagaillu bat ta modem bat dakan eozeinek sartzia daka gure eremuan.,central
prem1187,"Futures for Children erakundian parte hartzeko, bi aukera dazkazu: Estatu Batuetan ume indijena bat babesian hartzia, o Kidien Zirkuluan sartu ta gure komunitateko hezkuntza-proiektuetan laguntzia.",central
prem1188,"Beraz, Filantropia Zentroko ohorezko bazkide izatea gonbidau nahi zaitut gaur, atsegin haundiz.",central
prem1189,Sarreren salmenta ta harpidetzak eztia nahikua gure denboraldi osua finantzatzeko.,central
prem1190,"Zuzenbideko fakultatiak bihar hauek dazka: ordenagaillu gehiyo erosi, gure gezurrezko epaimahaikidien bidaia-gastuak ordaindu, areto grixa berritu, liburuteirako bihar dian erreferentziazko materialak erosi…",central
prem1191,DONAZIYO BERRIYAK! DAN-DANAK DIA LAGUNGARRIYAK!,central
prem1192,Bide luzia dakau iteko zu bezelako lagun ta harpidedunen laguntzakin 365.000 dolarren helburua lortu aurretik.,central
prem1193,"Gure Medikuntza Orokorreko Klinikak urte asko daramatza lanian ta, duela gitxi, Defentsa Penaleko Klinika bat gehitu deu.",central
prem1194,Sarreretatik lortutako irabaziyak eztia nahikua programa hoien kostua estaltzeko.,central
prem1195,Audubon Elkarte Nazionaleko kidetzan onura nausiyak eztu berehalako ezer nabariyik ematen trukian.,central
prem1196,"Zehaztu erakundia (halakoik badao), helbidia, hiriya, estatua ta posta-kodia",central
prem1197,Linda Hardwick Garapeneko zuzendariya,central
prem1198,IRTkin aspalditikan dakat maitasun-harremana // IRTkin dakaten maitasun-harremana aspaldikua da.,central
prem1199,"Pertsonak inguruko naturakin lotzian bidezko hezkuntza ta ikaskuntza sustatze'txu erakundiak, ta horreatikan, etorkizunian arrakasta izaten segitzeko aktiboki prestatzen ai da elkartia.",central
prem1200,"Barne Zirkuluko kide izanda, batzarretan exerleku hautatuak izango'txozu, ta aste osuan afaitako, harreretako ta jardueretako gonbidapen bereziyak.",central
prem1201,"1991rako hitza eman o lagundu baezu, bijuakizu nire esker ona ta zuzenbide-eskolako administraziyuana ta fakultatiana.",central
prem1202,"IUPUIko unibertsitate-liburutegiyei laguntzeko konpromisua berritzeko eskatu nahi'izut, ta ekarpena haunditzeko're bai.",central
prem1203,"Jantzia Brigitte Doth-ek, Jade Stice-k ta Penny Laimanak in due.",central
prem1204,"Kodia irakurtzian ikusten dan bezela, lagun, uaindikan'e zerga-abantailla federal ta nazional asko dabe ongintzazko ekarpenak iteko.",central
prem1205,Baña zuzenbideko eskolen artian lehiya haundiya dao ikasle onenak ta argiyenak erakartzeko.,central
prem1206,Gizarte Osasunan Elkarteko hezitzaille graduatuek aurkezpenak ite'txue hiru eskolatan.,central
prem1207,"Iaz, Museuak erabiltzeko aurrekontuan % 17 emaille leiyalen ekarpenetatikan lortu zun.",central
prem1208,"Beste ikasle batzuena ailleauta, bestela ezin izaten da-ta haiena ailleau, eskolan bidez o beste erakunde komunitariyo batzun bidez.",central
prem1209,"Kanpaiña babesteko 100 dolar o gehiyo eman'txozunez, eskerrak eman nahi'ixkizeu, ta zu ta lagun bat harrera-festa berezi batea gonbidauta zabete. 2000ko martxuan 23an izango'a, ostegunez, 17:30etikan 20eta, Herron Hall-en.",central
prem1210,Helburua lortuko deu. /// Lortuko deu helburua.,central
prem1211,"Cassie, Corey, Rachel, Isaiah, Kelly ta Kyle izenak ipiñiko'ya kajetan, ta baita're aurten hil dian Columbine ikastetxeko bigarren hezkuntzako beste ikaslian izenak.",central
prem1212,"IUPUIko unibertsitate-liburutegiyetan zure espektatibak betetzeko mouko bildumak eon ahal izateko, ta bihar dezuna lortu ta zerbitzu egokiyak jaso ahal izateko, lagunak ta bazkideak bihar'txeu, bai Unibertsitatian barruan ta bai komunitatian, estatuan ta naziyo osuan.",central
prem1213,"Askoz'e helburu gehiyo dazkau lortu zai, ta lan hortan laguntzeko, etzait bazkide korporatibo hobeikan bururatzen.",central
prem1214,"Eztu inporta literaturako gai bat dan, o giza zientziyetako kontu bat o historiako pertsona inportante bat; antzezlan guzti-guztiyak ikasgelako curriculumakin ziharo bat datoz.",central
prem1215,"Gerald L. Bepko, United Way of Central Indiana entitatian 1995eko kanpaiñan burua.",central
prem1216,"Ikaslientzat, aholkulari, zaintzaille, kapillau, osaba ta benetako laguna izan tzan.",central
prem1217,"Hobeto lagundu ahal izateko, biali zuri buruzko informazio gehiyo idatziz, faxez o e-postaz.",central
prem1218,"ikastalde txikiyauak, teknolojian erabilera) ta ikasliei laguntzeko espaziyo falta aspalditikan (armayuak, otorduen zerbitzua, ikaslien erakundientzako buleguak).",central
prem1219,"Clinton Birthplace Fundaziyua 501 (c) (3) ezta erakunde politiko bat; irabazi-asmoik gabia da, ta zuen ekarpenak bihar'txu.",central
prem1220,Clinton Birthplace Fundaziyuak 10 dolar bakarrikan paauta bazkide osuen pribilejioak izateko aukera emate'u.,central
prem1221,"Indianako Unibertsitateko Medikuntza Eskolan 90. urtemuga ospatzen ai gean hontan, konturatze'gea zenbat zor diyeun ameslariyei ta haien ametsei.",central
prem1222,"Inner Circle taldeko kide zeanez, tribunako exerleku onenetako batzuk eukiko'txozu demokraziyan munduko ospakizun haundiyenian: AEBko 52. presidentian legegintzaldiyan inauguraziyua.",central
prem1223,Eskerrik asko zure arretagatikan. Aurtengo kanpaiñan parte hartzia espero dut.,central
prem1224,"Wanda, beste eozein ama bezela, nolako aukera berriyak sortzia dazkazun konturau da, ta jakin biharrekua dan gauza zoragarriya dala esan du.",central
prem1225,"Gure emanaldiyeta etortze'yan umiak aurretikan prestatze'ya antzerkiko esperientziyako, ikasgelako curriculuman bidez.",central
prem1226,Urteko garai hau zoragarriya da istoriyuak kontatzeko.,central
prem1227,Azaruan biali genizkizuen gutunetan Boys & Girls Clubi buruzko istoriyo baten berri eman nahi genizuen. Gure komunitateko ume ta gaztientzat toki zoragarri ta positibua da hura.,central
prem1228,"Zori onan senak lagunduta, gure zuzenbide-eskolak sekula euki'un dekano maitatuena bihurtu zan.",central
prem1229,"Honekin batea, erantzun-txartel bat ta gutun-azal bat bialtze'ixkizeu, 1994. urtia IUri donaziyo bat inez hasiko'ezulakoan.",central
prem1230,Etxozu hurrengo ekitaldiyak galdu nahiko.,central
prem1231,Zuri ta beste lagun eskuzabal batzuei esker gainontzeko % 38a lortuko deulako konfiantza osua dakau.,central
prem1232,Museuan Urteko Kanpaiña Operatibua babestia lagungarriya da bildumara lan inportantiak ekartzeko ta komunitate osuantzako erakusketa bereziyak antolatzeko.,central
prem1233,"Zure inplikaziyuai esker, umiei herritar hobiak izaten laguntzia dakau; adibidez, orrialde hontako ume txiki honei.",central
prem1234,Alfonbra zoragarri hontako hariyen hamahiru koloriak naziyo hontako jatorrizko hamahiru koloniak dia.,central
prem1235,"Emaille hauek/hoiek kantzillerrai zuzenian lagunduko'yoe irakasle, ikasle ta langillien berehalako biharrak betetzen.",central
prem1236,... orientaziyo espirituala ta adoria.,central
prem1237,"Zerga-ekitaldi berriya defizitakin hasten badeu, aurtengoa sekulako erronka izango'a.",central
prem1238,"Rock-and-rolla ziztuan zijuan, VETTE Candy Apple baten pare, baña FOREVER PLAIDek bere musikan sinixte'zun.",central
prem1239,"Uain badakizu narraziyua, poesia, kantak ta antzerkiya ze inportantiak dian enpatia, errukiya ta irudimena sustatzeko.",central
prem1240,"Jabiak animaliyan billa etortze'eztianian, Human Society elkartiak animaliya hoiei laguntzeko zerbitzu asko erabiltze'txu, bizitza zoriontsua izan dezaten.",central
prem1241,00 Sei urte baño gitxiyo: ibillaldiya doan. Tarifa militarra: 3 dolar.,central
prem1242,"Haiekin hitzeiten gozatzia espero deu, baña donaziyua bueltatzeko gutun-azalian gaur bertan bialtzen badezu, IRTk administraziyo-gastuetan dirua aurreztuko'u.",central
prem1243,"Uain dala 40 urte, ikasle batek, Betty Groh Tower-ek, rejistro medikoak kudeatzeko ikastaruan izena eman tzun. Gure lehenbiziko graduaua bihurtu zan.",central
prem1244,"Liburuteiyai ekarpena in'yozunez, Citywide Friends elkarteko kide bihurtuko zea.",central
prem1245,Abenduan 11n billauko'izut!,central
prem1246,"William Lowe Bryan Indianako Unibertsitateko presidentia izan tzan. Haren ametsa oiñarri zabaleko unibertsitate bat zan, ta, hala, Indianako Unibertsitateko Medikuntza Eskola sortu zun, 1903an.",central
prem1247,"Zure babesa IRTn konpromiso-programen mesedeako da zuzenian, ta donaziyuen diruakin parekatzen laguntze'u.",central
prem1248,Uain ohiko AZKEN DEIA dator!,central
prem1249,"Funtsezkua da AEBko herritarrei erakustia filantropia ze inportantia dan, lider ondo informatuen ta konprometituen belaunaldi berri bat garatzeko.",central
prem1250,"Ikuskizuna itia K-12ko 6.500 ikasle baño gehiyon aurrian, estatuko profesionalen batzarretan, Pan-Am Media Event ekitaldi batian ta AEBn aurrian.",central
prem1251,"Indianako lege fiskalan eskuzabaltasuna dala-ta, Unibertsitatiai 200 dolar arteko eozein diru-kopuru emanezkeo, kopuru horren erdiya baño etzaizu kostauko, aitorpen fiskal federalian erreklamatze'zun kenkariya kenduta.",central
prem1252,Gutun honen bidez jakinarazi nahi'izeu denboraldi hontan arrakastan bat lortu badeu'e uaindikan zure laguntza bihar deula gure kudeaketa fiskal senduakin ta antzerki-ekoizpen biziyekin jarraitu ahal izateko.,central
prem1253,"Iaz, New Yorkeko estatuko 48.000 ume baño gehiyo gaixki tratau ta mou desegokiyan zaitu'zituen: zauriu in tzituen, bortxau, tratu txar emozionalak jasanarazi zixkiyen, ta arreta ta gainbegiratze egokiyak ukau.",central
prem1254,Ta 85 urte baño gehiyo gabiltza hortan.,central
prem1255,"Bihotzeko gaixotasunen ondoriyo suntsitzailleetako bat bihotz-muskuluan sortze'an kaltia da, ezin konpontzekua.",central
prem1256,Gaur eskatze'izuet IRTi donaziyua iteko ta 26 urtian in duen lan zoragarriyakin aurrea iten laguntzeko.,central
prem1257,Espero det bikaintasunan tradiziyo olinpikuakin jarraitzen lagunduko'iguzula.,central
prem1258,"1914azkeoztikan, Civic-ek bere berezitasunai eutsi'yo, leial jardun du-ta.",central
prem1259,… zerren parte izaten ta ze babesten eongo zinake harro?,central
prem1260,… naturai buruz idazte'uen munduko adeitsuenak ta motibatzaillienak.,central
prem1261,"Hamen funtsak bihar dira hasierako kapital bezela erabiltzeko, batez'e eskolako autobabesa izan biharko zuen proiektuak jartzen ai gean bitartean.",central
prem1262,"Bistakua da IMAk munduko arte-bilduma iraunkorra sortzeko dakan konpromisua, txintxikatzeko 75 paper-biribilki raro ta pantailla tolesgarri erosi zitun-ta abenduan.",central
prem1263,"Zoritxarrez, AEBko herritar guztiyek eztakae filantropian inportantziyai buruz guk dakaun ikuspegiya.",central
prem1264,Zure berri laixter jakitia espero det.,central
prem1265,"Nussbaum-eko kide zean neurriyan, galtzeko zoriyan daben animaliyak ta haien bizitokiyak salbatzen lagundu'iguzu.",central
prem1266,"Urtero, uztaillian, gure estatuko ondaria ospatze'eu elkartian Hoosier historia-jaialdiyan.",central
prem1267,Gure unibertsitate-ospitaliek ta ikerketa-programek eztue estatuan laguntzaikan jasotzen.,central
prem1268,"Beste galderaikan badakazu, mesedez, deitu kidientzako zerbitzuen koordinatzaille Chris Youngi, telefono-zenbaki honta: (800) 877-6773.",central
prem1269,"Iaz, gure ikasle ohien % 20k bakarrikan in tzion donaziyua eskolai; 1990ian, berriz, % 14k.",central
prem1270,"Citywide Friends of the Free Library elkarteko kide zeanez, hiru hillian behin berripapera jasoko'zu, liburuteiko gertaerei ta lege-kontuei buruzko informaziyua eukitzeko.",central
prem1271,"Honekin batera, berriz'e, kide iteko formulayua ta erantzun komertzialeko gutun-azala bialtze'ixkizeu.",central
prem1272,"Halaxe da, baita're, beste Hoosier ezaun batzukin; adibidez, James Whitcomb Riley, Eugene V. Debs ta Madam C.J.",central
prem1273,"Hementxe uain arteko emaitzak: 5.615, emaille eztian ikasle ohiak, 81, % 1,4; donaziyo haundiyena izan tzan. Ta 2.840 dolar; txikiyena, 5 dolarrekua.",central
prem1274,"Inbertsiyo horren ondoriyoz, 60 etxebizitza berritu ta saldu zaixkiye baliabide apaleko erosliei, ta kalitate oneko 100 apartamentu zaharberritu'ya, arrazoizko preziyuan saltzeko.",central
prem1275,Ta hori da IRTn Hezkuntza Programen tresna zoragarriya. Egunerokuan erabiltzeko ta bizirik irauteko mouko tresnak erakuste'ixkiyen istorioak ikusiko'txue harekin umiek.,central
prem1276,"Bush presidentian izenian, etorkizunian zurekin lan egitia espero det.",central
prem1277,"Zenbait urtian, paketiak iten ta bulegoko lanetan jardun tzun.",central
prem1278,"Uain dala hillabete, Indianapolisen in nun debuta zuzendari-lanetan, AEBko agertokiyetako klasiko batekin: Inherit the Wind. Bigarren hezkuntzako ta batxillergoko 5.500 ikasle baño gehiyo eon tzian.",central
prem1279,"Beraz, esan bihar dizuet Filantropia Zentruak'e zeatikan mezi dun babesa.",central
prem1280,"Katedraleko uaingo ikaslien % 25ek, gitxi gorabehera, laguntza finantzariyon bat jasotze'ue.",central
prem1281,Ta zerbitzua emate'yeun umien % 30ek baño gehiyok ezin due kanpalekuan preziyua paatu.,central
prem1282,"Gutun honen bidez jakinarazi nahi dizeu uaindikan'e zure laguntza bihar deula kudeaketa fiskal sendua, antzezlan biziyak ta hezkuntza-programa bikaiñak gauzatzen jarraitzeko.",central
prem1283,Baña aldaketan barruan jarraipena're eongo'a.,central
prem1284,"Laguntzaikan gabe, dirulaguntzen parte bat galduko deu.",central
prem1285,"Science aldizkariyan argitarautako ikerketan ageriyan laga'ue ze aurrerapen in dian; izan'e, animalia-eredu batian bihotz-zelula funtzionalak arrakastaz transplantatzia lortu dan lehenbiziko aldiya dokumentau due.",central
prem1286,"Bigarren hezkuntzako ta batxillergoko ikaslientzako arte-programak dazkau; uain egoera larriyan dabe, eskola-aurrekontuan arteako geo ta diru gitxiyo gordetze'a-ta.",central
prem1287,"Hiriko irabazi-asmoikan gabeko beste antzoki batzuetan ez bezela, gure aktoriek beaien lanbidiaren bidez ateatze'ue bizimodua.",central
prem1288,"Hain zuzen'e, Lowell Nussbaum Society elkartiari eman'yozun laguntza zure alokairua baño askoz haundiyo da.",central
prem1289,"Hobari bezela, uain % 50eko desgrabaziyua eskeintzia dakau 100 dolar o gehiyo emate'txuenei, Indianako NAP Neighborhood Assistance Program bidez.",central
prem1290,Jarraitze'ula ikusi nahi nuke.,central
prem1291,"FOREVER PLAID: izenak beakin dakar baliyo tradizionalen jarraipena: familiyan, etxian ta harmoniyan baliyuena.",central
prem1292,"Atzerriko bixitariyen kontseilu nazionala hantxe antolau zuen Hegoafrikako praktika-programak ta Txinako medikuntza-praktiken programak. Hala, 199an, 100 gonbidau baño gehiyo etorri zian Indianako erdialdea.",central
prem1293,Oreka pixkat nahi dezu?,central
prem1294,"Indianako Unibertsitateko medikuntza-eskolan kanpaiñai o Field doktorearen ikerketai buruzko informaziyo gehiyo nahi badezu, deitu 274-3270 telefono-zenbakira.",central
prem1295,IMAko Garapen Batzordiak 1998ko abenduan 31'arte jasotako hitzemate guztiyak egiaztauko'txu; dolar bakoitza.,central
prem1296,"Diapositiba-aurkezpen luze batian, liburuteya hainbat antzerki-gaitan erakuste'a.",central
prem1297,"Houstonen ostatua hartzeko erreserba-kopurua mugatua danez, espero dut izendapena onartzeko agiriya gaur bialtzia bueltan.",central
prem1298,"Gonbidau nahi'izut senatuko zirkulu errepublikanuakin bat itea, Errepublikanuen Batzar Nazionalian gure espiritua ospatzeko, Texasen, abuztuan 16tikan 20ra.",central
prem1299,"Gonbidatze'izeu proiektu inportante honen parte izatea, Indianapoliseko bi unibertsitate publiko bikaiñen lankidetza indartzeko.",central
prem1300,"Beste behin'e, zorionak zirkuluko kide izateko aho batez izendatua izatiagatikan. Ohore hori lenbaillen onartzia eskau nahi'izut.",central
prem1301,"Zure eskuzabaltasuna lagungarriya izango zaio IRTi, istoriyo onenak ahal dan onduena kontatzen segitzeko.",central
prem1302,"Donaziyo-emailliek eskuzabalak izaten segitze'badue're, Museuan programa ta operaziyo asko finantziaziyo gabe geatze'ya urtero.",central
prem1303,"Jerry Bepkok, IUPUIko kantzillerrak, Kent omendu zun bere hitzaldiyan.",central
prem1304,Abokatu onen hezkuntza indartzen segitzia dakau.,central
prem1305,"Pursuit of Excellence funtsai ekarpen haundi xamarrak itia inportantia da, ta aurten zuk'e hortan laguntzia espero deu.",central
prem1306,"Independentia in ahala, lagundu zure graduan fama indartzen.",central
prem1307,"Lou Harrisek uain dala gitxi indako inkesta baten arabera, uain enpresa-liderrak dian emakumezkuen % 66 baño gehiyo nesken eskaut-taldietan ibilitakuak dia.",central
prem1308,"Gure estatuan ondaria harro eoteko moukua da, ta zuk, beste kide arduratsu batzuekin batea, ondare hori zaitzen ta sustatzen lagunduko'zu.",central
prem1309,"Bazkide izanezkeo, bazkidientzako bakarrikan izate'yan jardueretan parte hartu ahalko'zu, ta, gañea, batzarran saio ofizial guztiyeta jun ahalko zea.",central
prem1310,"Ikasle ohien aurtengo bazkaya 1991ko urrian 23an izango'a, AMRAk Nashvillen (Tennessee) urtero ite'un topaketan.",central
prem1311,ZEIN DA ADIÑEKUENTZAKO ERRONKA?,central
prem1312,"Zure ongintzako elkartiak gizarte-zerbitzu eraginkorrak emate'txu komunitatian, animaliyentzat ta jendiantzat; gañea, Nashua hiriko txakurteya're bada.",central
prem1313,"Elefantien egitura anatomikuan zailtasunen eragiña dala-ta, etxeko animaliyetan arazo haundiya izate'an prozedura arrunt bat sortu zan.",central
prem1314,"Igual ezteu euki nahi genun guztiya, o beste batzuei ikusitakua, baña beak ziurtau zun bihar genitun gauzak eukiko genitula.",central
prem1315,IRTko kide izan naiz 17 urtian.,central
prem1316,IMAn artian garapenai buruzko elkarrizketa hiriko ordezkariyekin ta beste gizarte- ta komunitate-erakunde batzuekin.,central
prem1317,"Nahiz ta kopuruak nabarmenak dian, bekak askotan funtsezkuak izate'ya bihar finantzariyuak dazkaten ikasle onenak erakartzeko.",central
prem1318,"Nere intuiziyua, jakiña, gauza zehatz batian oinarriuta dao: zure parrokiyai urtero donaziyua itiak erakuste'u ardurak hartze'txun pertsona zeala.",central
prem1319,Ta bea beti eon tzan hor guretzat.,central
prem1320,"Estatubatuar guztiyak Olinpiar familiyan parte izatia da nere ametsa; beraz, eman ahal dezuna, mesedez.",central
prem1321,"Uain irabazteko askoz aukera gehiyo dazkau, hutsikan geau dian aulkiyengatikan (Washington, Colorado ta Ipar Dakota) ta Alan Dixon –luzaruan demokrata izandakua– kanporau duelako.",central
prem1322,"1990ian, programan zerbitzu onenan Elton T. Ridley sariya sortu zan.",central
prem1323,"Gañea, Indianako biztanliek onura fiskalak eukitzia dakae Indianako desgrabaziyuan bidez. Zuzenian aplikatze'a, estatuko errenta-aitorpenan beheko aldian.",central
prem1324,"Ikuskizun baten ondoren, agertokira bikote gazte bat iyo zan, kaixo esatea.",central
prem1325,Graduau guztiyei 1000 dolarreko donaziyua eskatzen ai gea.,central
prem1326,...gure gizartia hobetzia.,central
prem1327,"YMCAk horrela lortu nahi du. Bere printzipiyo kristauak praktikan jarri nahi'txu, programa batzuen bidez danontzako hazkunde pertsonala bultzauta ta espiritu-, gogo- ta gorputz-osasuna lortzeko bidea sortuta.",central
prem1328,"Ondorioz, badakit eginahalak egiten dituzula besteekin errukiorra eta arduratsua izateko.",central
prem1329,"The Friends elkartiak bi maillatan jardute'u: bata Citywide Friends fs, ta bestia, Branch Friends. Mailla bakarrian o biyetan parte hartzia dakazu.",central
prem1330,Hori oso inportantia da elefantiak luzaruan bizitzeko; bai gizakiyek zaitze'txuenak eta bai elefante basatiyak.,central
prem1331,"Mesedez, egin donaziyua uain, zuri, zure lagunei ta auzokidiei laguntzen segiu ahal izateko.",central
prem1332,"1991ko graduazio-ekitaldiyan bidez, Indiana Unibertsitateko ikasle garaiko oroitzapenak gogorau dia.",central
prem1333,"Amali izena du; esperantza esan nahi du. Dudaikan gabe, izenak primeran erakuste'u zein dan IZSn esperantza: zouetan ta naturan bizi dian elefante afrikarrak zaitzen lanian jarraitzia.",central
prem1334,Baña beste askok'e gure laguntza bihar due.,central
prem1335,"Pentsau errukiz zenbat ematia dakazun, mesedez.",central
prem1336,"Gañea, historiakin, literaturakin ta gizarte-ikasketekin zuzenian lotuta daben antzezlanak'e nabarmentze'txeu.",central
prem1337,Omnia vincit amor (Weekly Standard aldizkariyan lana ite'ezpa'zu): Lewinskyk zeatikan etzun in espekulatze'u Brit Hume-k (Fox News Sunday). Uaindikan presidentiakin maiteminduta dao.,central
prem1338,Askotan pentsau da Michael Apted kontratatzia telesaillai ikutu bihozberaua emateko.,central
prem1339,azal txuriko neska bat parka ta botak jantzita ikustia  // neska bat larru txuriko parka ta botak jantzita ikustia,central
prem1340,Pelikulan ezta aitatzen Kaufmanek askotan esan izan tzula nola hil nahiko zun.,central
prem1341,"Rockefeller egoera larri hortan harrapau zuen, Avenging Angel Tarbell bere mamiya urratzen hasi zanian McClure aldizkariyan.",central
prem1342,"The New Yorker aldizkariko Adam Gopnik-ek esate'u lan onenak aspaldi eman'tzituen pop artista gehiyegi dabela Veneziako bienalian (Jim Dine, Claes Oldenburg), zeiñak exeritzen baitia...",central
prem1343,"Hollywood Strikes Back lanian Nancy Griffinek idatzi zunez, Michael Eisnerrek pakiak itia eskeini ziyon Mike Ovitz lagun izandakuai, baña Ovitzek etzun onartu.",central
prem1344,"Uain dala gutxiyo, New Yorkeko merkataritza-kasu batian, aurreiritzi etnikoz jokatzia leporau ziyoen Klaymanei.",central
prem1345,"Nekez espero leike iñorrek ordezkari korporatiboz betetako areto batian AEBko lan-idazkariyai txistuka hastia, marrua itia ta dianak ta eztianak esatia.",central
prem1346,"Elikadurak eragin haundiyo daka kirol-errendimenduan, baña horrek eztu esan nahi gorpuzkerak eraginikan ez dakanik.",central
prem1347,"Behin etxea ailleauta, AEBk hornidura bi moutan mozte'ula jakin nun.",central
prem1348,"Oxford munduko unibertsitate-argitaletxe zaharrena ta haundiyena da, ta poesia-bilduma bertan behera lagako'ula iragarri berri du.",central
prem1349,"RPH liburua argitarau ta geo, bira ingo da, ta, horren ondoriyoz",central
prem1350,"Hala're, kontsolaziyoko sari bat dao bihozberatasunez.",central
prem1351,"Aste hontan Enquirer egunkariyan Ken Starr-ek maitasun-istoriyo haundiyai buruz indako erreportajian aurrerapena dator: presidentian larru-jotziak limusinan, bulego obalian ta baita LINCOLN LOGELAN'e!",central
prem1352,Hori da Sidewalk-ek. TicketMaster-eko transakzio-orriyetako URLak grabau zitun; ikuskizun jakin batzuetako sarrerak eroste'ya han.,central
prem1353,Toli hoietan eztia apustuak kirol kontuetan bakarrikan iten.,central
prem1354,"Abuztuan 25ian, demokratek Atlantic Cityn batzarra in da geo, N.J. Johnson-ek (56 urte zezkan orduan) presidente izateko lehia lagatzeko mehatxua in tzun hiru elkarrizketatan; grabauta dabe.",central
prem1355,Lamar Alexander-ek presidente izateko lehia laga zun.,central
prem1356,"Askatasun zibilen historia penagarri hortaz aparte, FBIn erabilera desegokiya dao Etxe Zuriko jatorrizko bidaia-bulegoko ikerketan; geora Filegate deitu zaio kasuai.",central
prem1357,"Tung-ek agindu du higieziñen espekulatzaillien kontrako neurriyak hartuko'txula, baña askok usten due egitan eztala hainbesteaiñokua izango.",central
prem1358,"Bestiak beste, keja hauek zeben: ekipajiakin arazuak, hegazkiñeko laguntzaillien zakarkeya, hegaldiyak arrazoi jakiñikan gabe bertan behera lagatzia ta fakturaziyoko izugarrikeyak.",central
prem1359,"Lawrence Singleton bortxatzaille ezaunak biktimen besaurriak mozte'zitun. Zortzi urte bakarrikan pasa zitun kartzelan, ta atxilou in due, beste emakume batei hil arte kutxillua sartzen ai zala, Floridan.",central
prem1360,"New Republic hedabideko Charles Lane-k esate'unez, Gabriel García Márquezen Noticia de un secuestro kazetaritza faltsuko marka zabaldu bakarrikan iten du.",central
prem1361,"Argumentu kosmologiko horren logikai kontra iteko aukera asko dabe, ta teismuan uaingo aurkariyek danak probau'txue.",central
prem1362,Talmudic-ek eztaka ekipajeikan.,central
prem1363,Epaitegiya ezta Washingtonen gaur goizian eon dan zirko politiko bakarra.,central
prem1364,Garbi dao asmo haundiko liburu hau argitarau arte gure eztabaidak itxoin in biharko'ula.,central
prem1365,"Aurrekontu horren bidez, erabaki inportantiak hartu'ya, zalantzazkuak badia're, nahiz ta mouu inplizituan izan.",central
prem1366,"Hortan danian zihar'e, Morris-ek esate'zun iten ai zana oso moralista zala.",central
prem1367,"Osasunan Mundu Erakundiak iragarri zunez, tuberkulosiya tratatzeko estratejia berri batei esker hurrengo hamarkadan hamar milloi bizitza inguru salbatzia eongo zan.",central
prem1368,"Jacob Weisberg-ek Car Talk idatzi du, gobernuko ta herriyetako aurtengo hauteskundien giltzarriyai buruzko idazlan bikain bat. Hartan, autokrazia hitza berriz definitu du.",central
prem1369,Azaleko istoriyuan ume jaioberriyek nola pentsatze'uen aztertze'un ikerlan berriyena azaltze'a.,central
prem1370,"Clinton moralki lotsaraztia etzuen nahikua izan nunbait, ta haren aurkariyak Lewinsky auziya hauspotzen saiau'zian, krimeneta ta inpugnatzeko mouko delitueta hedatzeaiño.",central
prem1371,"Zeatikan da hori hobia, larruzko beroki bihurtzia baño?",central
prem1372,"USA Today egunkariyan azken urtiak beltzak izan badia're, hedabidien kritika gorrak jaso'txu, klitxez betiak.",central
prem1373,"Teknika horrek funtzionatze'unian, indar handiko istoriyuak lortze'ya, nahiz ta gaia eztan hirugarren paragrafora arte-edo azaltzen.",central
prem1374,Mikrouhin-labe bat eukitzian kostu ekonomikua 6 dolar da.,central
prem1375,sexu- edo iraitz-jarduerak o -organuak.,central
prem1376,"NEA inkestan, liburuei buruzko galdera bakarra dao: Irakurri al tzenun libururikan iaz?",central
prem1377,Colin Powellen psikiai buruz euki leikeun ikuspei onena Woodward-ena da.,central
prem1378,"Kontzeptu hoietako batzuekin arrakasta lortu'a mailla esperimentalian, ta zabaltzeko prest dabe.",central
prem1379,"Zortzi teknika errez hauek erabilita, zure etxeko erosotasunian albiste bat sortu ahalko'zu.",central
prem1380,Samuel Sheinbein-ek erailketagatikan jasotako zigorra Israelen beteko'u.,central
prem1381,"Time aldizkariyan Kenneth Starri buruz in duen profillan arabera, kontserbadoria, sutsuegiya ta paperjalia da.",central
prem1382,Senauak erabaki zun ajentzia berri batek arma nuklearren ikerketa gainbegirau biharko zula.,central
prem1383,Iya guztiyan politizaziyua (Literatura Dibisioa) azkar gertatzen ai da.,central
prem1384,"Uaingo emakumiek izugarri gustokua due argal eotia, baña indar fisikua're euki nahi due, ez bakarrikan indar emozionala o mentala, era erromantikuan.",central
prem1385,Hau da errepublikanuen azken baliabidia.,central
prem1386,"Rudolph Giulianik Amadou Diallon tiroketa nola kudeau zun defendatu du Newsweek aldizkariyak. [New Yorkeko Polizia Departamentua] ez da KKK, esan du.",central
prem1387,"James Surowiecki-ren Moneybox zutabia astelehenetikan ostiralea, ta Slate-ren beste artikulu batzuk ekonomiai ta finantzei buruz.",central
prem1388,"Eremu grixa da hori, esan du John Kirkwood-ek; Metropolitan Chicagoko ALAn dao Kirkwood.",central
prem1389,Ezautu ta asetzen ez nauten pertsona guztiyak.,central
prem1390,Galdera hau makroekonomialari batekin maitasun-istoriyo bat eukitzeko etiketai buruzkua da.,central
prem1391,"Jakiña, arrazoi on bat zeon pentsatzeko gobernuak bertan zekala errege izateko; hain zuzen'e, errege izateko zekan bertan.",central
prem1392,"Zure perfekziyo ezak zikindutako egoera bat kudeatzeko taktika onena zea da, zeure burua erdibidekotzat jotzia, ezkerrian ta eskubiyan dazkazunak baño hobia.",central
prem1393,"Aitatzekua da Lamar Alexander ertentzia, nahiz ta ilogikua're ez dan.",central
prem1394,"Jakiña, edukiyak bereizte hori hondamendiya izan leike Slate bezelako aldizkariyentzat.",central
prem1395,"Gerran ondoren, serieko etxebizitzak in tzian ta, bestiak beste, ume asko ekarri zitun egoera horrek. Horreatikan, umientzako hiritzat hartze'ya, ta ederki diseinau zituen.",central
prem1396,"Littleton hiriko komunitate-ikuspeya dala-ta, kontra eoteko nere bigarren arrazoia zea da, errua gurasuei botze'zaiela gehiyegitan.",central
prem1397,Ragtime musikalai buruzko herri-jakituriyak gorabeherak izaten segitze'u.,central
prem1398,"Gehiyen saldu dan bideojokua Myst da, ta Riven, berriz, haren eguneraketa bat da. Ohore handiyenak Riven batei eskeini zaixkiyo; han, pertsona bat isla batian dao, abandonauta.",central
prem1399,"Hori baño gehiyo; Anti-Defamation League elkartiak indako inkestan arabera, AEBko muturreko antisemita-kopurua txikitzen jun da: 1964an % 29 zan; 1992an, % 20; ta uain, % 12.",central
prem1400,"Sullivan-ek tratu-berdintasunan mantra darabil, eztabaidak bukatzeko baliyoko balu bezela.",central
prem1401,"Talibanen agintiak eztu du izen ona euki paxtunak eztian komunitatietan, ezta hiri handiyetako herritarren artian'e, batez'e Kabulen, han sofistikatuauak ta liberalauak dia-ta.",central
prem1402,"Prudence-k gomendiyuei buruzko gure zutabia ite'zun ta, erretirua hartu dunez, haren illobak hartu du horren gañeko ardura; ilobak'e Prudence izena du.",central
prem1403,"Newsweek aldizkariyan arabera, turistak ta jende ospetsua Patagoniara juten ai dia piloan. Garai batian, iresita jundako naziyentzako babeslekua zan.",central
prem1404,"Ikasliei tiro ite'ye, ezta?",central
prem1405,"Newsweek aldizkariyan erakutsi due borrokan industria noaiño ailleatzeko prest daon, zalien interesai eusteko.",central
prem1406,Demokratizaziyuak'e eztu aldatzen nazioarteko jeografian azpiko errealitatia.,central
prem1407,"Latza da Finkelstein-i buruzko zalapartak Birn itotzia, harekin idazten dula-ta.",central
prem1408,"Erantzunan parte bat soziologikua da, nere ustez.",central
prem1409,Kale itsua. Eztabaidan parte haundi bat abortuakin lotuta daben gaiei buruzkua da.,central
prem1410,"Beraz, U-Haul-ea deitu nun alokairuen politikei buruz galdetzeko.",central
prem1411,Kezkatzeko benetako arrazoia da baleikela osasun-erakundeek epe luzian kostuak kontrolatzen huts itia.,central
prem1412,"Azaleko istoriyuak aztertzen du NATOn helburua zein izan bihar dan, Kosovo banatzia o protektoratu bezela kudeatzia.",central
prem1413,Ezin dezu erantzun merkio topau.,central
prem1414,"Hala're, Pokemon halabiharrez hil ingo danez, aukera dakau haren ordezkua sortu ta horrekin dirua iteko.",central
prem1415,"Denbora guztiyan jakinda, boz urratu ta berezi hori behin aitu ta geo, aurrerantzian beti ezautuko detela.",central
prem1416,"Ze iruitzen plan hibrido bat? Erabiltzaille haundiyenentzat, harpidetzak, ta gainontzekuentzat, mikroordainketak.",central
prem1417,"Pamela Harriman AEBko enbajadore izan tzan Frantziyan, ta Alderdi Demokratikuan finantzatzaille ospetsua. XX. mendeko gizon inportantien emazte ta maitale izandakua, burmuiñeko odoljariyo baten ondoriyoz hil tzan, 76 urte zezkala.",central
prem1418,"Kontrara, gobernu batek dirua eskatzia ez da hertsatzia, ta ezin da iñundikan iñoa konparatu Txinan gertatzen danakin.",central
prem1419,"Softwareari dagokiyonez, ajentziak erakunde independente ta fidagarria mouan ite'u lan, softwarearen ustezko jatorriya egiaztatzen.",central
prem1420,"Administraziyuak elikagaien kupoiei buruz erabiltze'txun argudiyuak, jakiña, errez erabili leizke oinarrizko ongizateai buruz'e (biharra dakaen familiyentzako aldi bateako laguntza).",central
prem1421,Babesteko giltzan billa (barkatu hitz-joku exkaxa).,central
prem1422,Zenbat irakurle dazka Slate-k?,central
prem1423,"Josef Korbel Letohrad hiriyan hazi zan, ta hango alkatiak esan du hiru gutun biali'ixkiyola Albrightei azken urtietan.",central
prem1424,"Dalloway andriai laudoriyuak ite'izkiyoe uaindikan'e, baña iritzi kritikuauak'e sortze'ya.",central
prem1425,Dolar bat noiz ezta dolar bat?,central
prem1426,"Unibertsitateko lehenbiziko urteko ikasle batzuek (MITeko Seth Bisen-Hersh, Yaleko Ben Trachtenberg) bi campus hoien realitatia eguneroko batian aztertzia oso erakargarriya da; arazua, ordia, hori gauzatzia izango'a.",central
prem1427,"Erregulaziyo Federalen arabera, FAAko, XXXX airelineako ta beste airelinea batzuetako langilliek debekauta due programa honei buruzko informaziyua jendiakin konpartitzia.",central
prem1428,"Tira, susmoa dakat Madril ta Atlantako herritarrek nahiyo duela modernitatea, nahiz ta tradiziyua neurri batian galtzeak pena emate'yen.",central
prem1429,Armey-rekin lagatze'igu horrek.,central
prem1430,Bolizko torrian bizi dian libertariyuek'e etzituen gai hoiek alde batea lagako.,central
prem1431,Goi-teknolojiako komunitatian ekarpenak billatzia da hautagai batzuek goi-teknolojiako plataforma bat garatzeko ahalegin haundiya itian arrazoietako bat.,central
prem1432,"Gure elkarrizketatu agresibuenak momentu bakar batian laneko gorputz osuak iltzatzeko gogo biziz zeben, ta liburuei kasuikan in gabe egilina jo zuen zuzenian.",central
prem1433,"Medikuan arabera, gabero 3 miligramo hartzia gehiyegi da.",central
prem1434,Linuxea aldauko zea?,central
prem1435,Kontua ezta bakarrikan Bradley etanolan dirulaguntzan kontra zeola lehengo egunera arte.,central
prem1436,"Gañea, guk dakigula behintzat, biziya behin bakarrikan sortu zan hamen, Lurrian.",central
prem1437,"Galderak zea ekarri dit gogoa gaur, Radio City Music Hall-eko Gabonetako desfilia ikusi nun aldi hura; han, bestiak beste, jaiotza bizidun deitze'ziyoen zoze zeon.",central
prem1438,"Clinton administraziyuan jarrera zea da, Internetek zerga gabeko eremu federal bat izan biharko zula.",central
prem1439,"Elikagaiak irradiatziak segurua, eraginkorra ta merkia emate'u.",central
prem1440,Historia naturalan Smithsonian web-orriya (jun beheraka bi o hiru aldiz).,central
prem1441,"Aste hontan, Washingtonen, zea usten da, lehertzeaño ai dian idazle gazteek (Glass-ek, adibidez) errukiya mezi duela, sistemak izar bihurtzeko presiyua ite'yelako, trebatu aurretik'e.",central
prem1442,"Beste batzuek galderai erantzun ziyoen, baña Keyes-ek lepo idatzi zun.",central
prem1443,Neretzat inportantiak dianek suerte ona eukitzeko kantau.,central
prem1444,"Elkarrizketa-programetako gonbidauek, gaur egunian, galderei ez erantzuteko preparaziyo formala dakae askotan, ta 3 urteko ume bat'e aldez aurretikan indako aipamen bat igortzeko gauza da.",central
prem1445,"Ezin da gauza bea esan New York Times egunkariuai buruz. Kokainan auziyai buruzko editorialian, Times aldizkariyan zea gomendau ziyoen Bushi: zintzua izateko ta herriyai neurriya hartzen lagatzeko.",central
prem1446,"Donaziyuak ite'txuen gaztien guraso asko aspaldiko aktibista politikuak dia, ta ezautze'txue arauak.",central
prem1447,Steven E. Landsburg-ek alde batea laga zun sen ona uain dala gitxi idatzi zun Tax the Knickers Off Your Grandchildren artikuluan.,central
prem1448,"Neska-lagunekiko konfiantzai buruzko kejan kontura, ordia, Prudie-k gomendatze'izuna da emaztiakin luze ta bihotza irekita hitzeitia ta garbi esatia hartu'txun erabakiyekin aztorauta zabiltzala.",central
prem1449,"Bistakua dan bezela, nahiko arbitrariyuak dianez, baleike AFIn erabaki askok bideikan ez lagatzia interpretaziyo kultural sendo bateako.",central
prem1450,"Walcott pintore izateko prestau zan, aita bezelaxe: maixua zan, ta Walcott oso umia zala hil tzan. Walcotten liburu piktorikuena The Bounty da, bai metoduan aldetikan ta bai gaian aldetikan.",central
prem1451,Ze gertau zan armadak errudun bat billatzeko tradiziyo kupidagabe horrekin?,central
prem1452,Michael Lewis-ek Trail Fever liburuai buruz indako elkarrizketa batian esan tzun Alexander-ek zoze in tzula kanpaiña hontan; nei ezitzaidan hori posible iruitzen.,central
prem1453,New Yorkeko kalietan ikuste'yan gauzetatik gehiyen haserratzekuetako bat da (Donald Trumpek billuzikan Boss Tweed-en maruarekin swinga dantzatziaz aparte) baten bat jo ta fuego telefono mugikorrakin hitzeiten eotia.,central
prem1454,"Newsweek aldizkariko azaleko istoriyuan esplikatzen danez, Ipar Amerikara ailleau zian lehenbiziko herriyak etnia askotakuak zian, ta ez bakarrikan Bering Strait ziharkau zuen asiarrak, historiako ikasliburuetan erakuste'an bezela.",central
prem1455,Bihatz potolo senduak zapaltzia.,central
prem1456,"Prudiek beak eztu mou sutsuan hitzeiten mutil- ta neska-lagun harremanez 30 urtetikan gorako jendiantzat, ta maitale hitza gaitzeste'u, Europako emakumiek erabiltze'uenian izan ezik.",central
prem1457,"Greenlee konderriko liburutei publikuan (Arizona), landa-erakundiek diruakin ta teknolojiakin izandako atsekabiak erakuste'ya.",central
prem1458,"Tira, enekan izena emateko asmoikan.",central
prem1459,Badakizu zeiñek ulertuko zun?,central
prem1460,Ezin'txozu dll fitxateiak ezabatu Windows ejekutatzen ai dan bitartean (Microsoften oinarriyan parte da hori).,central
prem1461,L'academie Internationale des Arts et des Sciences Numeriques elkarteko kidiek trikimaillu horren aldaera bizkor bat sortu'ue.,central
prem1462,"Ze kanpamentu daon ondo, ondoriyo nabarmenak'txu osasun publikuan.",central
prem1463,"Zoamen hoiek hiru hamarkada iraun tzuen, ta rokoko bihurtu zian.",central
prem1464,"Bukatzeko, posta elektronikoz ingo diaten galderai erantzungo'yot: benetan ai zea?",central
prem1465,Eo ez ahaztu Kongresuai ixkutuko ekintzan berri ematia.,central
prem1466,Nemeth-ek motel hori ikertuko zula agindu zun.,central
prem1467,"Asteazkenian, Clintonek beste industria batei buruz hitzeitia erabaki zun.",central
prem1468,"Gakua zea da, ni ez hartzia hainbeste hiriko sheriff berri mouan, baizik eta, batez'e, Von Trapp familiko umiek Maria baño lenuo hil tzuen umezain mouan.",central
prem1469,Eztu inporta Dow Jones industria-batezbestekua neurri egokiua dan aberatsak nola moldatze'yan jakiteko.,central
prem1470,"CMPn teoriyan inplikaziyo harrigarriyena zea da, nola desagertze'an posiziyo erlatibuan kezka, aberastasunan partez gizartian beste mekanismo batzuk erabiltze'yanian kidiak banatze'yanian.",central
prem1471,"Fede integrazionistai liberal beltzek euste'yoe; adibidez, Henry Louis Gates ta Cornel West irakasliek. Glenn Loury ekonomialari beltzak'e haiekin bat in du: kontserbadoria da, ta markak puskau zitun baiezko ekintza politika biharrezkua dala onartu zunian.",central
prem1472,"Espazioko –edo ziberespazioko– jabetza-burbuilla segida amaiezin bat da, ta jende bat klase askotako interesen billa dabil hor.",central
prem1473,Baten bat gogorauko ote'a Munduko Merkataritza Antolakundiakin mende-erdi barru?,central
prem1474,Aukerak eztia hain erakargarriyak.,central
prem1475,Eskauko al det sorta bat neretzako?,central
prem1476,SATekin arazuak sortuko'yala susmua dao.,central
prem1477,"93 urte'txu ta uaindikan bizi da, baña Kooning ya ezta artista, ezta aldaketan zale're.",central
prem1478,"Hauetako bat bea're uain ezta oso erakargarriya, nahiz ta lujuzkuak izan.",central
prem1479,Etzun Naomi Wolf-ek gaixki erantzun.,central
prem1480,"Hirugarrena, ondoriyuak onartuta're, eztagozkiye dibertimendu masiboko toki guztiyei.",central
prem1481,"Urteko irakaslian programan babeslia Scholastic Inc. da. Eskola-ume sentikorren artian beste gauza bategatikan da ezaguna: aldizkari bikaiñak banatze'txu, ta, hoien iragarle bakarra AEB da.",central
prem1482,"Homoseksualitatea biziyua dalan irudiya baztertzeko aldea, Clintonek ta Birch-ek gizalegezko bertutiak emate'ixkiye gayei.",central
prem1483,"Zure iradokizun askok dakartzaten ekintzak dibertigarriyak ta ankerrak dia, baña ez legez kanpokuak, ez sinixtekuak baizik. Izan'e, gizon gehiyenak hura altxatzeko beldur izango zian, tximua gelan daon biartian.",central
prem1484,"Batzuetan, heldutasun- o gainbehera-prozesu pertsonal hori (zuk aukeratu) indartu ite'a kulturan gertatzen ai danan eraginez.",central
prem1485,"Han, sakatu Emakumezko aktoria. Zure izena aurkitu biharko zenun...",central
prem1486,"Newsweek aldizkariko eztabaida luze batian, Hamptons harroputza bihurtu dala ta pena dala esate'a.",central
prem1487,"Nere heroia, ordia, Richard Heseltine da, Overseas Investment Trust enpresako presidentia. Hil honen hasieran dimisiyua eman tzun, nausiyek bere borondatian kontra jarritako negoziyo-planangatikan.",central
prem1488,Stevenson-en artikuluan garbi ikuste'a eztula iñundik iñoa ulertu gure kanpaiñak ze esan nahi dun.,central
prem1489,Hori Apolon zuhaitzan itzalian dao.,central
prem1490,Munduan historiyan oinarrizko flujua interdependentziarantz dijua; enaiz ni hori esaten lenbizikua.,central
prem1491,Benetako za'atak gaztiak erakarri ta zaharrak nahigabetze'txu.,central
prem1492,Zientzia-azterlanetan alde batea lagatze'txue garunan kimikai buruzko egiya sinpliak.,central
prem1493,"AEBko konpaiñiak atzerriko lehiyan kontuakin kejaka aitzea hain ohituta gabe, erreza dala pentsatzia Kodak-ek arpeira botatakua porrot in da geoko maiña besteikan eztala.",central
prem1494,Gehiyegi iten ai zea.,central
prem1495,"Dowd-ek zutagile-lanian indakuak oso ondo erakuste'u autozigorra zer dan; batez'e, Pulitzer sariya lortzeko baliyo izan tziyoen Flytrap lanak.",central
prem1496,Gusto kontua da egitatien ta espekulaziyuan arteko konbinaziyo hura nahikua ote dan protesta iteko.,central
prem1497,"Hedabidien pillaketa zikloka dabil, ta baleike uain hedabidietako errege-erregiñen sabelian gora dijuazen arraiek luze ez irautia.",central
prem1498,Ados ote dao Etxe Zuria?,central
prem1499,Errusiyak erronka haundiyak'txu Txetxeniako gerran.,central
prem1500,"FDAn arauak hor eonda're, helduek igual-igual eroste'txue zigarruak.",central
prem1501,"Bukaerai buruzko teoriyetan, ezaugarri bereizgarriyak dazkaen adin batzuk identifikatze'ya, ya bukau dianak o bukatziar dabenak ta sekula bueltauko eztianak.",central
prem1502,"Au pair zebillen Louise Woodward-en ama elkarrizketau due Time aldizkarian, Deborah Eappen, uaindik doluan.",central
prem1503,"Azaleko istoriyuan, oso mou sutsuan azaltze'a AEBko parke nazionalak hondatzen ai diala: jende gehiyegi dabil, finantziaziyo gitxigi due, landare- ta animalia-espezie eksotikuak tokiyak inbaditzen ai dia, ta geo ta merkataritza gehiyo dao.",central
prem1504,"Basea bueltautakuan, kotxia karabana batian aparkau bihar dezu: nun bestela?",central
prem1505,"Errez imajinatzia dakau langille bat hondeamakiñakin errepidia zulatzen, eraikitzailliak lan berri bat iteko. Aizu, Loyd...",central
prem1506,"Horren berri eman niyon medikuai gutun baten bidez. Dibertigarriya iruitu zitzaion nunbait. Urte hartako Gabonetan, fruta-tarta txiki bat biali zian.",central
prem1507,"Lehenago, Beaneaters izen gogoangarriyaz ezautze'zan taldia; bitxiya da, ze Indiako ezizen bat'e izan leike.",central
prem1508,"Yiddisha ulertze'a, besteikan gabe...",central
prem1509,Ta ados nao 19. orrialdian in dezun oharrakin: Brunner-en lehen legea egilletzaz. Testu guztiyetan dao idazliak gitxiyenez hiru bider irakurri'un oker bat.,central
prem1510,Ezin izan nun definiziyo hori tesauruan topau.,central
prem1511,Nola leike baten batek horrela jokatzia?,central
prem1512,"Gañea, hitzaurrian arabera, XX. mendian sortutako terminoak bakarrikan dabe jasota. Hala're, XX. mendian hasierako argot militarra ezta aitatzen.",central
prem1513,"Baten batek 1984ko ediziyua baldin bazekan, baleike minduta eotia hau erostiagatikan eta ez gehigarri bat, motzo (ta merkio).",central
prem1514,"Argudiau leike idazketak fonemikua izan bihar dula, ez fonetikua, baña fonemak'e aldau ite'ya, nahiz ta mantxuo aldau.",central
prem1515,"Split Ends, a Cosmetology Shop. Dotorezia aposizionalan adibide ona da hori: eufemismoakin batea aposiziyua eta hasiera sinple o ezohikuan.",central
prem1516,Bernstein-ek sarreran esplikatze'u.,central
prem1517,"Izen bereziyik topatzen ba'ezu (Peculiar, Missouri), o ustekabian agertzen bazaixkizu (Surprise, Nebraska), idatzi izenak (Jot 'Em Down, Texas), ez galtzeko (Safely, Tennessee), akatsak ezpadia behintzat (Errata, Mississippi).",central
prem1518,"Azken urtietan, alfabetatzia ta aritmetika inportantiak bihurtu'ya, ez bakarrikan (o ez hainbeste) Hirugarren Munduan; naziyo industrializatuetan'e bai.",central
prem1519,"Ezta esan nahi gai hoiek debekatu bihar diala, baizik eta, besteikan gabe, zailla dala atzerritar batei gai hoietan ezerre dibertigarriya iruitzia, nahiz ta akulturazioa hogei bat urtez eon martxan.",central
prem1520,"Bukatzeko, arretaz beitu bihar tzaio luzau ahala, ziharo bestelako esanahi bat sortu leike-ta.",central
prem1521,"M. Tesniares-ek, ordia, eztu anglosajoien ekarpena kontuan hartu.",central
prem1522,"Burua bero, geo ta zorabiatuo zabe.",central
prem1523,Beste lanbidietan eztakae norbean burua mespetxatzeko halako joera.,central
prem1524,"Ta erdi harro, herri-jakituriyan egunkari hoiei gutxiesteko izenak jarri izan tzaixkiye; ezizenak erabiltze'txue gutun pribatuetan, tabernetako berriketetan ta laburpen ez-ofizialetan.",central
prem1525,"Ariña izatiak garagarduan ezaugarri bat deskribatze'u, besteikan gabe; adibidez...",central
prem1526,"Banilla landare tropikal baten tegumentuetatik ateatze'a. Hitz hori gaztelaniazko vainilla hitzetik dator; horrek loria bea, leka o zaporia adierazten du.",central
prem1527,"Izen hori gehiyegi erabiltze'zan, baita biharrezkoa etzanian'e, ez izen hori, ez beste eozein izen.",central
prem1528,"Guzti horretaz aparte, idazketa elokuentia batzuetan gogoangarriya'e izate'a zoritxarrez, eta horrek arazua larritze'u.",central
prem1529,"Arrantxo batian baleike baten batei aitzia: ""Itxita daben kabestru hoiek moztu in bihar'txeu gaur"". Bialtzeko dabenak bereiziko'txuela esan nahi du biharbada.",central
prem1530,"Jarrera horren aurrian, ta harriuta, britainiarrek errespetua aitortu zuen hitza letra haunditan idatzita.",central
prem1531,"Jatorrizko animaliyen metaforak ezabau in dia, ta hitzetan ezta geatzen animaliyen erreferentziyikan.",central
prem1532,Batzuetan zentzudunena're bada.,central
prem1533,Ouguiya (Mauritania) diru-izenen ta beste pisu batzuen arteko lotura da; ontza esan nahi du.,central
prem1534,"Egunen batian autobiografia bat idazten badet, tokiyen ta pertsonen izenak dazkan hiztegi bat izango'a ta esanahi pribatuei erreparatuko'ye.",central
prem1535,"Morfema berri batek lehenbiziko berrikuntzatik haruo're irautia daka (adibidez, ingelesez, telethon, -athon eta gero), erabilgarriya suertau dalako. Batzuetan iya ustekabian gertatze'a ta esamoldiai zoze berriya emate'yo.",central
prem1536,"O, hara hor zu ta zure hixketaldi pixkor ta hitz goxuak.",central
prem1537,"[Justuak izateko esan biharra dao Room jaunak belaxe idatzi zula, bere okerraz konturau bezain azkar, Bummel ibai bat balitz bezela aitatu zula jabetu zanian.",central
prem1538,"(Eskoletako jolastokiyetan, zarata hura (hubbub) bukatzen ai da.",central
prem1539,"Normala dan bezela, Britainia Handiyan Ipar Amerikan baño ingeles-dialekto bereizgarri gehiyo dabe, jakiña, ta dialekto hoiek aitzen denbora bat eman den eozeiñek badaki batzuk alkarrentzat ulerteziñak diala.",central
prem1540,"Tennesseeko berriemaille batek ""egualdi txakurra"" erabiltze'zun 'euriyik gabeko egualdi berua' adierazteko; baleike ""egun txakurrak"" esamoldetik sortzia (abuztuko egualdi lehorra esan nahi du).",central
prem1541,"Gustokua eztan esamolde baten partez aukera hori erabili leike, norbean arreta ez galtzeko o, iraiñengatikan, ezta ikusliena o hirugarren batena'e.",central
prem1542,"Gaixkillia naizela esateko mou bat da, mendiko gizon bat!",central
prem1543,"Gauza hoiek gizakitik kanpoa dabe; estilua, berriz, gizakiya bea da.",central
prem1544,"Break (hautsi) ta steak (xerra) esate'a, baña bleak (ilun) ta streak (orbana) beste gauza bat dia.",central
prem1545,"Adibidez, ""diagnostiko"" hitza grekoko hitz batetikan hartu zan (bide batez, etzun gauza bea esan nahi); berrehun urte geruo, diagnostikatu aditza sortu zan atzea beira.",central
prem1546,"2000ra arte bizitzia espero det, yiddishan gidakin laguntzeko. Seguru nao yiddishak bizi'ikan segiuko'ula, baita kontra dabenak baño denbora luziauan'e, uain arte milla urtian iraun dun bezela.",central
prem1547,"(Esan izan da, ta ez ziharo txantxetan, japoniarrei erabiltze'uen ingelesezko hitz bakoitzeko lizentzi-kuota bat eskauezkeo Japoniako soberakin komertziala desagertu ingo zala).",central
prem1548,"Entzuliak hunkitu nahi'txuen hizlariyek badakiye gakuak dian gaiak ta gertaerak aukerau bihar'txuela ta geo hoiek iragarri, errepikau, dramatizau, esplikau ta apaindu.",central
prem1549,"Bitxia da, ze termino batzuk etzian zerrendan agertzen: mantxo ikastia, desgaitasun neurologikua, garuneko lesiyua ta hezkuntza-desgaitasuna.",central
prem1550,"Cambridge University Press argitaletxiak egokitzat jo'u Boswell-en Life of Johnson lanan 200. urteurrena ospatzia, ta, hala, biografuai ta haren gaiai buruzko hamalau saiakera bildu dia bilduma batean.",central
prem1551,"Hirugarren multzoko hitzak erabiltze'ya gehiyen; izatez, sexu-ekintzak definitze'txue.",central
prem1552,"Izen batzuk, zakarrak badia're, eztia aldatzen.",central
prem1553,"Eskoziarra izatiaz harro nao ta, alde horretatik, usten det leikena dala hizkuntza-anbiziyo falta horren arrazoia eskualde-dialektuak izatia.",central
prem1554,"Eztet ulertzen zeatikan eztan Nazioarteko Alfabeto Fonetikua erabiltzen klase guztiyetako ingelesezko hiztegiyetan; dana dala, horrek erreseiña honen helburuak gainditze'txu.",central
prem1555,"a) Helburuan, kendu d ta t guztiyak, ta jarri c.",central
prem1556,Beste adibide bat VIP da: Vasoactive Intestinal Poly-peptide (hestietako polipeptido basoaktibua).,central
prem1557,"Gramatika ta ""glamour"" historikoki hitz bea dia.",central
prem1558,"Denbora guztiyan belauniko eon nitzan, kopeta zure kopetan kontra, ta errezatzen ai nitzala usten nun. Kontu hartan guztiyan lotsatu're in nitzan pixkat.",central
prem1559,"Adjektibuek termino etnikuak leuntze'txue; izenek, berriz, gogortu ite'txue batzuetan.",central
prem1560,"Hizkuntzan konplexutasuna –kontuau gabe pasatze'zaigun hori– mou harrigarriyenian ageriyan jartze'una pilotuen, tripulaziyoko kidien ta aireko zirkulaziyuan kontrolatzaillien arteko komunikaziyo-arazuak dia.",central
prem1561,Liburuko sarrera lexikal batzuk eztabaidagarriyak dia.,central
prem1562,"Bizipen militarrei buruzko uaingo nobela frantsesetan, ordia, gertatzia daka soldadu batek kide batei ezkontzeko eskatzia. Allons, les gars.",central
prem1563,"Erredundantziyan laburdura-zikluan lasterketan, Missouri izan da sartu dian azken hitzetako bat. Show-Me esate'yoen estatu hura halaxe bihurtu zan 1821ian.",central
prem1564,"Kontinentziya, azken batian, bertute bat da, o horixe esate'ue halakoikan inposatua ez dakaenek.",central
prem1565,"Horrelako gai batei buruzko liburu batian, kontu handiz mantendu bihar dia gakuak dian hitzen definiziyo zurrunak (eufemismua, disfemismua, tabua, etab.), eta haietatik ez aldendu.",central
prem1566,Ta badakigu Honey irakasliak arrazoia dakala harei buruz idazte'unian.,central
prem1567,"Lil Armstrong ibili zan piano-jotzaille saiuan, ta erantzuna bapatian asmau zun: Muskrat Ramble izena du, ezta, Red?",central
prem1568,"Hurrengo astian, nere illobak gitarra akustikua eskau zun bere urtietako.",central
prem1569,Odola ta uholdiak eztia janariya bezelakuak.,central
prem1570,"Azkeneko ehun urtietan, fenomeno linguistiko asko sortu'ya; adibidez hau: arazuak konpontzeko pauso inportante bat arazuei izena jartzia da.",central
prem1571,"Nazionalitate ta talde etniko batzuk beaien buruakin oso seguru dabenez, oso harro, epiteto etnikuak bost inporta zaixkiye, elefantiei harri-koxkorrek jo ta errebotatze'yenian bezela, o bestela, dibertigarriyak iruitze'zaixkiye o apaingarri mouan erabiltze'txue.",central
prem1572,"Horrei buruzko ezertxo're eztao beitu'txuten hiztegiyetan, ta hori ezta egokiya, nere ustezdesegokia da hori, nire ustez.",central
prem1573,Goistering termino bitxia erabiltze'zan emakumien parre ozena adierazteko; langille txar batei deitzia izatia zekan aitzakiya: Laurence zaharrak harrapatu nau!,central
prem1574,"Pandemoniumakin errimau zun; ikusita etxebizitza-komunitatietan zenbat auzi sortze'zian aparkatzeko tokiya, balkoietan barbakoak itia ta maskotek atayan kaka itia zala-ta, baleike neologismua erabilita zuzen ibiltzia.",central
prem1575,"Behin da berri esan tzun hura etxea bueltatziak zea esan nahi zula, “Beak hura etxea bueltatzia nahi zula”. Bueltau zan o ez, hurrengo kapitulu batian ikusiko'a.",central
prem1576,"Atzea in ta esaldi hori erabiltze'zu, ezohiko dotoreziya dakaen tokiyetan zabenian; adibidez, aperitibo bat zurrupatzen ai zeanian jatetxe dotore batian, inguruan esmokina jantzitako zerbitzari mordua dantzan dazkazula.",central
prem1577,"1972an, Phillip Morris, Inc. enpresan Miller Brewing Co. konpaiñiyak garagardo ariñan etiketa erosi zun Meister Brau Inc. enpresan erosketa batian.",central
prem1578,"[XVIII,4] ""Huevos"" dira argotian; alegiya, barrabillak, ez arrautzak.",central
prem1579,"Purtzileya: kalitate eskaxeko salgaiak, produzitzen merkiak.",central
prem1580,"Esplikaziyo hori aitu gabe, ezer gitxi interesatze'zait informaziyo hori; alegiya, ""surname"" hitza frantseseko ""surnom"" hitzetik datorrela.",central
prem1581,"Hala're, nahiz ta horrek westernan zaliak ikarau, aipu bat behintzat badao, testuingurutikan ateatakua, esate'una AEB lurperatzeko mehatxua in tzula.",central
prem1582,"Kaplan jaunan belaunaldiya hil in da neurri haundi batian, ta haren ondorenguan amerikanizatu in dia.",central
prem1583,"Batzuetan, sinixtu biharra dao ingeles-hiztun guztiyak psikiatriko batian sartu biharko ziala.",central
prem1584,"Errubrika orokorretan (Erantzun-ahalmenan testuinguruak, Entzulien erantzuna ta komunikaziyua, ta Erantzuten duen irakurliak) bildu dian hamabi artikuluek halako arrakasta lortu due gai hura tajutzen.",central
prem1585,"Gaztelerazko birauak irudimen haundikuak dia; esateako, ""echar sapos y culebras"", hitzez hitz, zapuak ta sugiak botatzia da.",central
prem1586,"196) Adibidez, jatorrizko lingua franca (Italiakoa, Frantziakoa) hizkuntza hibridua zala ikasi deu.",central
prem1587,"Hasiera-hasieratik, jendiak izena euki bihar tzun, nork bere burua identifikatzeko.",central
prem1588,"(Aurrea segi baño lenuo, baleike irakurliak balentria hau're probatu nahi izatia).",central
prem1589,"Dirulaguntzei probetxua ateatzeko artia eskian ibiltzeko mou bat da, baña hortan ibiltze'yanak earki asko jazte'ya.",central
prem1590,"Hala, askotan lotuta eote'ya hitz baten ortografia ta paradigma bereko beste hitz batzuena, o hitz horren ortografia ta haren historiya.",central
prem1591,"Honen bidez, Richard Lederer-en eskaerai erantzun nahi'yot, hamaika hitzeko esaldi bikaiñen lehiaketa dotore ta koherentia dala-ta [(Gramatikaren xarma, XVI, 4).",central
prem1592,"Iyoera matematikoko gida-argibide kodetuen masan, ordenagailluan, marratxo bat falta da, nahi gabe.",central
prem1593,"Hein batian, ezta oso lojikua Spenser-en lanetako ortografia historikua bere hortan lagatzia ta, aldiz, garai berekua izanda, William Shakespeareren artelanetako izenburuetan gaur eguneko ortografia erabiltzia.",central
prem1594,"Erreferentziako bi liburuzain galduta zebiltzan, etzekiten billaketa bat nola hasi.",central
prem1595,"Ezerre eztator ezerezetikan, Lucretius-ek duela bi milla urte argudiatu zuen bezela, ta tautologuek zuzen zebillela frogatu due.",central
prem1596,"Zaharkiñen zaplaztekuak dia, ezta?",central
prem1597,"Neska-lagunantzako galtzerdiyak erosi nahi nitueneako, aspaldiyan eon gabia nitzan Europa kontinetalian.",central
prem1598,"Izen ofiziala Flaviar anfiteatrua zan, Vespasiano enperadorian leiñuagatikan.",central
prem1599,"Alice kontra agertu zitzaion: Baña hori bestelako sendotasun-mota bat da. Orduan, beak erantzun zun: Nerekin sendotasun-mota guztiyak bat zetozen, zin dagizut!",central
prem1600,"Hamen, Oil Creek-en, indiyuek urgañeko petroliyua atea zuen, etxian erabiltzeko; kolono txuriyek botilletan sartu zuen medikuntzan erabiltzeko, ta Seneca Oil deitu ziyoen.",central
prem1601,"Jakiña, tipografia-akats guztiyak etzaixkiyo egotzi bihar tipografuan (o tipistan) ixkutuko asmo inkontziente bati.",central
prem1602,"Liburuak idazte'txuen hizkuntzalayak, itxura danez, beaien ikuspeyak zabaltze'txuen adituak dia.",central
prem1603,Pultsu-tonua ezta termino tekniko bat.,central
prem1604,"Ikusi al dezue artzayikan Broadwayn azkenaldiyan, o aitatu al due horrelakoikan The New York Timesen?",central
prem1605,"Indar armatuen segmentu bat eraikuntza-batailloia da (CB, Construction Batallion).",central
prem1606,"Skeatek, kasu hortan, eztu abixu hau kontuan hartuko, ta etorkizunian delitua errepikatuko'u.",central
prem1607,"Marka errejistratuen legia, AEBko Araudiyan bi liburu baño gehiyo betetze'txuna.",central
prem1608,"Beraz, bat iten det «negro» hitz arrazista gaitzestiakin.",central
prem1609,"Nields jaunak zea erantzun zun: «Oso pozik erabiltzen det ""adierazpen luziak"" esapidia».",central
prem1610,"Esate bateako, antolatzailliak laudoriyozko ohar batzuk prestau zitun sarrerarako, eskuz idatzita.",central
prem1611,Deborah Cameronek ta Deborah Hillsek (telefono bidezko irratsayuei buruzko liburu baten egilliak) Londresko LBC irratiyan ekoizpena aztertu dut. Irrati hori oso interesgarriya iruitze'zait.,central
prem1612,"Konposiziyo horren arabera, eztao dudaikan soken saillian sua piztu zala bapatian.",central
prem1613,"Beste mou batian esanda, mago baten artxila-murtxilan antzeko zoze da.",central
prem1614,Bigarren maillako sifiliyak sortutako Venus mendiko erupziyuan markak.,central
prem1615,"1774ko urrian 6an, New Yorkeko Gazette egunkariko iragarki batian, Italiako metoduan bidez kontabilitatia eramateko gazte bat eskatze'zan; beste batian, beste batek lanpostua eskatze'zun.",central
prem1616,"Baña egunkari, liburu, aldizkari ta albistegiyetako ingeles estandarran gramatika, lexikua ta hizkera erabiltzen baldin batxu, ikusiko deu haren azentua nabarmentzen dala, ta, igual, doiñua're bai.",central
prem1617,"Ordenagaillu-terminal baten aurrian exeri, kode alfanumeriko mouko bat tekleau, ta izen pilla bat agertu zian.",central
prem1618,"Maillatuei kalte arin esate'ye, ta maillatu haundiyei –alegiya, 500 dólar baño gehiyoko konponketa bihar duenei-, berriz, kalte larri.",central
prem1619,Esatian esatez irudimena galdu dun esaldi bezela definitu leike klitxia.,central
prem1620,"Leksikoaz aparte, gramatika –batez'e sintaksia– aldatu in da pixkat, baña ez uaingo irakurle estandarrek ez ulertzeko lain.",central
prem1621,"Kontu hoiek etzaixkit iruitzen bate interesgarriyak, entretenigarriyak o erabilgarriyak.",central
prem1622,Horrela dia gauzak diruakin.,central
prem1623,Komikiya aitatze'un erreferentziya bakarrian (The Penguin Book of Comics) eztao xehetasun haundiyikan.,central
prem1624,Sigmund Freud ezta tatxaikan gabia.,central
prem1625,"Gañea, editoriei leno baño gehiyo kostatze'zaie testuak dazkaen diskuak ta zintak ikertzaillien esku lagatzia.",central
prem1626,Diruak'e gauzen o animaliyen izenak hartu'txu.,central
prem1627,Hackerrek o «droupie» dialakuek seguruena errez itzuliko'ue hixkera ta jargoi informatikua ingeles normalo batea.,central
prem1628,"Baña txikitan Mejikoko mugako arrantxo batian bizi izan banitzan'e, goguan dakat gure iparraldetikan zetozen mendebaldeko kantetako arrantxo-hitzek lilluratze'ziatela; adibidez, «cayuse».",central
prem1629,"Hain zuzen'e, ehun adjektibo silotetiko baño gehiyo dabe.",central
prem1630,"«e»-k /e/ fonema adierazte du, ta hitz hortan «ebb» hitzeko «e»-an antzea ahoskatzen da, yiddishan aldaera guztiyetan.",central
prem1631,"Langille zentzakaitz hori kanporatzia agintzen da, 8. atalan arabera.",central
prem1632,"Egiya esan, elkarrizketa gurutzatuak hiru ironien antzekuak izan leizke batzuetan, asmuan, entzulien ta efektuan arabera.",central
prem1633,Bagenekin zehatz-mehatz ze esan nahi zun.,central
prem1634,"Hala're, Levitt jaunan alabak azaldu zunez, normalian soka elastiko bat eote'a gauzak lotzeko; adibidez, bela bat mastara, objektu arinak maletateira eta abar.",central
prem1635,"Gogobetetasun subjektibua arazo-iturri da hitz arrunt baña legezko bat baño gehiyo, eta ez erabiltzen saiatzia komeni da.",central
prem1636,"Esperantuak benetako hizkuntza bihurtu nahi baldin badu, hizkuntzek bezela jokau biharko'u ta, denbora gitxiyan, hizkuntza naturalek sufritze'txuen ahulezi beak sufriuko'txu, alegiya, polisemia ta pleurisemia.",central
prem1637,"Hala're, Honeyen tratamendua oso ondo esplikauta dao, ta Estatu Batuetako azentuei buruzko lanak irakurtze'txuenek ondo ingo zuen lan hortan ezarritako printzipiyuei jarraituta.",central
prem1638,Jack Brooks bozeramaillian hitzen bitartez ailleau zitzaien entzuliai terminuen eskema.,central
prem1639,"Tximista bezain azkarra izan nitzan, badakizu.",central
prem1640,"Emate'unez, politeismuan ta monoteismuan arteko zoze da, eboluziyoko prozesuan galdutako katebegi bat emate'un kontzeptu erabilgarri bat.",central
prem1641,"Suitzan lehenbiziko aldiz bulego batian lana in nunian, ez frantsesa ta ez ingelesa etzezkin idazkari bat euki nun, ta, hortaz, neuk idatzi bihar izate'nitun gutunak hizkuntza hoietan, geo harek mekanografiatzeko.",central
prem1642,"Etzaixkiyo bate inporta frantseseko subjuntibuan konplexutasunak, ta ezta ahalegintzen'e.",central
prem1643,Gizon harek aldarrikat zun «gizon» hitz generikuan emakumia're sartzen dala.,central
prem1644,"Liburuan ahoskeren zerrenda bat zeonez, han beitu nun, baña alperrikan.",central
prem1645,"Era berian, eskuzko idazmakiñetan, inportantia da bihatzekin indarra itia hitzak sortzeko, eta ez hainbeste elektrikuak (o elektronikuak) izatia.",central
prem1646,"Eztaka zentzuikan Gruyare gazta ta Suitzako Gruyare bereiztiak, ze berez handikan dator gazta, nahiz ta Gruyare eztan hiztegiyeko atal geografikuetan aitatzen.",central
prem1647,Ikusten al dezue hango pizti txiki hura?,central
prem1648,"Asko gustatze'zait argitalpen zaharrak irakurtzia, ze horrela urtero 400 orrialdeko bi liburu irakurtzia dakazu.",central
prem1649,Gora ta behera saltaka itia.,central
prem1650,Suediako Eliza ta Suediar Eliza eztia gauza bea.,central
prem1651,"Tren-geltokiyai (o terminalai) «DEE-po» esate'ziyoen toki batian hazi nitzan (Hegoaldian, gurasuek han hazi ninduen-ta).",central
prem1652,"Emate'unez iñorrek eztaki kirol hoiek saredun pista batian, paeta baten kontra o bi mouetan jokatze'zian.",central
prem1653,"Aldietako bat da beste talde batzuek hori egin behar dutela, ze, funtzionau ahal izateko, esanahi berriak gehitu bihar dizkiye hitzei ta esaldiyei, o hitz ta propietate berriyak asmau bihar'txue.",central
prem1654,"Estatu Batuetako leku-izen batzuek kutsu bereziya dakae: Maggie's Nipples, Wyoming, Greasy Creek, Arkansas, Lickskillet, Kentucky, o Scroungeout, Alabama.",central
prem1655,"Poliglota mesfidatiyak izateko fama dake, baña ezta bate ohikua ingelesak elebidunak izatia.",central
prem1656,"Hala, gustoko gai bat topau ta geo, hurrengo pausoa da, gitxiyenez, harei aldaketa txiki bat inda erreproduzitzia.",central
prem1657,"Auld Aliantza sortu zan, Frantziyan ta Eskoziyan arteko akordio-itun bat.",central
prem1658,Horrek eztu esan nahi Mendebaldeko tradiziyuak gizalegian gañeko monopoliyua dakanikan.,central
prem1659,Banketia ezta parketa.,central
prem1660,"Erromako gida inportantienak seriyo dio eraikin horrei «Il Colosseo Quadrato» ezinena jarri diyoela, hau da, «Koliseo Karratua».",central
prem1661,Deitzailliak dio: «Eskerrik asko nere deiai erantzuteagatikan»,central
prem1662,"Haren aurrekariya estranguria izan tzan (1398), txixa ite mantxo ta mingarriya, gaur egunian nahiko arrarua.",central
prem1663,"Via di Ripetta ustekabian bihurtu da Via della Scrofa, alegiya, «Txerramen kalia», kale hortan bertan daon eskultura zahar bat dala-ta.",central
prem1664,"Ta lasai eon, Dalrymple andereñua, hitzaldiyen gidoien argitalpenak berreditatze'itutenian, ingeleseko ohiko erabillera akademikora itzultzen naiz beti.",central
prem1665,Gure lexikuan billakaeran eon dan prozesu linguistikua ezta oso eraginkorra.,central
prem1666,"Baleike haietako batzuk presuek asmautakuak izatia, haien lexikua murritzegiya zan-ta kontzeptu, gertaera o egoera hoiek izendatzeko.",central
prem1667,"Inglisak ta ingelesak hitz, esapide, gramatika, ahoskera ta erritmo desberdiñak dazkae.",central
prem1668,"Oso tentuz ibili bihar deu hitzen jatorriya jolasai egozte'yoen etimologiak proposatzian, o etimologia ziharo hutsak ta askotan herrikoiak proposatzian, ze horrelakoek eztue ezerre ekartzen espekulaziyo hutsetikan haruo.",central
prem1669,"Davidsonek etzun «scone» hitza «bone» hitzakin errimauta ahoskatu biharko, ze Victoria, bea bizi dan tokiyaa, oso-oso ingelesa da.",central
prem1670,25 dolarreko batez besteko nobela bat (200.000 hitz) 8.000 hitz/euro ordaintzen da.,central
prem1,"Bon, enin hortan pentsatzen e, bena hoin frustratua nintzan, berritz mintzatu nintzan harrekin.",nav-lab
prem2,"Ta pentsatu nin hoi pribilegio at zela, ta hala zaiten seitzen du, nihaur nintzan beatzi bi bi ixa zero bakarra, hoi zen ene AFSC Aireko Indarren Karrerako arloa.",nav-lab
prem3,"Rran zautaten azkenian gizon bat deituko zutela, ezautu nezan.",nav-lab
prem4,"Hoinbertze gauzaz mintzatzen ahal zira, hoi ezpeitut aipatuko.",nav-lab
prem5,"Hoi zen salbatu nahi ginin gauza nausia, ezpeitzen maneraik 20 (hooi) megatoiko hidrogena bonba at botatzeko 30 (hoitamar) batetik, C124 batetik.",nav-lab
prem6,Eniz seur zendako.,nav-lab
prem7,"Hau Fannie Flono da, ta Augustan hazi zen, Georgian, ta bee haurtzaroko istoio atzuer buruz mintzatuko da.",nav-lab
prem8,Ta nik bortz U2 destakamentu nitin.,nav-lab
prem9,Ni nintzan miniatuazko altitude ganerretan probaako erregulagailuak baliatzen zitin bakarra.,nav-lab
prem10,"Sarjenta buria niz, erretretan, Rickek rran gisan.",nav-lab
prem11,"Sos fluxuain proiekzio zomeit badira mahainain gainian, ta, delako ta Cutty atentzat da, hoi da bezeroain izena.",nav-lab
prem12,Launtzen ahal nauen neska hiriain ertze aldian da.,nav-lab
prem13,"Bena soroko eskiak nor zien ta etxeko haurrak nor zien, hola zen...",nav-lab
prem14,"Hiuarren SSaz, U2 Quick ta Blackbird-ai buruz mintzatuko zauku gaur.'",nav-lab
prem15,"Bortz seme-alaa baizik etzuzten, ta hoitaik bat zendu zen.",nav-lab
prem16,"Ta, naski, Androv Gromikovek etzin deus ihardetsi, bena informazio guzia ginin, U2ak graatutako filmetaik.",nav-lab
prem17,"Rran zin bakarrik anpuluak isurtzen zitzazkola beietatik, ta rran zin geo Joe aterbeat jin zela.",nav-lab
prem18,"Aireuntzia sutan zanik e, erreko litaike, ta urtu ber litaike, berunezko piezen barnekaldia, erradiazio ateatzeko.",nav-lab
prem19,"Clem Francis sarjenta buria da, AEBetako Aireko Indarretaik erretreta hartua.",nav-lab
prem20,"Bon, mementu atez, aste aten barnian bizpahiu aireuntzi heltzen zien, ta enakin noat joaki zien hegan.",nav-lab
prem21,"Presio jantzi osuekilan deia entrenamentua errezibitua zuten, ta hortako bertzen denboa.",nav-lab
prem22,"Rran nahi dut etzela irriskuik lehergailuaikilan sartzeko, ezpeitzen lehertuko lurra biziki goor joik e.",nav-lab
prem23,Idui du entseatzen ai nizan hoi dela.,nav-lab
prem24,"Haatik, kaalak libro gelditzen zien, beeziki ahuntzak.",nav-lab
prem25,Bortak zarratuak zien sartu ginelaik.,nav-lab
prem26,"Ordian, totalak hartu ta hola in ber zan ginin manera.",nav-lab
prem27,"Jin zen, borta ideki zin, ta orroit ut gieleat so in nila ta bisaiko keinua kusi nakola, ta ohartu nintzan dezepzionatua zela.",nav-lab
prem28,Eztut denda zehatzik.,nav-lab
prem29,Etzin nehoiz deus bee baitaik in berrik ukan.,nav-lab
prem30,"Ordian, pentsatu nin, ene Jinkua, ta Ramona han zen xutik.",nav-lab
prem31,Ta afera da arina zela!,nav-lab
prem32,Eztakit eian Augustan gelditu zen horren ondotik.,nav-lab
prem33,"Etzaukuten nehoiz rraiten noat joaki zien, basetik noapeit joaki zielaik istant batez han gelditzeko re ez.",nav-lab
prem34,"Rran zien: leku at ordaintzen ai gira, han egon ziten.",nav-lab
prem35,"Bon, ondoko eunian, naski, Kennedy presientak blokeoa zarri zin Kuban, gue untziek untzi errusiar bat geldiaazi zuten Kubatik kanpoat joaki zelaik, ta misilak atxeman zuzten.",nav-lab
prem36,Gizona sartu zen.,nav-lab
prem37,"Ene aitatxi-amatxiak beti zan zien iziarri maitekorrak, ta aitamak e ba, ta biziki untsa pasatzen ginin han.",nav-lab
prem38,Enin astiik delako ta gauza hoi sartzeko.,nav-lab
prem39,Ta ene lanetako at zen jendia entrenatzia bonba atomika bera leherraazten din arma nuklearren tiraailuei parraxüta zartzen.,nav-lab
prem40,"Amatxik bee ttipitako istoio ainitz kondatzen zauzkitan, ta, beeziki, familiaz mintzo zen, ta garai hoik nolakuak zien.",nav-lab
prem41,"Presio jantzi osuak gintuen heazkinian, astronautek zartzen zuzten bezalakoak, bena guriak zilar koloekoak zien osoik, botak ta guzi, berua mirailatzeko, naski.",nav-lab
prem42,Aitatxi etzen gizon goxoa.,nav-lab
prem43,"30 (hooitamar) do 40 (berrooi) U2 heazkin dira, ta pilotu txinatarrek, pilotu britainiarrek, mundu uziko gue aliatuekilan hasi ginin entrenamentua.",nav-lab
prem44,"Rran zin: soizu, xekazu hau halako konpainiain inguruan.",nav-lab
prem45,Iparraldeat joanak ziela ran zin.,nav-lab
prem46,"Ez, zintzoa zaiteko, nehoiz enin leitu leitu ber nin libruik.",nav-lab
prem47,"Aitzinat sei, ekipaja bildu ta joan ber nin helbideat joan nintzan.",nav-lab
prem48,Alimaleko omore kamiamentua zan zin.,nav-lab
prem49,"15 (hamaortz) presuna baino gehioin artian hautatua zan nintzan eskola hortat joaiteko, ta eniz joanen.",nav-lab
prem50,"Zomeit altitude ganbeetaik pasatu ber dute, zomeit aldiz, U2ak pilotatzen hasi aitzin do presio jantziekilan hegan in aitzin.",nav-lab
prem51,Gauza bera ai niz gordetzen.,nav-lab
prem52,"75 (Hiutan hooita hamaortz) urtian hoi gertatu zen lehen aldia zan zen, Texasko leebiltzarrak unitate militar baten alde bozka man zila Texasko enbaxadoe zaiteko. Hots, Texasko enbaxadoiak ber zuzten.",nav-lab
prem53,Zeit ite al dut?.,nav-lab
prem54,"Gorroto zin hoi, ta eunero rraiten zakon ahizpai gaizki ai zela.",nav-lab
prem55,"Harren etxeat joan nintzan, ta, geo, heldu nintzalaik deitu ber nin zenbakiat deitu nin.",nav-lab
prem56,"Bon, gaur goizian heldu niz, ta, ahantziut nola, uste ut galde at in tutala ta hua aertu dela.",nav-lab
prem57,Ez ginakien noat joaki zien.,nav-lab
prem58,"Bena pentsatu nin, ahantzi, gose nizano krakada jane ut.",nav-lab
prem59,"Pentsa, gaur antsu lana uzteko punttuat heldu niz.",nav-lab
prem60,"1880 (mila zortzi ehun ta latan hooi) alde, 1889 (mila zortzi ehun ta latan hooita beatzi)an, usteut, ordian sortu zela rrane nuke.",nav-lab
prem61,"Hobe da abisa ttipia pittat askatzia, kalte iten ahal beitie birikei, biziki errexki.",nav-lab
prem62,"Del Riorat (Texas) joaiteko manamenduak uka nitin, ta hat heldu nintzalaik, bon, Aireko Indarren Laughlin baseat joan ber nila jaki nin.",nav-lab
prem63,"Mundu guziai xanpaina maiten zitzakon, ta zomeitek etzuten eaten; beaz, haurrek eaten zuten, hots, xanpain hoi guzia eaten aitzen ginen.",nav-lab
prem64,Istoio ainitz badira hiri buluzian.,nav-lab
prem65,Heazkinak entseatzen dituelaik bizi da ta kasten du.,nav-lab
prem66,Hoi da afera.,nav-lab
prem67,"Kuba gainetik pasatu zen aireko base atetik, ta, seur da, Rudolph Anderson lurreat bota zuten.",nav-lab
prem68,"Seurraski, hoi da haur garaitik orroitzen dutan lehen gauza, beeziki gaizki zan zen zeiti buruzkoa.",nav-lab
prem69,"Eun hoitan beltza zaitia etzuten maite, xinpleki, ta seurrik e 30eko (hooitamarreko) hamarkaain hastapenian in zuten.",nav-lab
prem70,Nehok etzakien noat joan zien.,nav-lab
prem71,"Ta zin zien Auguzta alde gelditu, jendiak bazakielakotz zeit iten entseatu ziela, eiazki tabua, xuri eite hartzen entseatu ziela.",nav-lab
prem72,"Ba, bon, gizona hemen da.",nav-lab
prem73,Zeit soiten ai ginen teleistan.,nav-lab
prem74,"Haatik, berritz Ramonaikilan elekatu nintzala usteut.",nav-lab
prem75,"Kubako krisiain biktima akarra zan zen, ta Kaiser argazkiak ateatu ta Washingtoneko aireko indarren Andrews baseat abiatu zen xuxenki.",nav-lab
prem76,Rran zin: eztuzu bizia ene gisan konpreitzen.,nav-lab
prem77,"Geo konpreitu ut, ta, ados, bena horrekilan ze in?",nav-lab
prem78,"Eman minuta at pikatu nahi bauzie, ta joanen niz.",nav-lab
prem79,"Beaz, Washington DCat joan nintzan, ta enintzan xuxenian joan, uh, uh, ene manupian rran zautaten gisan.",nav-lab
prem80,Azal argiko presuna beltz bat zen.,nav-lab
prem81,Aitak ealontzi haundi at xokolatesne in zin enetako.,nav-lab
prem82,Garraio Departamentuak lursaila ta holakuak eosi ber zitin.,nav-lab
prem83,Seurrike sortuko zen.,nav-lab
prem84,Baakit zoin urrun heldu nizan.,nav-lab
prem85,"Ados, entzuten ahal nuzu?",nav-lab
prem86,Rran zinin etziela orroit deus partikularrik leitziaz eskolan zaharraoa zinelaik. Leitu zinin maite zinin do hastiatu zinin libruik?,nav-lab
prem87,"Injektatze at zartzen din abisa ttipi at da, arnas presioko hodia pilotuai ta kontrako presioneai estekatzen dako.",nav-lab
prem88,"Hola raiten du: ez kexa hortako, har be uzun astia.",nav-lab
prem89,"Kennedy presientak hau rran du pilotuer: 'Jaunak, ateatu argazki onak'.",nav-lab
prem90,Ta nik pentsatu nin antsu fini nila.,nav-lab
prem91,Dena iskriitzen entseatu nintzan.,nav-lab
prem92,"Ez, 1900ean (mila beatziehunian) sortu zen, 16  (hamasei) urte zitilakotz, ta 1926 (mila beatziehun ta hooita sei) alde zanen zen, 1930a (mila beatziehun ta hooitamarra) aitzin.",nav-lab
prem93,"Beaz, eiazki inteesanta zan zen.",nav-lab
prem94,"Bee ahizpa xuria zela rraiten ahal zen, ta xuria zela rran zin, justuki.",nav-lab
prem95,"Bon, bee aita zaiteko bezein zaharra zen antsu.",nav-lab
prem96,"Hoi, ni bizi euskarriko 922 (beatziehun ta hooita bi) bakarra nintzan, ta ertzia launtza fisiologikokoa zen.",nav-lab
prem97,"Nik pentsatzen nin han berian sartuko zela, ta pentsatu nin husteko enekilan, ni easiatzeko, enilakotz finitu.",nav-lab
prem98,"Bon, seur, rran gabe doa, ez ginin pettoik iten ahal.",nav-lab
prem99,Ta gauez enin loik iten ahal.,nav-lab
prem100,Eiazki defentsa ona zin.,nav-lab
prem101,Nehoiz ez rraiteai buruz…,nav-lab
prem102,Gu hemen gaindi bizi gira.,nav-lab
prem103,Ta biziki fite ai da mintzatzen; muikorretik ai da.,nav-lab
prem104,"Eniz orroit zer zen, bena supituki zainetan zarri nintzan lehen aldikotz eskolat joan ber nila, ta hoi zan zen ene biziko eunik ztrezaarriena.",nav-lab
prem105,"St. Louitik landa bizi zen, Jefferson City ta St. Louis, Moin artian.",nav-lab
prem106,"Del Rioko leku atetat iortzen ai nintzan, ta geo Laughlin Aire Indarrain Oinarriat joan ber zan nin.",nav-lab
prem107,Futitzen niz nola ite uten.,nav-lab
prem108,"Ordian, soizu, Ramona nun den jakine ut, ta han deitukout.",nav-lab
prem109,"Anartian, aireko indarrak SR71 (EZ ER hiutan hooita hameka) eosi zin, uai A-12 (A hamabi), CIAikilan lanian ai ginena.",nav-lab
prem110,"Ordian, arrebain senarra e argi zen?",nav-lab
prem111,"Xahartzen zen denboan, haatik, etzin nehoiz onartu etzela xuxen, bena kamiatu zin jokamoldia.",nav-lab
prem112,Gizon haundia zen otto.,nav-lab
prem113,"Han bizi zen ahizpainganat joan nintzan. Senarra lanian ai zen ta Inteligentziaikilan lan ite zin, ta ni bee etxeat joan nintzan.",nav-lab
prem114,"Nik uste nin: Bon, nik ertze presuna ati ihes inen dakot, bena ordian nik pentsatzen nin: Ula!",nav-lab
prem115,"Minuta at joka ai da mahain gainian, ondokoa untsa da, ene mahain gainian ukaitia, dah, dah, dah, dah, dah, dah.",nav-lab
prem116,"Bizkitartian, hat heldu ta rran zin: 'Nola ai zira heltzen?",nav-lab
prem117,"Geo hor gaindi itzulika ai nintzan, eztakit, eun hortan eun guzia maiten zin.",nav-lab
prem118,Harrek tuerkulosia zin ta nik e enakin.,nav-lab
prem119,"Eztuzu iten ahal, etzira biziik eoiten ahal kontrapresioneik ezpauzu, altitude hoitan arnas presionea haunditzen bauzu.",nav-lab
prem120,"Seidan hasi nintzan, uh, lekuan berian zien ertze bi motetako hortan treatzen.",nav-lab
prem121,"Kuota atetik at bazen, doiketa atzu in ber zazkon erreulatzaileai berari.",nav-lab
prem122,"Uh, nihaur nintzan ono akarra ta beatzi biga akarrik zarri nitin injekzione erreulatzailian.",nav-lab
prem123,"Ezkontzain zeremonia e etzin konpreitzen, etzakin esposatu zela, eiazki...",nav-lab
prem124,Hat joanen gintaizke.,nav-lab
prem125,"Ta ertze haur ttipiak tratatzeko manera noena zen, nolazpeit, baakitelakotz.",nav-lab
prem126,"Bikaina zan zen, ta janzkiak haize pittat jo zin...",nav-lab
prem127,"Uh, ene denboain zati haundi at iraan nin, uh, aktiitate beezituetan.",nav-lab
prem128,"Ta galdein nakon, baakizie, iten ahal nin, e, gauian gelditu ta in ber du, do bihar euerdian in ahal zanen du, ongi bauzu?",nav-lab
prem129,"Bena, uh, herri ttipi atian bizi zien Augustako kanpokaldian, Evans deituikoan, ta Evans existitzen da ono, ta hor dira ono ene haurride ainitz.",nav-lab
prem130,"Ene ahizpak beti rraiten du: 'Batzutan amatxien gisan zira, jendia eztuzu ongi tratatzen, arrazoin makurrengatik'.",nav-lab
prem131,"Ordian, etxe berri atetat joanen gira.",nav-lab
prem132,"Nik uste nin, untsa, hoi ona da, baakie, hola.",nav-lab
prem133,"Ta tindu tatxak 100 grautik behin kamiatuko dira mentuaz, gorria zan ditaike, urdineat kamiatuko da mentuaz.",nav-lab
prem134,"Biziki fite jan nin, ahal bezin fite, ta geo han jin nintzan, ta azkenian laundu zautan.",nav-lab
prem135,Ahizpain senarra e argi zen.,nav-lab
prem136,"Zernai gisaz, O2-erreguladoria asmatzia pasten zaie kaskotik.",nav-lab
prem137,"Beaz, Laz Vegazeat, NVat, joan ginen, ta, Washingtonen in nin gisan, Laz Vegazeko zentroat joan nintzan.",nav-lab
prem138,"A, laugarren maila biziki jostaarria zan zen.",nav-lab
prem139,"Fitxa paketa at din artxio aten gisakoa da, fitxa akotxak kalkulu orri difeenta du.",nav-lab
prem140,Futitzen niz nola ite uten.,nav-lab
prem141,Ta Mallard Creekeat joan zien Charlotten.,nav-lab
prem142,"Bea ministro aten semia zen, ta, beaz, ontasunak ta gauzak zitin, biziki untsa konektatuak zien komunitatian ta biziki estimatuak zien.",nav-lab
prem143,Ta nik enakin zomat xehetasun nahi nitin.,nav-lab
prem144,"Ta um, difeenta da, bezeo akotxain azpian bezala, fitxategi guziak dira.",nav-lab
prem145,"Errexo da, beak man zautana bezin zehatza ta konplexua, ta biarrena dena xinplia.",nav-lab
prem146,"Hain seur, egia rran, etzien Auguztan bizi, bo, baakizie, Auguzta ono hiri at zen denboa hartan, nahiz eta Auguztain gisako hiri haunditako presunendako ezten hoin haundia.",nav-lab
prem147,"1962 (mila beatzi ehun ta hiutan hooita bi) ondarrian, Washington, D.C.at joaiteko ordrea ukan nin.",nav-lab
prem148,"LAAk bee jabetza hartu zilaik, Concordeko zona ttipio ateat joan ginen. Han ezta kaalik ukaiten ahal, zonatan zatikatua beita, ta hoi da kaalen histoiain akaantza.",nav-lab
prem149,"Alaaina, hedatu gira, ta uai rraiten ahal dut, hortako, uh, Kadina, Okinawan hedatu ginela, ta hoi 1968an (mila beatzi ehun ta hiutan hooita zortzi) zan zen.",nav-lab
prem150,"Rran zautan zer ber zin zehazki, ta zer ber zin eun.",nav-lab
prem151,"Joan zen, ta ez arrenkuatzeko rran zautan.",nav-lab
prem152,"Soizu, prolemak tutzu.",nav-lab
prem153,"Hastapenian, ama etzin hain laket, ta, beaz, sooetan lan iteat iorri zuten, ta ertze zomeit haurrek, aldiz, etzuten sooetan lan iten.",nav-lab
prem154,"Jendeai galdeiten seitzen zuten, ta nehok etzakin nun zien, ta, azkenian, onartu zuten Joe etzutela erritz kusiko.",nav-lab
prem155,Ahizpaina zela rran nien.,nav-lab
prem156,"Rran zin ama aitzinat makurtzen zela, ta so in ta rran zin, hua bezala iilki da.",nav-lab
prem157,"Lili hostoak gainian biltzen ai da, ta nik enakin ze ondoio kartzen zin.",nav-lab
prem158,"A, inteesgarria atxeman nin ertze gauza at da ene ahizpain lehen orroitzapenetako, ta gieleko kur hortan berian zan zen.",nav-lab
prem159,"Ztrezaarria zan da, ta arrazoin guzia banin gaur ztrezatzeko, iten etzakin zeit maiten ai zitzautan: hemen duzu, in tzazu.",nav-lab
prem160,"Hemen duzu, gaurko nahi du.",nav-lab
prem161,"Maleuski, ono kamiatu ginen etxez.",nav-lab
prem162,"Enin Faulk anderia biziki untsa zautzen, 80 (latan hooi) urte zitin ta presuna ona zen, batzutan kusi nin, bena ni zainetan zartzen nintzan.",nav-lab
prem163,"Mallard Creeken bizi ginen, 85 (latan hooita ortz) zenbakian; eun, 485 (lau ehun ta latan hooita ortz) bidia bada han berian. Ordian, dila hamar urte, etxez kamiatu ber zan ginen, 485 (lau ehun ta latan hooita ortz) bidiain erruz.",nav-lab
prem164,Idui zin ta nausiak nortasun zatitua zila.,nav-lab
prem165,Ene aita zaiteko gisako adina bau.,nav-lab
prem166,"Dena lotua da, ta, jinkua, eztakit zomat iauten din.",nav-lab
prem167,"Uaikuan, neska han zelakotz e enintzan uros, ztrezatua beinintzan.",nav-lab
prem168,Ta gauza ainitz pasatzen da amak drogak hartzen ai dielakotz.,nav-lab
prem169,"Ba, eerra da, in du uriik?",nav-lab
prem170,"O, ze balio din giza biziak ta norbeit birgaitzen ahal den do ez",nav-lab
prem171,"Ui ui, kabletan prolema bitxi at duzu.",nav-lab
prem172,"Biziki jostaarria idui du, harriarria da enetako zomat gauza onartuko tuzketen",nav-lab
prem173,"Ba, hoi. Rran nahi ut hornitzen zien denboan ta hoi inez izerditzen zien denboan, zu Club Med-en bakantzetat joaiten ahal zira, guzia barne",nav-lab
prem174,"Bena, zernahi gisaz, ene haurrek uai hooita at ta hooita lau urte tuzte; beaz, eztut behar",nav-lab
prem175,"Ba, bon, Fresno da hau",nav-lab
prem176,"Ba, noiznahi lanian zaiten ahal dien presunak, do hautuak in ber badira heien hautuak lausotuak zaiten ahal dienak.",nav-lab
prem177,"Ez, ono tzulian dira, hiutan hooiko hamarkaain hondarretik hunat ibilki dira tzulian.",nav-lab
prem178,Nola inen zinuke aerobik?,nav-lab
prem179,"Bon, hoi ona da, eztut hortan pentsatu.",nav-lab
prem180,"Euneko zaintza astian bi eunez, xaharrendako euneko zaintza deitzen dakote, bena hiuarren adinekoendako zentroat joaiten da.",nav-lab
prem181,Hoi zen haien xedia,nav-lab
prem182,Armak kontrolatzeko bi esku baliatu ber dira,nav-lab
prem183,"Ta, tanpez, eztakit nundik heldu den, bena nunbeitik heldu da",nav-lab
prem184,"Ez, justuki, eztakit deus horri buruz, eztut uste",nav-lab
prem185,"Ba, bikaina zen",nav-lab
prem186,Iadoki zin zerpiller at baliatzeko.,nav-lab
prem187,"Biziki gaizki da egoera hemen, autopistan tioketa at zan duu berriki, gue etxetik 3 etxetaat.",nav-lab
prem188,"Egia uzu, ezta biziki trinkoa.",nav-lab
prem189,Atxikitzen entseatzen ai niz,nav-lab
prem190,"Ba, ze xakurkume mota uzu?",nav-lab
prem191,Zue haurrek zomat urte tuztela rran zinin,nav-lab
prem192,"Seurrik e etzien munduko presunaik argienak, bena biziki goxuak zien ta kasteko prest zien presunekiko inteesa zuten.",nav-lab
prem193,"Behin, ekitaldi atetik tzultzian, kanpalekuain inguruan argiak piztu ginituen, ta mofeta at bazen hor berian.",nav-lab
prem194,"Baakizu ene haur guziak paregabiak diela, eiazki onak dira, ta pentsatze ut mutiko xaharrengandik e kasten dila, bena",nav-lab
prem195,"Ta horrek karriko luke jendiak bee zikinkeia gehio trinkotzia, ta bolumena muatzia, seurrik e, eiazko prolematik hurbilo da pisua muatzia baino.",nav-lab
prem196,"Beaz petto at bada, zue pettoa da.",nav-lab
prem197,"Biziki untsa baakizu josturak ta holakuak iten, ta biziki bukatze lan profesionala ute.",nav-lab
prem198,"Ene postuan bi aste tutzu hasten zielaik, ta geo urtero eun gehiarri at maten dautzute, lau aste zan artio.",nav-lab
prem199,"Hoi da mendian bizitziain onena, eztuzu holako deustaz kezkatzeko beharrik",nav-lab
prem200,"Ene elea, abentura airia du horrek",nav-lab
prem201,ta uai ahizpa at baut Alemanian,nav-lab
prem202,"Alaa ttipi at baut uai, ta zaila da hat eremaitia, bena ineut",nav-lab
prem203,uda ona pasa,nav-lab
prem204,"gu ezkira eiazko natualistak, ez horren eitia din deus e",nav-lab
prem205,"Aitatxi-amatxiak orroitut, ta beti jalitzen nintzan bideat, ta biera kanetak ta holakuak biltze nitin.",nav-lab
prem206,"beaz, hau ezta xakur atekilan duzun lehen espeientzia.",nav-lab
prem207,"ba, ba, ez kondatu guzi-guzia",nav-lab
prem208,"ez, campüzetik at bizi niz",nav-lab
prem209,"gizonak, karguik gabe, emazte ohia laankatu zin hil artio, ertze gizon atekilan oheratzen ai zelakotz; rran nahi ut emazte ohia dela, baakila baakizu mintzatzen ai giela ta",nav-lab
prem210,partidain aurrezkiain aire at bazin,nav-lab
prem211,"Wills Pointekoa zen, eztakit ezautze uzun",nav-lab
prem212,"muntra nin ta zapeten gainian erori zen guzia, ta zuhaixkak xuri gelditu zien",nav-lab
prem213,"Amodioz iteute; beaz, ofizialain ideia ideia ona da",nav-lab
prem214,"beaz, iziarri ona idui zin",nav-lab
prem215,"kanetak untzi atian ta kristala ertze atian gordetzen tuu, ta paperra ertze atian, behin betia delaik, otoan kargatzia ta eamaitia oinaze hutsa da",nav-lab
prem216,"Locust Hill, ados, biziki untsa",nav-lab
prem217,"Bermuda soopila at baut hemen, ur ainitz ber dina, ta biziki laur atxiki ber da golf zelaiko greenain eitia ukaitia nahi bauzu.",nav-lab
prem218,"Nikel bat gehio do hooitamar zentima gehio da sei botoilako sorta, ta mundu guziak muga zeharkatzen du edari merkeenak eosteko.",nav-lab
prem219,"ba, entzute ahal dut",nav-lab
prem220,"Artikulu at eoste uzun aldi akotx, beeziki artikulu haundi at, ordaintzen ai zien horri inposen % 10 alde gehitu ber duzu beti.",nav-lab
prem221,"Ezta usaiakoa, bena launtzaz iten da",nav-lab
prem222,"hoi da bee plana; beaz, espeo tu baietz",nav-lab
prem223,"hoi, bena lege berriekilan biziki zaila da uai",nav-lab
prem224,"Ui ui! Etzin lege bat e seitu, ta idui zin futitzen zela; seur, bota zuten xuxenian.",nav-lab
prem225,"ba, idui luke ta eztela posile, ez?",nav-lab
prem226,"Washingtonen ta iraazi gabeko Buffalo New Orleanzen ta Chicagoin artian da afera; naski, Chicagok bi aldiz baizik eztu galdu ta hoitako at Buffaloin kontra zan zen.",nav-lab
prem227,"bai, jauntzien gaineko inposak baitugu",nav-lab
prem228,"Bo, maiteut girua",nav-lab
prem229,"nik haur bat baut, hemezortzi hilaiteko neska ttipi at",nav-lab
prem230,"hark din biarrena kumaldiko xakurkumeetaik bat zan zen, ar bakarra, hortzetako prolemak zitina.",nav-lab
prem231,"to, handik ai zira mintzatzen?",nav-lab
prem232,"egia rran, eztakit, ono ez peitut hoinbertze zmokin jantzi ber izan.",nav-lab
prem233,museotat joan zinen Europan?,nav-lab
prem234,"Bon bon, ze pentsatzen du zue senarrak zue tixertaz?",nav-lab
prem235,"Aluminiom urtua e ez, aluminiom prentsatuz inak zien.",nav-lab
prem236,ta sasoin hartan izitzen nindin,nav-lab
prem237,"ta, geo, seurrik e so inen nuke zomat ordaintzen ahal duten",nav-lab
prem238,"eniz orroit baietz idui zin do ez, bena mentuaz ez",nav-lab
prem239,teleista ebasketaindako gaztigu egokia heriotza dela uste uzu,nav-lab
prem240,"hondartza ederra zen, ta leku egokia zen hat joaiteko; beaz, hoi da, seurrik e, gehien maiteutan lekuetako at.",nav-lab
prem241,Zarri kola publizitate at han,nav-lab
prem242,"untsa, beaz, utz argitzen, piztoletendako bortz euneko iguikatzia justua zanen litaike zuetako.",nav-lab
prem243,"ba, cocker zpaniel at zan nuelaik aire zaaleko xakurra zen, ta uste ut nahio nila",nav-lab
prem244,"ustez, zazpi eunez, zue iraganai so inen dakote, ta preso ohia etziela eiaztatuko ute.",nav-lab
prem245,baakizu nahio nukela heazkin bateat igan ta hat heldu ta geo gozatu,nav-lab
prem246,"dila hilaete atzu, sei epaimahainkide zituztelaik, pentsatu nin bazakila hamabi gizonek epaitzen zutela.",nav-lab
prem247,"kreitu koopeatietako zuzendari nausi guziak ta holako jendia; beaz, kreditu koopeatiekilan ze ai zen pasatzen bazakin.",nav-lab
prem248,"Baakit mundu guzia beti dela lanpetua ta kezkatua, ta prolema ainitz baela, ta jendia eztela seunda batez zartzen ta mintzatzen ta jakiten guzia untsa pastuko dela",nav-lab
prem249,"Brian, Planon, Texazen, gaur untsa?",nav-lab
prem250,kaosa beizik eztu kartzen.,nav-lab
prem251,"ba, hoi ta bera in dut eun, Darkman eosi ut, kusi uzu eztutala kusi ono, gaur gauian kusiko ut seurrik e.",nav-lab
prem252,"Ai ai ai, Inglesian lizentzia ut, ta leitzia maiteut, punttu",nav-lab
prem253,"ta, ai! Burian iltzatua ut, mila zortziehun dolar ordaindu zitin perroketa atentzat, ezin sinetsia.",nav-lab
prem254,"ta guttiengoa zira, betikotz",nav-lab
prem255,"seurrik e gehio da, sareaz gozatze utalakotz, eunkaia leitzeko astiik eztutalakotz",nav-lab
prem256,"Heiek ta nihaurrek maite tugu heien zomeit kantu, bena ados niz, ookorki enuke rapa hautatuko.",nav-lab
prem257,entzun dutanaikiko ezaxolakeia,nav-lab
prem258,"baakizu errexa dela rraitia zilo zehatz bat inen duula, ta deus eztela pasako, ta geo untsa rrane ute hoi entseatzeko manera akarra denboa luzian dela; beaz,",nav-lab
prem259,"eztaa baitezpaakua, etxeko jendia zaiten ahal da, x dolar maneiatzen launtzen dautzuten presunak.",nav-lab
prem260,Bee oneat jin zelaik bera zen ehuneko latan hooita zazpian gutti goraera.,nav-lab
prem261,"beaz, prolema at da ze kriteio mota xekatzen dien kurtsak iten ibilki zielaik",nav-lab
prem262,Atseingarria zan da zuekilan elekan hartzia,nav-lab
prem263,"Kusteut Estatuak eztila galdeiten; aski bitxia da, ez?",nav-lab
prem264,"Ba, leku atzu onak dira UPS bidez do ertze manera atez iortzeko, bena",nav-lab
prem265,"eztut uste hoi in nahi dinik, bena, egia rran, estatu politikai nausi at do holako zeit zan nahi luke.",nav-lab
prem266,trasmititzen dielaik do osotasunetik konpreitzen ez zin zeit,nav-lab
prem267,"bi seme tut, hamabi ta hamaseikoak",nav-lab
prem268,"O, putxas, izena ahantziut, bena Parlamentuko Bakia da",nav-lab
prem269,tiro iten din plaztikazko arma otomatiko at da,nav-lab
prem270,"Bluegrass country gisako zeit da, bena untsa pasteko manerakoak dira",nav-lab
prem271,"jendeketa at biltzen da fite-fite betetzen bada, ta kusliak eleantio dira, yuppieak do",nav-lab
prem272,"bo, neska launak alaa nerabe at bau, ta, eskola hasi baino lehen urteko jauntziak eosteat ereman dezaan manatzen daut, joka gehiei hartzen dielakotz.",nav-lab
prem273,"Baakizu, bo, atzo libuuteiat joan nintzan, libruak so iteat, ta PJ O'Rourken libru berri at atxema nin, Parliament of Horrors deitzen dena, ta horri buruz mintzo da",nav-lab
prem274,hooi minuta do batu,nav-lab
prem275,"ba, hoi egia uzu, bena uste ut hoi baino gehio rran nahi utala, biarren hezkuntza uztiaz ai niz.",nav-lab
prem276,ezta xinixten ahal pitta ateik ze erreusitzen ahal den,nav-lab
prem277,"biziki ona zan zen, banakin tristea zanen zela, ta banakin norbeit hilen zela",nav-lab
prem278,Elgarren traban zarri,nav-lab
prem279,"ba, bo nik kantari zaharrok nitin, ahizpa zaharrok, hoeki rranik",nav-lab
prem280,"segurrik e hooi bider sei do halako zeit zien, ta ezta xinixten ahal zomat landare landatzen ahal dien han.",nav-lab
prem281,"Dances with wolves kusi ginin, aski beant, ta, ze gehio? Silence of the lambs e kusiut",nav-lab
prem282,"bena bizi gien gisako zona da, seur, biziain kostua e ezta hoin haundia, ta difeentzia sendi da.",nav-lab
prem283,"eztakit, bena ono mendian pentsatu nin, ta hoi rran zilaik pentsatu nin ""ze?""",nav-lab
prem284,"Enin nehoiz bat antolatua, bena Orroimenain Eunian bat ukanen duu, seurrik e, azken bi urtetan ukan beitute",nav-lab
prem285,zuriak lau borta batu,nav-lab
prem286,"ba, baakizie, etxalde at baut hemendik ehun miliara, Texaz ekialdian.",nav-lab
prem287,"Biziki jostaarria zan zen, seur, jende ainitzen gustukoa, atera ta aste at beanto do.",nav-lab
prem288,"ezta bate prolemaik, ta “estera” (?) hoitako at kausitzen bauzu, baakizu, denda ateat joan; normalki, ariketa fisikoa iteko gida hoitakoak ukaiten tuzte.",nav-lab
prem289,"ta usteut heien parian zanen giela lansarian ta aitortzan, epe luzian.",nav-lab
prem290,"manera finaoak zanen dira, jendiain bihotza unkitziaz, near inaaztiaz ta zeit manez on iten ai diela sendiaaztiaz gain.",nav-lab
prem291,"Hauek zaiten tugu: Urteerria, Ostial Saindua, Orroimenain Euna, Uztailain 4a, Langileen Euna, Esker Maite Euna ta ondoengo euna, Eguerri Euna ta eun bat harren aitzinetik ta gieletik.",nav-lab
prem292,"Hoi da, heldu en urtian laur gelditzen ahal gira aurten guzia xahutzen ez paduu, beaz, ta futitzen gira zoin xoroa den gastua, sosa xahutu.",nav-lab
prem293,"usu, diezel otousak kusten tutzu, karbono partikulak, karbono dioxida ta ur lurruna sortzeute.",nav-lab
prem294,"Ba, ba, hoi leku eerra da eiazki bisitatzeko",nav-lab
prem295,maite tut behin ta berritz kusten tutzun filma hoik,nav-lab
prem296,"ta jakitate hoi ta harrekilan joaki dena manik, gozatzen duela idui du",nav-lab
prem297,"idui du xekategia xeka xuri at dela, ta mugaik gabeko funtsak ditila. Eztu mugaik gabe xahutzen, bena jarrera hoi du nunbeit han",nav-lab
prem298,"Ba, presuna atzu rraiten ai dira tzulera haundia inen dila.",nav-lab
prem299,"ta, so izaun, dila hooi nik uste iraultza sexuala deitzen zuten hortan sartzen ai ginela, pilula ta geo ta.",nav-lab
prem300,"Seurrik e, ta kide zan zien arau in dute",nav-lab
prem301,"normalki bospasei urrats baino gehio tuen eozoin errezetataz futitzen niz, baakitalakotz eztutala nehoiz denboaik hartuko hortakotz",nav-lab
prem302,usteut bakarra ber duzun guzia dela,nav-lab
prem303,"ba, aurten entzun dut harren berri, ene mutiko launak country musika mota atzu maiteitu, ta hoi ai zen entzuten.",nav-lab
prem304,"bon, plazer at zan da ziekilan mintzatzia, milesker, ez adioik",nav-lab
prem305,hauta at dutenetan eman sosa,nav-lab
prem306,"beaz, hauta baduu ixilo delakotz baizik",nav-lab
prem307,"ba, segurrik e kusteat joaiten entseatuko niz",nav-lab
prem308,"beaz, segitu nahi dut, baakitalakotz prolema ainitz ukaiten ahal tuztala bertzenaz",nav-lab
prem309,"ta plaztikazko instalazione erraldoia da, % 75 (hiutan hooita hamaortz)eko merkatu kuota utela usteut, do holako zeit",nav-lab
prem310,hazten ai nintzalaik,nav-lab
prem311,"eztute elurrik, eztakite elurra zer den. Izitzen dira lurrian elurra badelaik. Amarillo hemendik hurbil da, noiztik zan zira Raleighen",nav-lab
prem312,"ez, azken aldi huntan ez, errazu",nav-lab
prem313,"Ez tuu zki alpinoik, iaupen zkikoak tuu",nav-lab
prem314,"beaz, eztakit, bena nahi nuke jakin",nav-lab
prem315,"bon, ordian hilaetiain ondarrian ordaindu ta punttu",nav-lab
prem316,"bon, eztut haurrik; beaz, zaila da rraitia",nav-lab
prem317,"untsa, Texazen niz ta HIESaikilan hil zen iakasle at duu",nav-lab
prem318,"ba, ta beiti joaiten entseatzen zien bakotx, salain zaintzaileek beti rraiten dautzute tzultzeko",nav-lab
prem319,"Sam deitzen da, Samanthain laurdura delakotz, ta denek gizoner bezala iten dakote",nav-lab
prem320,"enea e bada, bena jende ainitzendako egoera biziki-biziki seriosa dela usteut",nav-lab
prem321,"oh ta geo, zue korporazionetik jalitzen entseatzen bazira, iziarri kario paatuko uzu",nav-lab
prem322,Beantetsia niz,nav-lab
prem323,"eniz orroit, bertze behin bakarrik in dut",nav-lab
prem324,"holako ainitz bada, Texaz Instrumentsek iten tuenak ta langileek beek iten tuztela e eztakitenak.",nav-lab
prem325,"Eiazki lanjerosa dela usteut, ixtripu guzi hoikilan",nav-lab
prem326,"Ba, hoik mugatzen kusi nahi nituzke, arma otomatiko berri hoin aitzinetik, bena gaineatekoa eztute uste gehio ber dutenik",nav-lab
prem327,"ba, hoi e eztut konpreitzen, teknoloia ta tresna militarrak saltzia atzerriko goernuer ta geo zorra barkatzia.",nav-lab
prem328,eztuzu sendi deliero horrekilan lasai zienik,nav-lab
prem329,"ados, haatik ordaintzen ai nizala iduitzen zaut; naski, joaiten nizalaik do ene asuantza etxian, ordaintzen dutalaik konduek sobea altuak idui lukete.",nav-lab
prem330,Zientzia informatikoa ta zientzia kognitioa,nav-lab
prem331,"antsu “akre” (?) at duu, ta irringarria da, zeraatik",nav-lab
prem332,Baakizu joanen diela ta eztela hoinbertze aktiitate zanen,nav-lab
prem333,"azken aldian, bizkitartian, kanpatzeaikilan dutan espeientzia ene senarrain oto lasterketak dira",nav-lab
prem334,"bena hortaik landa, agian ono epel zanen da, ez biziki hotz, pullita zanen litaike mentuaz elur pittat Eguerri gauian do zeit, bena eztu itxura onik",nav-lab
prem335,Etorkizun teknoloikoan sartu duu gue sartzia.,nav-lab
prem336,"Konpaazione, maximoan, gene guziak ubel bilakatzen dira.",nav-lab
prem337,Daniel Yamins matematikalai gazte bikaina da.,nav-lab
prem338,"Ta hala bada, muga hortaik hurbil zaiten dira usu?",nav-lab
prem339,"Ta usteut herexa molekular bat baela, erekusten dina biosfera pausaik gabe eaikitzen ai dela zomeit leinu hedaarriendako iauteko manerako erregimenian.",nav-lab
prem340,"Jauzi horrekilan, kristal erregular batek eztu informazio ainitz kodetzen ahal.",nav-lab
prem341,"Oroen buru, helduek eztakote eskolaitzineko haurrer aleia iten erekutsi ber, zomeitetan ite uten gisan buru-hausgarriak do holako lanak menpeatzen launtzen dietelaik.",nav-lab
prem342,"Hala, PP kontzentrazione haundia baelaik, usu birsintetizatzia inhibitzen da.",nav-lab
prem343,"[Nazio hau] askatasunian sortu zen, ta gizon guziak berdinak sortzeko proposamenai eskeinia.",nav-lab
prem344,"Wittgensteinen ideia da, oro har, maila haundioko baieztapenak zin diela murriztu maila apaloko baieztapen beharrezko ta nahikoen sorta zehaztu finitu batetaat.",nav-lab
prem345,Gehio goaipatu berko nuke?,nav-lab
prem346,Spin sareain teoriak zomeit dimentsiotan eaikitzen ahal dira.,nav-lab
prem347,"Ez, ez, eztut zu hiltzeik nahi!",nav-lab
prem348,"Publikoki urkatu zuten 1875 (mila zortziehun ta hiutan hooita hamaortz)eko martxoain 19an, San Josen, Kalifornian.",nav-lab
prem349,"Erregimen kaotikoan, itsaso berde dirdiatsua iraazten da.",nav-lab
prem350,"Antolamendu juriiko guziz berri at abian zartzeko gogo haundia bazen, 1860 (mila zortzi ehun ta hiutan hooi)ko hamarkaako nahasmendutik jalitzeko.",nav-lab
prem351,"Gaineateko dimentsioneak Planck-en luzera eskalan kuxkuilatuak imajinatzen tuu, Calabi-Yau espazioak do, oro har, modulu trinkotu deitzen dien hoitan.",nav-lab
prem352,"Eozoin goi pentsamolde hastapenian gizarte komunikazioan aertzen da, haurrain ta harren kultuako ordezkaien artian, aktiitate elgartu atian parte hartzen dutelaik.",nav-lab
prem353,4 utilitaistak rraite ute berdinak girela plazerra ta mina sendi duulakotz.,nav-lab
prem354,"Zomeit kartierak otoitz eileak, komunitatia giatzen zuten buruzai ixpiitualak ehorzketetakotz, sainduen bestetakotz ta apezak ezin zin guzietako otoitzendakotz.",nav-lab
prem355,"Azterketa akotxak kalifikazio eskala at zin, azterketa in zutenek Chicano kulturain ezautza maila zehaztu ahal zaiteko.",nav-lab
prem356,"Horrek rran nahi du sistemain osagai molekular guziak matematikoki tratatzen diela ongi inarrosia zan den ontzi erreal atian bailiran, ta untzi horri trimeroak ta fotoiak gehituko bailitzaizkio gisan abiaura kostantian.",nav-lab
prem357,"Joko soziodramatikoan e, zomeit rol hartzeko ta koordinatzeko hautek, seurrenik, launduko die haurrer presunen desio, xinixte ta sentimenduetan antzekotasunak ta difeentxiak konpreitzen.",nav-lab
prem358,"Quinceañera bester buruzko ikerketain zati haundi atek erekusten du familiek kultua traizio histoikoa atxiki nahi dutela, ta alaa aten hamaortzgarren urteetetzia ospatzia manera at dela ondare latinoaikiko lotura kultualak atxikitzeko.",nav-lab
prem359,"Uniertsoain eungo bizia halako hainbat hartuko luke, guttienez, proteina luze posile guziak guttienez behin itiak.",nav-lab
prem360,"Alemaniako gerlain hondoko ordena kostituzionalain bertute gorena zan zen, hain justu, erregimen naziain biktimaik haundiena.",nav-lab
prem361,Sonja haurra alaain kolerak eskarniatzen hasi zen.,nav-lab
prem362,XVIII. mendeko bastimenduetako girlandak gizonek ta emaztekiek baliatu banden ta lili apaingarrien bertsio zizelkatu do margotuak dira.,nav-lab
prem363,"6 Gerla Ziilain aitzineko berrooita hamaortz urtetan, Gortiak guttitan baliatu zin botere hoi.",nav-lab
prem364,"Seur, aski erradikala da legian ziurgaetasun kuantikoa baela pentsatzia, bena eztu ezinezkoa idui, argi da.",nav-lab
prem365,"Berrinbertsioa din ekonomia atian, ze pasatzen da gue merkataitza aantailak hartzen ahal baituu ta sobeakin guziak berrinbertitzen ahal baituu hasi ginelaik baino saar ta udare geio sortu ahal zaiteko?",nav-lab
prem366,"Aitzineko kapituluan adieazi den gisan, ondoko posilerako sartzian elgarrekintza at zan ber da, galtzailiak baztertzeko hautespen natualain gaitasunain bitartez esploatzeko paada maiten dina.",nav-lab
prem367,"Pachuca 1940 (mila beatzi ehun ta berrooi)ko hamarkaako pachucoain kide zan zen, bena hiri ingurune ghettifikatu atian hazten den chicana gaztiak gorpuzten din kartiereko neskain arketipoa e ba.",nav-lab
prem368,"Bertzalde, partikulak ta hiu indar ez-graitazionalak ono eztira txertatu spin sareain irudi atian.",nav-lab
prem369,"Vaquero kulturain ta Mexikoko sonorarren erainain herexai esker, normalki ezautzen ezten chicano kultuain zati at eakuste ute.",nav-lab
prem370,"Dennettek izaki darwindar, pavlovtar, poppertar ta gregoriarrak berexten tu.",nav-lab
prem371,"Orekatik desbideatze xinple at da, ta gailu xinple at, mika maluta, inarrosiko da, lan mekanikoa ateatzeko.",nav-lab
prem372,"Ikertzaileen galdeei ihardetsiz, usu rraite ute lehen hilaeteetaik been buriaz aski zaiteko treatu ber diela ñiñiak.",nav-lab
prem373,Nun da balioa eitateen mundu atian?,nav-lab
prem374,"1868 (mila zortzi ehun ta hiutan hooita zortzi)rako ta Hamalauarren Xuxenketa indarrian zartzerako, iraultza kostituzional aten bortetan ginen.",nav-lab
prem375,Inteesgarria da beexgarri bera aertzen ahal dela ekonomia guzian.,nav-lab
prem376,Teotihuacanen piamideetaik hurbil den San Austin Acolman herri ttipian sortu zien.,nav-lab
prem377,"Naski, egia rran, bastimentu atek, futitzen gira erailgarria, ongi eaikia do eerra den, ezpauzu untsa lotzen jendiak janzteko din maneraikilan, lanjerra du ez bakarrik itxura anakronikoa ukaiteko, bena guziz inuxenta ukaiteko re.",nav-lab
prem378,"Rran nahi dut komunitate hoi osatzen uten agente otonomoek, bakarka nahiz taldian, been mundia osatzen zuten joko natualetan bizitzeko manera iteko jakintza zutela.",nav-lab
prem379,"Usu, fontanela hondoatzia sendatzen ahal din presuna akarra basa-meikua da.",nav-lab
prem380,"Mexikoko folk musikan, rantxera amodio kantu at da, jende xeheak kantatua, landa eremuko laorariek.",nav-lab
prem381,"Biarren punttu harriarria Omnesen baieztapena da, behatzen ahal dien zomeit gauza eztiela behatzen ahal.",nav-lab
prem382,"Konstituzio Segretua Estatu atuetako politikan indarra hartzen ai zelakotz, seioski hartu zin Hamaortzgarren Xuxenketain promesa re.",nav-lab
prem383,"Aritmetika in anartian, etzite ohartu Lincolnen burian 1776 (mila zazpi ehun ta hiutan hooita hamasei) zan zela fundazioneain mementu kritikoa, Independentzia Deklaazionia izenpetzia.",nav-lab
prem384,"Halee, Hooden RCA bastimentua Gropiusen Pan Am bastimentuaikilan (eun MetLife) konpaatzen baut, ezta dudaik diseinatzaile sortzaileena nor zan zen.",nav-lab
prem385,"Hego mendealdian ono kantatzen dien bi erromantze biziki xahar dira La delgadina, intzestuai buruz mintzo dena, ta La aparicien, Españan XV. mendian aertu zena.",nav-lab
prem386,"Arrazoin berdinaingatik, kontsumitzaile aldabeekilan, salmenta denboaldi ainitzekilan ta merkatu segmentatuekilan lotuak dien irrixku gloalak, atzerriko lehia goorraikilan betan, borroka zaila karri die AEBetako txikizkaier ta fabrikatzaileer.",nav-lab
prem387,Sonja haurra arkumaka ai zen Meredithen usaiako maneran aztalka ai zeno.,nav-lab
prem388,"The Quad deitze uten ikasle eoitza aten onduan da, eoitza jakobtar gune bitxia da, zomeit kurren inguruan planifikatua.",nav-lab
prem389,Bertzeek eztute kontsumitzailia ber bezein zoriontsu iten.,nav-lab
prem390,"Gue simulazionetik ateatu ber den ondoio nausia da ziklo otokatalitiko ta lan ziklo at do gehio elgartzen tuzten agente otonomoak diela orekaik gabeko erreakzione kimiko idekiko sareen biziki manera arrazoizkoa diela, berritzailia izaki re.",nav-lab
prem391,"Ondoioz, elauso tamaina banaketa beexgarria dela erregimen antolatuan, ta banaketa biziki desberdina erregimen kaotikoan.",nav-lab
prem392,"Adobezko brikak buztinez ta harez iten den nahasketa atez inak dira; zomeit aldiz, loi-lastoa deitzen zaio, ta pittaka idortzen dira iduzkiain berotan.",nav-lab
prem393,"Herritarren pribileioak ta immunitatiak ordena berriain balio nausi gisa hartziak, Blackek iten din gisan, legiain araerako berdintasun prolemak sortzen tu.",nav-lab
prem394,"Usu, lehen afitxa hoik arte herrikoi gisa hartzen zien.",nav-lab
prem395,"Aldaera batzuetan, neska gazte atek erlijione xinixtiak hausten tu Ostial Sainduan, eun erlijioso sainduan, dantza iteat joan diten erranez, chicano katolikoendako otoitz iteko eun beezia beita.",nav-lab
prem396,"Plana sorgailua da, Le Corbusierrek zionez, bena, Gehryrekin, plana emaitza da.",nav-lab
prem397,Suzko armak ta bertzelako armak kateoria huntan sartzen dira.,nav-lab
prem398,"Jaialdia hiu-lau eunez iten da, ta zomeit bataila iten dira Guutze Saindua iraazteko.",nav-lab
prem399,"Pentsa zaun, beaz, legeen ta kontratuen rolian, heien mugek ahalbidetze ute aktiitate ekonomikoen fluxu lotua aktiitate korridore jakinetaik.",nav-lab
prem400,"Berdintasunak eztu rran nahi berberrak, berdin-berdinak do antzekoak zaitia.",nav-lab
prem401,"Esplikatu zuenez, idealizazio bolearrak bazitin prolemak, bena konpreitzeat man zin gehienetan gene aten ihardespena ez-lineala zela bee sartzeen aitzinian.",nav-lab
prem402,"Bena, ordenaailua -sustut Internet- sobea baliatua en etxetan, familiako kideek denboa guttio hartze ute elgarrekilan komunikatzeko ta aisialdiko aktiitatez gozatzeko.",nav-lab
prem403,"Finitzeko, emaztekia ta Juan Osito, semia, kapable dira hartzainganik eskapatu ta jauregian aitaikilan bizitzeat joaiteko.",nav-lab
prem404,"Bena, uai, Maxwellek izaki ñimiño at sortu ta asmatu du, etorkizunian «Maxwellen debrua» izenez ezautua zanen dena.",nav-lab
prem405,"Etsiak hartuik, kusmolde frogatuo ta egiazkoo aten xeka burrasoen do aitatxi-amatxien tauletan launtza atxemaite uten burrasoek duda bera zane ute.",nav-lab
prem406,"Hala, uste ut P erreakzioain emendatzaile alosteriko at dela.",nav-lab
prem407,Rrabinoak etzien hunkitu seinale haiekilan.,nav-lab
prem408,"XVIII. mendeain hondarra, justuki, aro biziki sinplista zan zen.",nav-lab
prem409,Gerla finitzia ta nazioa erritz elgartzia da ahal bezin fite in ber dena.,nav-lab
prem410,Bizkarbustien espeientziain deskriapenak korridoetan (baladak) ta eleerrietan atxiki ta kondatu dira.,nav-lab
prem411,"Pentsatzen baduu 1787 (mila zazpi ehun ta latan hooita zazpi)ko, 1791 (mila zazpi ehun ta latan hooita hameka)ko do 1868 (mila zortzi ehun ta hiutan hooita hemezortzi)ko mundu-kusmoldiak baldintzatzen gituela, delieratu ber ginuke ze sendimendu den inportanta.",nav-lab
prem412,"Zirkuituko epaileer daokien maneran zarriik, Taney Auzitegi Goeneko presientak interpretatu zin kostituzio-xeapenak Kongresuain baimena ver zila jujeain manua bertan beherat uzteko.",nav-lab
prem413,"Kusten duzuen gisan, gene mendeldar dominantia errexki hautatzen da behin ingurumen-baldintza egokiak sortu ta geo.",nav-lab
prem414,"Txinako sukaldaitza Kubat heldu da, ta sukaldaitza kubatar-txinatarra asmatu ute.",nav-lab
prem415,"Ta, seur, XVIII. mendian askatasuna konpreitzeko gako nausiak Konstituzioa ta Eskuideen Gutuna dira.",nav-lab
prem416,Presunek ordenaailuek baino lan hobia ite ute josteko maxinekilan oihalain lerrokadura doitzen ta aitzinetik indako josketa- ta pikatze-pettoak konpontzen.,nav-lab
prem417,Haurrek auzoen bortak joko tuzkete.,nav-lab
prem418,"Konfedeazioain filosofia juridikoak arrakasta zan zin, ba mamian, ba forman.",nav-lab
prem419,"Etzen posizio bikultural do binazional bat, bena kulturen arteko posizio at, espazioan kokatze at.",nav-lab
prem420,"Gaztiak ohartzen dira esfortzuak gaitasun apala konpentsatzen ahal dila, bena neskek ondoioztatzen ahal dute eztila meexi halako esfortzu haundia itia matematika konplexua menpeatzeko.",nav-lab
prem421,"C.P. Snowk bi kulturei buruz iskriatu zin, zientziaz ta humanitateez, nehoiz elgarrekilan nahasi gabe.",nav-lab
prem422,"Hoi hoekio kusten da kolomadietan, Vincent Scullyk falange atian atxikiak dien hopliteekilan konpaatzen ditinak.",nav-lab
prem423,Ez ahantz biziki deskriapen xinple ta trinko atek ukan ditila ekilibrioik gabeko sistemain beexgarri hoik ta lana ateatzen ahal dela gas-sistema ekilibrioat lerratu denboan.,nav-lab
prem424,"Hain seur, aitzino kusko duun gisan, biosferek been dimentsioen batez bertzeko hazkunde jarraikitua maximizatzen ahal dute.",nav-lab
prem425,Patu komunain xentxua ezta nehun adieazten «Kol Jehudim eruvim ze bze» [Judu guziek elgar zaintze ute] lanian baino hoekio.,nav-lab
prem426,"Legiain araerako bizi-ele ta -obligazioneak xentxu gutti ute akarrik dien presunendako, been balioez ta been beharrez arrankuatzen dien heinian.",nav-lab
prem427,"Izenak, hala nola Neska Hitsa.",nav-lab
prem428,"Intuizioz, eztu idui Big Bangaz geoztik entitate bizigabe konplexuen planetaik sortu zenik espontaneoki.",nav-lab
prem429,"Beaz, leku guziz berri atian sartzen ai gira.",nav-lab
prem430,"Tratu-berdintasunain printzipio ookorrak, landu tuun maneran, adieazpen-askatasuna mugatziai buruzko eztaaida kartzen du bee baitan.",nav-lab
prem431,"Hego-mendealdeat ta Mexikoat joan zien lehen biaiantak estatuatuarren argitalpenek españar-mexikarren berriak maiten tuzte, ez bakarrik iziarrikeiaz, bena pasione haundiz e ba.",nav-lab
prem432,"Finitzeko, klaustro at, galeia at ta dorre at gehitu zitin.",nav-lab
prem433,"Hola bizi gira eun -dio Gehryk, iduiz-, zendako ez gozatu?",nav-lab
prem434,Ene exenpluik maiteena igela ta uliaina da.,nav-lab
prem435,Sistema guziain energia ttipituko litaike dipoloek been oientazioa kamiatu ta lurreko energia-egoera ateat do bertzeat hurbiltzen bazien.,nav-lab
prem436,Hortakotz da harriarria janzteko manera ta dekorazioa harmonian ez zaitia.,nav-lab
prem437,"Godzilla lehen espezieetako ekobizilaunekilan elgartzian hoeki moldatzen bada espezie hoik baino, espezie hoik harren xokuan desaertu ta Godzillak hartuko du heien lekia.",nav-lab
prem438,"Adobezko etxe ta bastimentuek, bi ta lau oineko loitasuneko murruak tuzte, ta hoiei esker, kanpoko azantzain kontrako seurtasun- ta baes-sentsazioa maite ute.",nav-lab
prem439,"Pachucak pachucoen neska-lagunak zien, ta janzteko manera propioa e bazuten.",nav-lab
prem440,"Lego World-ek ertze objektu atzu iteko maxina-lantresnak iten ahal tu, ta ertze lantresna atzu e ba.",nav-lab
prem441,"Beaz, proteina mota ainitz bada, bena eiazki difeentak dien proteina moten kantitatia nunbeit han ehun milioikoa beizik ezta.",nav-lab
prem442,Erregimen kaotikoa guziz difeenta da erregimen antolatuaikilan konpaatuz.,nav-lab
prem443,"Tetraedroain azalerak ta bolumenak kamiatzen tuzten bazterretako tzulketen balioen aldaketek geometriain deformatzailetzat hartzen ahal dira, ta zomeit maneratan deformatzen ahal dute.",nav-lab
prem444,"1865 (mila zortzi ehun ta hiutan hooita hamaortz)eko apiilain ideia-ordena berri at aldarrikatu zin gizona hil ta geo, Estatu atuak boteriaikilan obsesionatu zien.",nav-lab
prem445,"«Mexican Village» iskriatzen seitu zin; eleerri hartan, mexikarren herri-usaia ta -traizio ainitz bildu zitin.",nav-lab
prem446,"Hala, sareko objektuen aniztasuna haunditu arau, produktu ta xerbitxu berrietaakotz etorkizuneko nitxoen aniztasuna ono fiteo haunditzen da!",nav-lab
prem447,"Estatubatuarrek berdintasunaz duten ikuspunduain paradoxa hau da: berdintasun ekonomikoain ta abeastasunain diskriminazioaz duun arrankurai buruz Europako gizarteen gieletik joaki bagira re, mundian lehenak gira berdintasunezko pentsamoldiai buruzko ertze zomeit arlotan.",nav-lab
prem448,Ta kuraia man ordez kritika ite uten ta jokalarier porrota ahanzten uzten ez takoten burraso ta entrenatzaileek antsietate haundia sortzen diete gazte batzuer.,nav-lab
prem449,"Belar idor, zuhaitz, zikinkeia, hauts, belatz, xagu ta abarren kolore-tonu aski difeentak kusi gintin.",nav-lab
prem450,Emaztekien soinekoetako hegaldun xingolek ta gizonen atorretako hegalek frantses sala ateko molduren ta apaingarri arxitektonikoen arrabesko ta edergarriak orroitaazten zuzten.,nav-lab
prem451,"Gaitasun baxuko ertze talde atzuekilan gertatzen den gisan, iakasleek, usu, aurreikuspen apalaoak zaten tuzte trantsizio-ikasleekilan, ta ertze haur batzuekilan baino inal ttipioa ite ute heier iakasteko.",nav-lab
prem452,Goernuain kusmolde diadiko at imajinatze ute: gizakia Estatuain bisen bis.,nav-lab
prem453,Haurrek fantasia sortzeko iten tuzten lehen entseguek ber gisan eakuste ute zoin zaila den pentsamoldia ta errealitatia beextia.,nav-lab
prem454,"Bee gailuetat erematen bauzu, erreakzione hoi exergonikoa da, ta, trimero sobea balin bada hexamero ta trimeroen arteko ekilibro-erlazioaikilan konpaatuz, hexameroa sintetizatuz exergonikoki lerratuko da ekilibrountz.",nav-lab
prem455,"Jinkua naturain jinko gisa beizik ezta aipatzen, ta, hortakotz, herri akotxak eskuidia du nazioen komunitatian leku beexi ta ekitatiboa ukaiteko.",nav-lab
prem456,"Ono geio, eun, gai gira heien neurriain araerako zatiketa aurrekusteko.",nav-lab
prem457,"H. H. Richardsonen eraina ainitzez laurro zan zen, bena 20 (hooi) urtez guttienik Richardsonen erromanikoa Juggernaut estetiko aten gisat gailendu zen Estatu atuetan, Cramen esaldi bizian.",nav-lab
prem458,"Sasoin hartako etxe-barne haundienetaik at Tugendhat etxeko ganbea nausia da, Mies Van der Rohek 1928 (mila beatzi ehun ta hooita zortzi)an diseinatua.",nav-lab
prem459,"Ordian, ordenagailuko programa multxoa bukaezina da, bena zenbakiarria, mugatua.",nav-lab
prem460,"Kapable zan ber luke lana iteko, ertze guzien gisan!",nav-lab
prem461,"Etxe gehienetan zanen da sortze at, otoizlai ta kantaientzat zarria.",nav-lab
prem462,Bierkatu makroegoera akotxeko mikroegoera multxoain logaritmoa sistemak makroegoera hortan zaiteko din proalitateaz.,nav-lab
prem463,"Hain xuxen, galaxietako hodei molekular hotz alimalekoak, tenpeatura-hozka absolututan, espezie molekularren nahasketa biziki konplexuak dira, heien artian ainitz karbonosoak, ta izarren sorlekia e ba.",nav-lab
prem464,"New Orleanzeko harakinen eskuideez Gorte Gorenian zan zien kalapitetan, herritartasunain nozioa ta harren priilegioak zan zin inteesgune nausiak nazioain eskuidiak esprimitzeko alferreko indar ootaako.",nav-lab
prem465,Been seme-alaak eiazko lorpenetan oinarritu gabe zoriontzen tuzten burrasoek heien eboluzioa ahultze ute.,nav-lab
prem466,Horrek eztu rran nahi administrazioa erainkorra zaiteko elukeela xentxuik zanen goernu fedealain ta estatu-goernuain artian funtzioak banatziak.,nav-lab
prem467,"Hain seur, Bios Group ai da heiek asmatzen ta iten.",nav-lab
prem468,"Begi txarrain sintomak goitika, kakeia, pixua galtzia ta zomeit aldiz heriotza e zaiten dira.",nav-lab
prem469,"José Guadalupe Posada mexikar artista ta graatzailia XIX. mendiain hondarrian hasi zen buru hezurrak marrazten, bakantzetan zelaik.",nav-lab
prem470,"Xinixte faltsuen nausitasunak erekusten du haurrek errealitateain interpretazio gisan hartzen tuztela xinixtiak, ez gogoeta gisan.",nav-lab
prem471,"Deklaazioan rraiten denez, zorionain xerkatzia natualistak jaetzain leezko definizioain funtsai bide maiten dako.",nav-lab
prem472,"Elfoak do ingumak, Anthony John Camposek presuna ttipi do pichilingui deitzen tuenak, kilimiska bihurriak iten tuzten iratxoak dira.",nav-lab
prem473,"Ta, 2. (biarren) kapituluan adieazi utan gisan, konportamentu heldu atendako amultsutasunain ta espeantxen nahasketa at da burraso otoritarioen beexgarria, ta hoi berdin lotua da kideen arteko interrakzio egokiaikilan.",nav-lab
prem474,"H. H. Richardson ta harren ikasle Charles Follen McKim ikasle ohiak zien, ta McKim-en launtzailiak e ba, John M. Carrare ta Thomas Hastings.",nav-lab
prem475,"Seur, teknoloia-grafikoen beexgarri inteesantetaik bat da prozesua ta produktuain diseinua aldi berian konduan hartzeko esparru kontzeptual egokia osatze utela.",nav-lab
prem476,Hoi zen sasoin hartako omoria.,nav-lab
prem477,"Pachucoa arbuiatua zen AEBn, ba mexikar estatuatuarren aldetik, ba anglo-ameikar komunitatiain aldetik, ta Mexikon e, komunikaideen ta intelektualen aldetik e ba.",nav-lab
prem478,"Ordian, «abuelo»-k rraiten zin: «Pues que recen y se acuesten» («In dezatela otoitz ta joan ditela ofeat»).",nav-lab
prem479,"Mandala mota ainitzetako kideen arteko difeentxi akarra oinarrizko anplitudiak dira, ta hortik heldu dira mandala akotxai aplikatzen zazkon legiak.",nav-lab
prem480,Biak kamiatzen ahal dira antikodoin-kodoin paekatze-mekanismoa kamiatu gabe.,nav-lab
prem481,"Hoi hala bada, hauta akarra da hautespen natualak kamiau zaitia.",nav-lab
prem482,"Haur kaskoer burrasoen legiak barneatzen launtzeko, funtsezkoa da burrasoen ta seme-alaen artian lotura goxua zaitia, elgar launtzan oinarritua.",nav-lab
prem483,"Nola erreusituko du bee seme do alaain errespetua burraso atek, haur horrek kusten badu burraso horrek ez dakola bate errespetuik bee laun ttipai?",nav-lab
prem484,"Hain xuxen, hedapen hoi da kalteen elauso ubel at hedatzeko lehen urratsa.",nav-lab
prem485,"Gozo-eltzia zuhaitz bateik dilindan da, soka luze atekilan. Heldu atek gorat ta beherat muitzen du soka; beaz, ezta seidan hautsiko.",nav-lab
prem486,"Konpaazione, «erale» gisako eleak (pasatzen ai dena, do untsa dena).",nav-lab
prem487,"Gerlain hondoko kostituzio-xuxenketen aitzinetik, bazen klausula multxo at estatuak herritarren kontra in pettoen arduadun iten zitina.",nav-lab
prem488,"Laino zehatz bat, hala nola gue biosfera, lehen soan zinetikoki atzamana gelditzen da lainoa garatu arau sortuko den molekula-espezie konplexuen multxo biziki bitxi atian.",nav-lab
prem489,"1863 (mila zortzi ehun ta hiutan hooita hiu)an, nazioak batasun ono perfektuoa sortu nahi zin, bena, gainez, bazin iraan bat indigenen psike berria inspiatzen ta aldi berian nahasten zina.",nav-lab
prem490,Eskuidiak delituen susmaarrier lotuak dira.,nav-lab
prem491,"Inplizituki ta, lan pittat inez, esplizituki, gertatzen ahal da pistoia motor-blokeko zilindro-ziloan sartzia ta zilindro atian pistoi guzi at sortzia.",nav-lab
prem492,"Konpaazione hamiltondar at, hala nola spin-beira hamiltondar at, ahantzi gabe spin-beira at material magnetiko desordenatu at dela.",nav-lab
prem493,"Pachucoen mintzatzeko manera, inglesain ta españolain nahasketa at, «cale» e deitua, zomeit hizkuntza-iturritan oinarritua zan zen elgartze liluraarri at zan zen.",nav-lab
prem494,Biologia ookorra biziki hurbil da.,nav-lab
prem495,"Mementu hortan, apeza, eskia meza-libruain gainian zarri, ta desaertzen da.'",nav-lab
prem496,"Multxo hortan da, ber gisan, 23. (hooita hiuarren) xuxenketa, nun presienta ta presientaordia bozkatzeko eskuidia maiten dakoten urritasun bat duten Columbiako herritarrer.",nav-lab
prem497,Xuxenketak ono errespetatzen du hauteskunde-prozesuak estatuen ta bulego nazionalen kontrolpian zaitia re.,nav-lab
prem498,"Autoestimuain ta motiazioniain apaltze at e sendi zaie; seur, dudak aertzen tuzte been treetasunei buruz, ta eztuzte prolemak gainditzen.",nav-lab
prem499,Ta eun e zan ber tuu giza berdintasuna justizia sozial ta politikoain oinarrizko idealtzat hartzeko arrazoinak.,nav-lab
prem500,"Ta, aldi berian, ezta dudaik, ekonosfera konplexo bihurtu da hominidoain eboluazioain azken milloi urtetan.",nav-lab
prem501,Nola jakite al dute burrasoek zoin den hizkuntza-nahasmendu aten ta hizkuntzain eboluzio normalain arteko difeentzia?,nav-lab
prem502,"Seurtatzen dautzut, jauna, guziain jakinian nintzala.",nav-lab
prem503,Soinuek bee gogamen desatseinetaik jalaazi zuten Blood kapitaina.,nav-lab
prem504,"Bena eztut ahanzten ahal, Barbadozen zue ottoin etxian esklabu at baino hobia enintzalaik, nolazpeiteko begiamenduz tratatu ninduzula.",nav-lab
prem505,Biziki uros helduko niz Port Royalat. Blood kapitainak pergamino at zarri zin Calverleyn bei ateatuen pian.,nav-lab
prem506,"Han, hiu milia baino leheno, bazen lurra, mendealdeko horizontia betetzen zin murru berde bixi irreular bat.",nav-lab
prem507,"Beorren maiestatiain mezulaia niz herri barbaro hauetan, ta ene jaun Sunderlanden hurbileko ahaidia.",nav-lab
prem508,"Zor nautzun, do zor nautzula pentsatu nin, rran zin.",nav-lab
prem509,Aitzinetik jakin ber nin etzela plantakoa gauez Jamaikatik hain hurbil zaitia.,nav-lab
prem510,"Blooden gogoamenak, sofa-ofian pausatzen zeno, horren ta ertze gauza atzuen gainetik zien.",nav-lab
prem511,"Bena hau ezta Inglaterra, putxas. Biarren arma aten orroa entzun zen, ta tiro at ziliportatu zen ur gainian, popatik aingura-kate aten luzerain erdiat baino guttioat.",nav-lab
prem512,"Seur, ordian, kondatuko autzut.",nav-lab
prem513,Royal Mary-n torri nintzan...,nav-lab
prem514,"Harren erruz gira zepo huntan, lehertu zen Ogle.",nav-lab
prem515,"Hua utzi, ta, geo, Wolverstonekilan, baandan pausatia, untzi hua hurbiltzen kusi zin, dozena at maiñelek tripulatua ta popako bela-lokarrian zurrun zarria zen forma eskarlata atek gidatua.",nav-lab
prem516,"Zue arrazoinak, ezta dudaik, duinak zien... Esker ona adieazi zinakon españarrengandik askatu zintuelakotz.",nav-lab
prem517,"Zendako utzi zinien Wolverstoner ta ertzeer joaiten?, in zin oihu, xangrin pittatekilan.",nav-lab
prem518,Emazteki milatu horrek putruntzen zitu.,nav-lab
prem519,A! Ta zoin bide zaiten ahal da?,nav-lab
prem520,"Oglek indarrez ateatu zin, buho at erranta.",nav-lab
prem521,Erregiain manua eztut hoin errexki onartzen.,nav-lab
prem522,Onartu zin seidan utzi ber zila.,nav-lab
prem523,"Uai e, Bloodek etzakon kasuik iten.",nav-lab
prem524,"Ta, hale, hoi zan da ta hoi in du azken hiu urte hauetan, rran zin, bena uaikuan hits rran zin, leheno adieazi zin mespretxuik gabe.",nav-lab
prem525,Pentsatze ut hoi usaiakua dela zue kideen artian.,nav-lab
prem526,Kopeta izurtu zin.,nav-lab
prem527,"Harri so eon zen beiak dirdir, bena, harren bisaia akitua ta kopeta iluna kusiz, beitartia kamiatu zitzakon harri re.",nav-lab
prem528,"Trankilki joaki zen, harresi setiatua inguratu, ta borta haundietaik sartu zen kurreat.",nav-lab
prem529,Rran dezaan bautala espeantxa han kustia. XXII. (hooita biarren) KAPITULUA.,nav-lab
prem530,"Ezta dudaik, urkamendiat eremanen duzu, rran zin, mespretxuz.",nav-lab
prem531,"Ene ustez, Blood kapitaina atzeman ta urkatzeko espeantxak pusatu zin ene otto Barbadozeko lursailak utzi ta Jamaikako ordezko goernua onartzeat.",nav-lab
prem532,"Xintxoak zanik, nola arrestatuko nitin? Tratua hoi zen.",nav-lab
prem533,Bishop koonelai ene etorreain berri man dakote. Lord Julianek harren izena aipatzian Calverleyk in zin tupusteko aldaketak ageian utzi zin jakinaaztea errezibitua zila ta bazila harren berri.,nav-lab
prem534,"Kidiain aitzinian, Oglek aitzinat itia traatu zin Bloodek. Buru in zakon, ta kolpez goortasun at hedatu zitzakon bisaian ta gorputzeko lerro akotxian.",nav-lab
prem535,Iraan urte guzian iili niz hua atzamaiten entseatzen.,nav-lab
prem536,"Mementu hartan, tarte at ideki zen gizonen lerroetan, ta tarte hortan barneat jin zen Bishop anderia, harren emazteki afrikar-zortziena gieletik zila.",nav-lab
prem537,"Jamaikako flotako untziak dira, arrapostu man zakon jaunak.",nav-lab
prem538,Ta zendako zarri zen leku hortan? Gelditu gabe ta espres eskapatzen zen neska aten erruz. Onartu ber luke ono re okaztatua so iten zakola.,nav-lab
prem539,"Mentuaz arrazoin duzue, ta mentuaz okerrian zizte.",nav-lab
prem540,"Rran dautatenez, gizon huni man dakozu Erregiain manua. Harren tonuak traditu zakon bee gorrotoain dolua.",nav-lab
prem541,"Biziki xuria zen, ta bee esku plegatien gainian zarri zitin beriak.",nav-lab
prem542,"Beaz, mintzatu zauzkitzu hortaz!",nav-lab
prem543,Ohartu zen berba hark sortu zila harren herra.,nav-lab
prem544,Beti eskertuko ut.,nav-lab
prem545,"Eluke deusengatik ukatuko beria dela uste in odola, ez iloaingatik, ez alaaingatik, ez amaingatik e.",nav-lab
prem546,"Arabellain onduan, portuan, hiri kusgarri hartan bazien aitzin xaaleko bastimentu xuri atzu ur-ertzeat jausten zienak.",nav-lab
prem547,"Nik, eztut in ahalketzen nauen deus, konduan hartzen baduu nola prookatu ninduten. Harren soa gizonain soain aitzinian erori zen, hoin baitzen sakona.",nav-lab
prem548,"Ta mentuaz ez. Wolverstonen bozak batxe ta malestruk ihardetsi zakon bertziain herrari, ta, mintzatu arau, Blooden onduan zarri zen, ustekaeko aliatu at zena.",nav-lab
prem549,Jaun dohakabe at zinen ordian e.,nav-lab
prem550,"Blood kapitaina, kapelua kendu, ta ixil-ixila makurtu zen diosala iteat; ta emaztekiak e nasai ta korteski ihardetsi zakon.",nav-lab
prem551,Bishopekilan traak zan dira lur hartu zinez geoz.,nav-lab
prem552,"Anartian, Ogle pazientzia galtzen ai zen, geo ta gehio.",nav-lab
prem553,"Lord Julian urguilutsua zen, usu kusi zan dutanez geoz.",nav-lab
prem554,"Ba, gezur paketa at eiaztatzen ahal nuke zien aitzinian, duda milatu hatzik gabe.",nav-lab
prem555,Bena ahal bezin fite atzaman nahi zintutan.,nav-lab
prem556,Lanjerra kusi ber zinuten.,nav-lab
prem557,"Ohartze niz ze in zinuten, ta ohartze niz, hein batian beden, konduan hartu ber ninduzuela.",nav-lab
prem558,"Etzitut gehio desarrañatuko, anderia.",nav-lab
prem559,"Gue hautu akarra da... Harren gaineateko eleak oihutan ito zien, ta gelditu gabe galdein zuten neskatxa bahitu gisan tzultzeko.",nav-lab
prem560,Hoi ezta tratuan.,nav-lab
prem561,"Zuhain ta zurrun kusi zin, ezpainak idekiak ta beiak kuka ta bee gainian fermu, harren patuain deliberuain lekuko arrenguatsu at.",nav-lab
prem562,"Ta, hartaz orroitzian, dardarka hasi zen.",nav-lab
prem563,"Ba!, orro in zuten behereko bukanero guziek betan, ta heien arteko atek do bik esplikatu zuten baieztapena.",nav-lab
prem564,"Kabinan, aulki ateat bota zin bee buria, ta zapartatu zen, bee zaiteko maneraikilan deusik kustekoik etzin indarkeia atez.",nav-lab
prem565,Hil nin; egia uzu.,nav-lab
prem566,"Kapitaina, rran zin, ta, mintzatzen ai zelaik, gieletik zuzten untziak seinalatu zitin, Bishop koonela gue alde da.",nav-lab
prem567,"Horrek, mentuaz, Bishop koonelain beotasuna hoztuko du.",nav-lab
prem568,Zue postua arma-bilteian da.,nav-lab
prem569,"Beaz, entzun nin, onartu zin neskak, boz apalez.",nav-lab
prem570,"Bena, iten ahal zin, bena Pittek bezin untsa zakien goiz hartan kostaldeuntz joanik harren eskietan utziko zila bee bizia.",nav-lab
prem571,Nik... Nik enin amestu...,nav-lab
prem572,"Bena hortan ezta espeantxik beetzat!, oihukatu zin.",nav-lab
prem573,Lizentzia hartuko ut hortaz dudatzeko. Jaunain tonua goorra zen ono.,nav-lab
prem574,"Hemen bazen, argi ta garbi, mehatxu lauso at, konpreitu ezin zin ixpiitu errebel bat.",nav-lab
prem575,Ez ahantz hoi. Jeremyk eskiak tinkatu zitin.,nav-lab
prem576,Bena etzin piztoletaiain xedia geldiaazi.,nav-lab
prem577,Bena Bloodek argi zin.,nav-lab
prem578,"Seur, jaunai rran nakon gisan, hark e zuk bezala uste baitzin Bishop anderia untzian zanik seur zanen ginela, amaingatik e elioke uko inen zor dakotenari.",nav-lab
prem579,"Bee kabinan, istriborrian, Lord Julian, hots berbeek asaldatuik, atzarria zen, ta presaka beztitzen ai zen.",nav-lab
prem580,Blood kapitaina aurkeztuko autzuet. Bishopek ahal zan zin bisairik onena zarri zin.,nav-lab
prem581,"Pitt, lemazainain ondoko postuan, tupustian tzuli zen, piztoletai asaldatuai buru iteko.",nav-lab
prem582,"Blood baandain gainian makurtu zen, azpian zin mutiko gazte horailaikilan -lemazainaikilan- mintzatzeko.",nav-lab
prem583,"Herrialdia guzia da, jauna; hutseite subiranoa.",nav-lab
prem584,Aitzinian nin piztoleta aten ipurdiain gainian zarratu zen harren eskia.,nav-lab
prem585,"Azkenian, xangrina da beetzat.",nav-lab
prem586,"Goaita! Bloodek buru in zakon, geldialdi at inez, ta esku at zarri zin piztoletaiain armain gainian, indar inez.",nav-lab
prem587,"Ta, bee omore goorrain pikorrik galdu ezpazin e, beldurra bihotzian nausitu zitzakon.",nav-lab
prem588,Hua ta zu zeharkatuz.,nav-lab
prem589,"Bishopen iloben kargamendu at baginin, bena hark etzakon eskia man.",nav-lab
prem590,Uain hoi erekusten ahalko balu...,nav-lab
prem591,Kontseilu hoi man zaukuten.,nav-lab
prem592,"Nola?, galdein zakon kolpian intees haundiaikilan.",nav-lab
prem593,"Plazerra zanen da, ba. Mementu atez, harren aitzinian gelditu zen, arnasa azkartua ta mazelen koloria galdua.",nav-lab
prem594,Boza normalki baino finkio altxatu zin.,nav-lab
prem595,"Wade deitzen niz, Lord Julian Wade.",nav-lab
prem596,"Kuste ut, jauna, ono ez tutzula inguruak konpreitzen.",nav-lab
prem597,"Presioa zartzen dautate, rran zakon.",nav-lab
prem598,"Ni, rran zin Lord Julianek, bukaneroek Bishop anderia jalitzia ez traatzeko, Arabella untzian geldituko niz Port Royalat heldu artio.",nav-lab
prem599,"Beaz, zuk manatu zinin?, rran zin, sinetsiko ezpalu gisan, ta Lord Julianek bekainak goratu zitin.",nav-lab
prem600,Zehazki. Jaunak mement at goaitatu zin ihardesteko.,nav-lab
prem601,"Baakizu, Peter, Lord Julian bakarrik zen Bishop-en ta hark dautzun gorrotoain artian.",nav-lab
prem602,"Bena ainitzek zin zan zuten bata do ertzia delieratu, zomeit galdeekilan uros gelditu zien artio, ta sustut Oglek in zin atekilan.",nav-lab
prem603,"Bishopen eskietan utziko uzu zue buria, ohartarazi zin Pittek.",nav-lab
prem604,"Xutik, Blood kapitainain onduan, txopa aldeat so in zin, kapitainain eskiai jarraiki, ta harridurain harriduraz oihu in zin.",nav-lab
prem605,"Xuxen iiltzen ahal da, ta makur zaiten ahal da.",nav-lab
prem606,"Bena bee tonuak ta eleek errabiatu zuten, kukutu zen.",nav-lab
prem607,Jakinaazi dautate bart gauian fragata at portutik jali zela zue kide Wolverstonekilan ta zue rranetan lanian ai zien ehun ta berrooita hamar gizonetaik ehunekilan.,nav-lab
prem608,"Ta seidan orroituko zitin eleak, ahal zan balu.",nav-lab
prem609,Bena harren herrain ta pozoinain maska at baizik etzela argi zen guziendako.,nav-lab
prem610,Levasseur?  Irri pittat in zin.,nav-lab
prem611,"ETSAITASUNAK Port Royaleko bortu haundian, munduko itsas armaa guzietako untzier txikotak maiteko bezin zaala, Arabella ainguratua zen.",nav-lab
prem612,"Lord Julianenganat joan zen, junpaka.",nav-lab
prem613,"Eun on, rran zin, ta gehitu zin: biziki gaizki in dut, ba.",nav-lab
prem614,Gielat in zin gizon harritu ta erpil atek.,nav-lab
prem615,"Bena atzuek eskarmentu haundioa zan berko lukete, bena atzuk Barbadozen guekilan zatu zielakotz, ta nik ta zuk gisan ezautze utelakotz Bishop koonela.",nav-lab
prem616,"Pitt, atorra ta galtza nasaiak soinian, eskuelain kontra makurtu zen, harri so, zin ukatuzko zinegon harren bisai xuri ta zintzoan inprimatua.",nav-lab
prem617,"Hoi zanen da gezurra rraiteko seinalia, rran zin Bloodek, gooik gabeko boz berian; ta haspeen in zin.",nav-lab
prem618,"Ta hobiak dira hauek?--Barbadozko landatzaile alfer aten beldur zira? Ze uzu, Peter? Nehoiz etzitut izitua kusi. Arma atek tiro in zin heien gielian.",nav-lab
prem619,"Ta biga miliatat alde hortaik, heien gieletik, hiu untzi xuri haundi heldu zien ziztuan.",nav-lab
prem620,"Eztuu ertze hautaik, rran dut, ta baliatu ber duu. Blooden ustez maneraik onena zen Wolverstoni deia proposatua zakona.",nav-lab
prem621,Maisu gaztiain bei grisek behatu zuten.,nav-lab
prem622,Etzakien Oglek izituiko gizonek Wolverstonena ez ertze iritzi at zanen ote zuten.,nav-lab
prem623,"Aingura zazu, ta untzi at iortzeko seinalia in haier. Harriurazko ixiltasuna pausatu zen untzian, harriurazkoa ta susmozkoa, tupusteko errenditze hoi zela medio.",nav-lab
prem624,Usteut manera akarra dela ene ekintzen ondoiozko suntsipen seurretik gu guziok salbatzeko.,nav-lab
prem625,"Eztakit zendako mintzatu ber nauzun hola, rran zin, aitzinetik zin seurtasuna baino guttioikilan.",nav-lab
prem626,"Ta xoro kixoteskoa lanjerreruntz doa mementu huntan, gue izenian.",nav-lab
prem627,Irriño mehe ta garratz bat aertu zen ofizialain ezpain harroetan.,nav-lab
prem628,"Kaitatioak zan diten, nolazpeit! Leunki in zin irri.",nav-lab
prem629,"Entzun jauna, rran zin, trufati.",nav-lab
prem630,"Mehatxuek eztie balioko, kapitain.",nav-lab
prem631,"Blood kapitainak soaz miatu zitin bei bortizdun burkide ausart hoin lerroak, ta geo Ogleengan pausatu zin berritz.",nav-lab
prem632,"Bishopi bihotza unkitzeko gutizia bauzu, zozoaoa zira, Ogle, beti pentsatu zan dutana baino, armak bertzeik ez tutzuna.",nav-lab
prem633,"Manera akarra atxeman zin, ta okaztaarria bazitzakon e, heldu behar.",nav-lab
prem634,Behin ta berritz bota zauzkitan.,nav-lab
prem635,"Rran nahi beita, Julian Wade jaunain etorrerain berri man zakola.",nav-lab
prem636,"O, otoi. Eiazko kezka bazen harren bozian.",nav-lab
prem637,"Azken horri traizio iteko beldur, lehenian baestu zen.",nav-lab
prem638,"Tonu hoi! Ausart zite tonu horrekilan mintatzia!, oihu in zin neskak, oharkabian kausitu zin kartsutasun hartaik.'",nav-lab
prem639,Mentuaz ene berri ukan duzu. Calverley kapitainak goor so in zin.,nav-lab
prem640,Ezta hoi. Bena elgar ez untsa konpreitziai lotuak zien zinbertzian.,nav-lab
prem641,"Zeit pasatzen bazautzu, Peter, rran zin Blood ertze aldetik heldu zela, Bishop koonelak hobe du bee buria zaintzia.",nav-lab
prem642,"Boneta, makila ta ezpata hartuko tut, ta xalantian idorreat joanen niz.",nav-lab
prem643,Ene manuen xeka tzuli be dut Bishop koonelainganat.,nav-lab
prem644,"Bristada atian, Captain Bloodek heien burian zer zen kusi zin.",nav-lab
prem645,"Ahal dutan ezin ongi iteut, rran zin.",nav-lab
prem646,"O, otoi, zue baimenaikilan, seur niz eztela deus ikastekoik Bishop koonelainganik.",nav-lab
prem647,"Ene buriai galdeiten dakot, rran zautan, jukutria zuk ina den.",nav-lab
prem648,"Baes zuhurra, onetsi zin.",nav-lab
prem649,"Zeit erekutsi ber dautzut. Bee buriai galdeinez, Lord Julianek kidiain gaineat igan zen, galdein gisan.",nav-lab
prem650,"Bertze milia erdi in aitzin, irismenain barnian zanen gira. Wolverston burhoka hartu zen, manera landuan, ta golpez egiaztatu zin.",nav-lab
prem651,"Kortesa da, ergela zaiteraino.",nav-lab
prem652,Irudi hortan nielatu zin teleskopioa.,nav-lab
prem653,"Bishop anderia e Royal Mari untzian zen, ta jaunaikilan betan erreskatatu nin.",nav-lab
prem654,"Ta ahal bau? Moztu zin Bloodek, ezaxola.",nav-lab
prem655,"Erree xerbitxatu baino nahio Infernuan erre, rran zin errabiaz.",nav-lab
prem656,"Ergela zira hortan pentsatze hutsaatik, Peter!",nav-lab
prem657,"Xutik, eskuelain onduan, Lord Julian onduan zila, Blood kapitainak rran nahi zina esplikatu zin.",nav-lab
prem658,"Ur bazterretik oharkabian hurbildu zen untzi at Arabellain krosko gorri haundiain kontra arrastaka ta golpeka inguratu zin, ta boz zakar atek oihu hunkiarri at helaazi zin.",nav-lab
prem659,"Geo orroituko ute zue goortasunak ereman nindila. Muitu zen, handik joaiteko, geo egiaztatu ta erritz in zakon buru.",nav-lab
prem660,"Fedia, tarte at ta geo ai zira agertzen, rran zin.",nav-lab
prem661,Odol edalia da.,nav-lab
prem662,"Egia da, ergela.",nav-lab
prem663,"Ainguatu, kapitain, ta in seinale at untzi at igor dezaten, ta seurtatu anderia hemen dela.",nav-lab
prem664,"Ta ergela ezpazina, Ogle, enuke nik hau rran berrik izain.",nav-lab
prem665,"Ta ze pasako zaut eni, Jeremy? Seur, uai afaltzeko erritz hemen zanen niz, ba. Blood jautsi zen guaitatzen ai zen untziat.",nav-lab
prem666,"Etxolako bidian zen karrika ttipiko ataian, Bishop anderia atxeman zin.",nav-lab
prem667,"Ogle, rra zin, altzairua ezin boz hotz ta zorrotzian, zue lekia armen espaldan da.",nav-lab
prem668,"Bena ono etzen jali, espalda harri so beitzen, ta noabide berian muitzen ai beitzen.",nav-lab
prem669,Museua ezta biziki haundia kataloguan do etiketetan.,nav-lab
prem670,"Udan belugak kusten ahal tutzu, larrazkenian hartz polarrak, ta primaerako do larrazkeneko ekinoziotik hurbil bazira, aurora boealak do iparraldeko argiak.",nav-lab
prem671,Canal Motorboats BVk biga kokaleku baitu hirian.,nav-lab
prem672,Aire zaaleko merkatu hoik Pekinen eosteko lekuik inteesantenak dira ere.,nav-lab
prem673,"Eskozia berriat Chigniente Istmo itsasarte estuak lotua, Brunswick Berria 1784 (mila zazpi ehun ta latan hooita lau)an prointzia beexi bihurtu zen, 14.000 errefuxiatu loialistak galdeinta.",nav-lab
prem674,"Ipar mendealdeko kostaldeko badia haundiena portu ona da, bena ba ura ba hondartza zikinak zaiten ahal dira.",nav-lab
prem675,"Etxe orratz hoik bankuak dira, ta kokatuak dien karrika Milla de Oro da, Urrezko Milia da.",nav-lab
prem676,"Haurrek Cite de la Mer-aikilan (37 (hooita hamazazpi) Rue de l'Asile Thomas) gozatuko ute, untziintzain histoiai, arrantza-industriai ta itsasaldiek ta itsaslasterrek kostai forma maiten dakoten manerai buruzko erekusketak beititu.",nav-lab
prem677,"Ordian, naski, Biarren Mundu Gerlako parte-hartzia hasi zen Commonwealth Britainiarrain Aireko Treakuntza Planaikilan, nun Kanadako zeru seurroa baliatu baitzien pataskaako pilotak prestatzeko.",nav-lab
prem678,"Ming hilobiak sasoin atian oinarrizkoak zien Badalingeko Harresi Haundiko iilbidetan, bena atzerriko tuistak nekez liluratzen zitin lekuak, hezeak, hotzak ta gaizki zaharberrituak ziela iduitzen beitzitzaien.",nav-lab
prem679,"Mediterraneoko bortuik onenak ekaina, garaarrila, aorrila ta maiatza dira, rran zin Andrea Doria XVI. mendeko almirante veneziarrak. Udako naigazione denboalditik landa, flota atek zin zanen luke hemen baestia baino deus hobeik in.",nav-lab
prem680,"27 (hooita zazpi) mendi iilaldien artian, onenak dira Glasgowko aintziretaik John Deer aintziraako iilbidia ta Beulach Baneko ur jauzien ta French mendiain gaindikuak.",nav-lab
prem681,"Barkazale ta laungarri zaiten seitze ute, nahiz ta jakin been kostalde eerra eztela deia beena akarrik.",nav-lab
prem682,"Kublai Khanek bee hiriburua eaiki zin 1279 (mila berrehun ta hiutan hooita hemeetzi)an, Pekingo Beihai aintzirain ertzian. Han, harren altxor inpeial batzu ikusgai dira eun.",nav-lab
prem683,"Na Paliko bideik gabeko kosta, iparraldeko kostalde zerutiarrian, munduko itsas ondoko iilaldi zail ta bikainenetako at da kus 71 (hiutan hooita hameka). orrialdia).",nav-lab
prem684,"Anglo komunitatiaikilan errexkio nahasiz, eskola protestanteek akarrik onartzen zuzten, Ekialdeko Europako juduak Westmount eskola abeatsian graduatu zien, do Toontoat emigratu zuten berritz.",nav-lab
prem685,"Ahal bauzu, usatu zite bilbeaikin aitzinetik.",nav-lab
prem686,"Harren hilobi gangak, 27 (hooita zazpi) metra (88 (latan hooita zortzi) oin) lur azpian, marmolez inak dira ta 1.200 (mila ta berrehun) metra karratu (13.000 (hamahiru mila) oin karratu) hartzen tuzte.",nav-lab
prem687,"Napoleonek Kataluñako saindutei sakratuai eraso in zakon, Montzerrateko monasterioai, ta suntsitu zin.",nav-lab
prem688,Jabetza eremangarri guziak ximinoinganik gordetzia.,nav-lab
prem689,"Estei Jauregia sortu baino 1.400 (mila ta lauehun) urte do leheno, Milreu presuna famatu aten laorari etxe haundia re bazen.",nav-lab
prem690,"1981 (mila beatzi ehun ta latan hooita at)ian merkatu bateatuan sartu zelaik, Greziain aurreikuspen ekonomikoak indartu zien.",nav-lab
prem691,Itsasoko tenpeaturak 18 (hemezortzi) ta 24 (hooita lau) C (64 (hiutan hooita lau)-75 (hiutan hooita hamaortz) F) artekoak dira.,nav-lab
prem692,Kinabalu parke nazionala estatuko sei eskualde baestuetako at beizik ezta.,nav-lab
prem693,"Sofias, Megaro Mousikis metro geltokiain onduan.",nav-lab
prem694,"Bortan ekialdian Olinpieioa bada, Greziako lurraldian sekula altxatu en tenpluik haundiena.",nav-lab
prem695,"Poble Espanyol (herri españarra), Montjuiceko ipar ekialdeko saihetsian, nun mentuaz familia guziaindako klixe liertimendua asmatu den.",nav-lab
prem696,"Eun, bastimentu zaharrian da Edinburgh Experience, 20 (hooi) minutako 3-D diapositia kuskizuna, hiriain histoia iduikatzen dina ta eungo Edinburgo biziaazten dina (apiila-urria akarrik).",nav-lab
prem697,"Dora Stratou Folk Dance Theaterrek Greziako kantu, dantza ta musika traizionalain manaldiak aurkezten tu, herri traizional itxurako Philopappos Hill oditoiuan, maiatzetik buruileat, astelehenetan salbu.",nav-lab
prem698,"Annen ta Amsterdamgo okupazioain histoiai buruzko videoak kusiko tutzue, sasoineko argazki ta artefaktuekilan betan.",nav-lab
prem699,"Harren onduan, La Martorana eliza gotiko normandoak, aitzinalde ta arkupe barroko atekilan partzialki bermoldatu zienak, ezkil murru fina du, mailendun leiho finez betia den lau estaiatakoa.",nav-lab
prem700,"Aintzira, berez, mendi altu atzuen itzalian da, Scafell Pike barne, hots, Inglaterrako altuena, 977 (beatzi ehun ta hiutan hooita hamazazpi) metrakoa (3.205 (hiu mila berrehun ta ortz) oin).",nav-lab
prem701,"Europako ta Puerto Ricoko arte bilduma hau, Karibeko onena seurrenik, biziki untsa litaike Europako eozoin hiriburutan.",nav-lab
prem702,"Treasure Beach resort leku akarra da, hareazko hiu badiatan idekiak hotel gutti atzu beizik eztitina.",nav-lab
prem703,"Geo Bona heldu da, saskiintza zentro at, bee buria kecak dantzain etxe gisa e aurkezten dina.",nav-lab
prem704,"Gooz bazira, Mist iilbidetik seitu, Emerald aintziratik aitzina, Nevada ur jauziat, ta jende guttio atxemane uzu han berian.",nav-lab
prem705,"Udak klima epela (bena ez beroa) ta itsasoko tenpeatura epelak kartzen tu, ta hoi zin hobia da urpian iiltzeko, snorkelaindako ta uretako ertze kirol batzuendako.",nav-lab
prem706,"Urmaelen artian, batian bizia bada; bixitaiek monetak botatzen tuzte, apoarmatu aten burian punpa inen din espeantxan, xantza ona erreusitzeko manera seurra beita.",nav-lab
prem707,"Jazz klub ainitzen artian dira Culver Cityko Jazz Bakery, Hollywoodeko Catalina Bar and Grill ta ipar Hollywoodeko Baked Potato ospetsuak.",nav-lab
prem708,"Rezortain erdian, barnealdeko urmaeleko ur baestuetan, izurdeekilan ieri iteko programa at bada.",nav-lab
prem709,"Nafplio bortu hiria leku paregabia da han gaindi itzuliak iteko, do turrian zireno bazkaltzeko, ertzenaz.",nav-lab
prem710,Kanadako Pacific trenbidia eaikitzen laundu zuten langile ausarten ondokuak dira hango zomeit bizizale.,nav-lab
prem711,"Jautsi Batthyany aitzineko geldialdian 1896 (mila zortzi ehun ta latan hooita hamasei)ko eliza kalbinista neogotikoain kanpokalde koloetsua miresteko, hiriain hoinbertze paisaia argazkitan den hoi.",nav-lab
prem712,"Hemen, 1775 (mila zazpi ehun ta hiutan hooita hamaortz)ian, Saint Catherine gotorlekuko dendetaik 100 bolbora upel desaertu zien misteriotsuki, ta iraultzaile estatuatuarrek baliatzeko estekatua zen untzi atian aertu zien.",nav-lab
prem713,Bixitatzia meexi uten bertze atzu dira Balzacen etxia (47 Rue Rayanouard) ta Delacroix-in estudioa (6 Rue de Furstenberg).,nav-lab
prem714,"Prinsengrachten, Otto Frank ta bee familia been neozioko atikuan kukutu zien bi urtez baino gehioz, atxeman zuzten artio.",nav-lab
prem715,"Teain zeemoniain zale bihurtu bazira, maitatuko uzu XIV. mendeko zeramikazko tazen, te pitxerren ta kutxen ta banbu kuileren, iraiagailu ta lili pitxerren bilduma.",nav-lab
prem716,"Hauek dira beira arasak: lehoin erekusketa berria, elurretako lehoinabar ta gepardo erekustaldiak, ta Afrikako oihan tropikal at, goila ta fakokeroz betia.",nav-lab
prem717,Bastimentuain kokalekua bera re mirakuilu teknoloikoa da.,nav-lab
prem718,"Justuki, 1970 (mila beatzi ehun ta hiutan hooitamar)eko hamarkaako otousen polemikako protesta ta kalapiten inflexio punttua zan zen.",nav-lab
prem719,"Aorrileko enbor itzulketako xapelgoaingatik da ezauna Squamish hiria, ta hastapen ederra da Garialdi parke prointzialeat mendi iilaldiak iteko.",nav-lab
prem720,"Portugal zaharra eiazki bizitzeko, Leal Senado ikusgarriain (Senatu leiala bastimentua) sartze sala hotzian sartu, arxitektura kolonialain adiide bikaina beita.",nav-lab
prem721,(Gertakizuna aorrilain 14(hamalau)an ta 15(hamaortz)ian errepikatuko da. ),nav-lab
prem722,"Sant Antoni badiain ahoa mendian, Coniera do Conejera uharteain silueta dirduatsua bada (lapin ziloa rran nahi du).",nav-lab
prem723,Horrek lotzen tu hondartza publiko nausiak (Warwick Long Baytik Horseshoe Bayra).,nav-lab
prem724,"Seiarren Guutzadan (1228 (mila berrehun ta hooita zortzi)-1229 (mila berrehun ta hooita beatzi)), Frederiko II Erromatar Inperio Sainduko enpeadoriak Jerusalem seur bilakatu zin kristauendako, neoziatuz.",nav-lab
prem725,"Hiriko harresiain zati izaki, prusiar pragmatikoenek borta diseinatu zuten, ez iraazte arku gisan, bena inposak altxatzeko bidesari borta gisan.",nav-lab
prem726,"Zarritako piezez gain, musika gehiena perkusiboa da ta aktiitate ta gogo aldartia baestu ta mirailatzeko balio du.",nav-lab
prem727,"Eredua errepikatu zen mende at beanto, mairuek 1151 (mila ehun ta bortzehun da at)ian almohadeen launtza galdein zutelaik.",nav-lab
prem728,"Hoietaik at baino gehio eosten ahal tutzu, zue teilatu erpin estuen lerroak iteko.",nav-lab
prem729,"Maiatzetik urriain erdi aldeat, Boston Harbor guutzaldi konpainia",nav-lab
prem730,"Bide estuetaik ta laboantxako pistetaik bakarrik arriatzen ahal da itsasoat, bena meexi du iilaldi at itia, jendeketaik urruntzeko.",nav-lab
prem731,"Errefortzuekilan, españarrek hondartza buru at zartzia erreusitu zuten.",nav-lab
prem732,"Halee, Paisek dila gutti hiri guzia guutzatze uten bidegorriak sortu zitin, ta, hortakotz, pirripita ainitzez seurro (ta hedatuo) da.",nav-lab
prem733,"Hondartza goxoa atxemane uzu hurbil, Batu Hitamen.",nav-lab
prem734,"Zaldiek tiatzen tuzten gurdietan laorari mozorrotuak bixitatuko tutzu, lurra lantzen ta uzten biltzen, artilia pikatzen, irina ehotzen eiheran, ehuntzen ta aotzainian ferrak iten.",nav-lab
prem735,"Han berian biaia ttipiak iteko untzi ttipiak arrandatzen ahal dira Sea Horse Boat Rentalsen, Marsh Harbour, Abacos (tel.:",nav-lab
prem736,"Gauza burrunbatsu ta kontserbadoreek, kasten denez, kalapita haundiik gabe iraute ute hemen.",nav-lab
prem737,"Kuutziak 181.740 (ehun ta latan hooita at mila zazpi ehun ta berrooi) tona tu, omen.",nav-lab
prem738,Gustav Noske defentsa ministro bihozgabiak 4.000 freikorp (eskuin muturreko oldar soldadu) deitu zitin muimendua zanpatzeko.,nav-lab
prem739,"Eun, talde tuistikoak egonaldi laurrentzat heldu dira, ta, Baliko leku guzietan bezala, prezioak pittaka-pittaka goiti doaz.",nav-lab
prem740,Hek in zuten lehen inala ta makurrena lurralde latz hartan bizimolde moernua iteko.,nav-lab
prem741,"K.o. 688 (seiehun ta latan hooita zortzi)-691 (seiehun ta latan hooita hameka) artian altxatua, Persiako milaka lauza zeramikoz apaindua da, beeziki urdinak ta horiak, ta leihoburuetan izkirio koranikoak tu.",nav-lab
prem742,Kus zazue arku beherako soailuko trompe l'oeil margolana nola entseatzen den eliza ttipia katedral gotiko gora bihurtzen.,nav-lab
prem743,Zomeit atenastarrek Batzarrai galdein zakoten Mazedoniako erregiai gerla deklaatzeko.,nav-lab
prem744,"Ur gezako arrantzaleek baimena ukan ber dute. Tuismo bulego hurbilenian informazioa galdein, nola erreusitu jakiteko.",nav-lab
prem745,"Clunyk inguruko landa eremuan ukan zin eraina kusteko, bixitatu Clunyn arxitektoek altxatu zuzten eliza romanikoak tuzten herri atzu, bertziak bertze, Saint-Vincent-des-Pres, Taize, Berze-la-Ville ta Malay.",nav-lab
prem746,Iilaldiak lekuko gida kooperatiako gidekilan akarrik itia aholkatzen da.,nav-lab
prem747,"Mementu huntan, pentsatzen da mentuaz hobe dela guttio garatua den uharte ttipi hoik bakian uztia.",nav-lab
prem748,"Bixita gidaturat ustekabian tzuli zen preso atek, batzuek iten beitute, nostalgiaz rran zin jatekoa San Frantziskoko hotel ainitzetan jan zina baino hobia zela.",nav-lab
prem749,"Aintzinako sasoin hoitan e, jinkuek orakulua kontsultatzen zuten, ta Sibilain Haitzetik maiten zitin delieroak.",nav-lab
prem750,"Baixada de Santa Eulalia Carrer dels Banys Nouseat jausten da, horrek izena hartzen du aspaldian desaertu zien XII. mendian altxatua den ghettoain bainuetxe berrietaik.",nav-lab
prem751,"Trafikoak estutze itin arteria nausietaik at zielaik, Albufeiako alde zaharrak xarma traizional harriarria duela kusiko uzu.",nav-lab
prem752,"Jatorrizko aktiitatetik hurbil ta Klondike Eunetako lekukotasunik garbiena eskeintzen du kolpian hazi zen Dawson Cityk, ta 1951 (mila beatzi ehun ta berrooita hameka)n eskualdeko hiriburuen lekua utzi zakon Whitehorse garraio ta komunikazio zentroai.",nav-lab
prem753,"Hoi zan zen Errol Flynnek Port Antonion kokatu zelaik, 1946 (mila beatzi ehun ta berrooita sei)an, eosi zin uhartia.",nav-lab
prem754,"Cala Mondragek eztu antsu eboluzioik (Mallorcako kostaldeaikin konpaatuz), ta posile da hola seitzia, eskualdeko goernuak manatuik, kostan kontrolik gabe in dien bastimentuek larritu beitute.",nav-lab
prem755,"Hiu saindutei tu, meru bana utenak punttan, Brahma, Shiva ta Vishnuri eskeiniak.",nav-lab
prem756,"Arboretoik milia batetat baino guttioat, bi eliza atxemanen tutzu errepidiain eskuinaldian, muino maalian familiako ehunka hilobi xuriren onduan.",nav-lab
prem757,"The Stampede, hastapenian, pentzeetan kaalak biltzelko teknika guziak ta emozioa eakusteko sortu zen.",nav-lab
prem758,"Antsu 100.000 laun jiten dira hunat, arxitektura harriarriaz liluratzeko ta etengabe kamiatzen ai den hiri hunen berritasun eakargarriak esploatzeko.",nav-lab
prem759,Beaux Arts herriko etxia hurbileko goernu zentroak ordezkatu du.,nav-lab
prem760,"Hotelain gielian, hiriko fundatzaile Samuel de Champlainen 1898 (mila zortzi ehun ta latan hooita hemezortzi)ko estatu aten ondotik, Dufferin Terracek St. Lawrencen ta, ibaian beherat, Ile d'Orleansen bista berdinik gabia eskeintzen du.",nav-lab
prem761,"Payangandik haatago, gutti baliatua den bidia paisaia eerretan barna doa Baturreaino (kus 59. (berrooita hemeetzi) orrialdia).",nav-lab
prem762,"Massachusettseko Teknoloia Istitutua (MIT), 1861 (mila zortzi ehun ta hiutan hooita at)ian sortua, Estatu atuetako zientzia ta ingenieritza istituzio nausia da, ta bide urratzaile zan da teknoloia moerno ainitzetan, hala nola argazki stroboskopikoan ta hazkurriak kontserbatzeko prozesuetan.",nav-lab
prem763,"Ipoh iparraldian, sei kilometratat (4 milia), Perak Tong atxemaiten da, 1926 (mila beatzi ehun ta hooita sei)an Txinako apez budista atek altxatua.",nav-lab
prem764,"Kodaly kerend (Kodaly ilargierdia, ertze konpositore hungriar aten ohorez izendatua) multxo bikaina da, irudi klasikoz ta txertatuak zan dien marrazkiz apainduak dien aitzinalde kurbatuak ditina.",nav-lab
prem765,Independentzia ta geo parlamentua hemen zartzeko proiektuak hondatu zien,nav-lab
prem766,"Lekuan berian ekoitzitako prouktuen exenplu ainitz atxemaiten ahal dira hemen, ta tuismo zentroetan baino merkio eosiko uzu, beeziki aitzinetik truke treetasunak praktikatzen baituzu.",nav-lab
prem767,Ramses II.aren (biarrenain) (K.a. 1279 (mila berreun ta hiutan hooita hemeetzi)-1212 (mila berreun ta hamabi)) 60 (hiutan hooi) urteko araua finitze bikaina zan zen Erresuma Berriain aldiaintzat.,nav-lab
prem768,Airetik kusiko uzu Sarawakek herrialdeko ibairik luzena duela: Rejang. 563 (bortz ehun ta hiutan hooita hiu)km (351 (hiu ehun ta berrooita hameka) milia) iten tu Indonesiako mugako mendietaik Hego Txinako itsasoraino.,nav-lab
prem769,"Sartzeko tunel batek, alde atian murru hobiko sukaldia dinak ta bilteiratzekuak bertzian, egongela nausiat eramaiten du.",nav-lab
prem770,"Antzerki ta Kontzertu Sala Nazionala, Megaron izenez ezauna, Vasen kokatua da, tel.: 01-7282333.",nav-lab
prem771,"Estatu atuetako politikan inteesa ukaitia laungarria da, bena edonolaz e inteesantak dira Watergateko zinta do atzerriko gaiei buruzko Nixonen elgarrizketa entzuteko paada maite uten pantailak.",nav-lab
prem772,"Hiriko ertze monumentu erromatar haundia, antzoki zaharra, hiriain hegoaldian da.",nav-lab
prem773,"SS guardien lurpeko egoitzain gainian altxatua den bastimentuak du barnian Izuain Topografia, naziek erain zuten izua jasan zutenen bizia manera hunkiarrian erekusten din argazki ta dokumentuen erekusketa.",nav-lab
prem774,"Proiektu hoi finitzen bada, kate guziko inteesantenetaik bat ber luke izan.",nav-lab
prem775,"Eskuz iten dien otoak dira hiriain eakarpen maiteena, ta sistema Mugarri Histoiko Nazional izendatu zuten 1964 (mila beatzi ehun ta hiutan hooita lau)an.",nav-lab
prem776,"Depresioan herrialdeko prointziaik pobreena zan zen, gosez hiltzeko punttuan zan zen.",nav-lab
prem777,1992 (mila beatzi ehun ta latan hooita hamabiko)ko Joko Olinpikoek zarri zuten Bartzelonain kirolzaletasun porrokatuain faman oinarria.,nav-lab
prem778,Iili bizkarretan ta mintzatu maiñelen ta erromesen paperrak tuzten aktoreekilan.,nav-lab
prem779,Bastimentuain beexgarriik famatuena xartala idui din haize orratza da.,nav-lab
prem780,"Egonaldi luzeagoetakotz, informazio bulegoak Queticoko elgar blokatze uten ubideen sare xoraarriain mapa zehatzak maiten tu.",nav-lab
prem781,Pei dorretik bide bihurri atek eremaiten du Hong Kong parkeraino.,nav-lab
prem782,Telezieja du gehien maite jendiak.,nav-lab
prem783,"Informazioa ukaiteko, deitu (213) 623-2489 zenbakiat lan eunetan, 9:00taik 17:00etat.",nav-lab
prem784,"Uhartian nasaitasunak 1287. (mila berrehun ta latan hooita zazpi) urteat artio iaun zin, Alfontso iii.a Aragoikuak, bee nobleen eskietan guttiespenak tarteko, inbasioa iteko aitzakia atxeman beitzin ordian.",nav-lab
prem785,"Zutaeen gaineko plataforma atian, Chaac-Moolen irudi zizelkatu at bada, etzanik. Harren sabela taza at beilitzan hustua da, eskeintzak erreziitzeko. Zomeit adituk uste ute giza bihotz freskuak e hartzen zitila.",nav-lab
prem786,Aintzirain hegoaldeko kostaldeko hiriik haundiena Siefok da.,nav-lab
prem787,"Hiriain erdian den arkupe gotiko atetik, XIII. mendeko ezkil dorre iziarri aten ondotik, 90 (latan hooitamar) maila itin eskailera atek sainduteiko XI. mendeko brontzezko bortetat eremanen zitu.",nav-lab
prem788,"Ainitz maite ute sozializatzia, ta ostatuetan, beeziki ostatu marroin ezaunetan, biltzen dira usaian, normalian, mundua konpontzeko.",nav-lab
prem789,Zurezko bi taula eskuz altxatuz martxatzen da,nav-lab
prem790,"Biarren dorrian da Torontoko burtsa, ainitzez burrunbatsu ta modernuo.",nav-lab
prem791,"Otousak Isidoro Macabicheko geltokian gelditzen dira, do, bertzenaz, otous urdin ttipiak badira, goernuain ordezkaitzain bastimentuain parian, etorbide berian.",nav-lab
prem792,"Plazain ertze aldian Laleliko gieleko kaliak badira, jauntzi merkia atxemaiteko lekua.",nav-lab
prem793,"Barneko irristaketa iten ahal da Ditan izotz pistan, Ditan parkian, ta Traders ta China World hotelak (1 Jianguomenwai Dajie) lotzen tuzten lurpeko merkataitza-gunian.",nav-lab
prem794,"Arma bikaina zen, bena hoinbertze pisatzen zin, eunian 5 km (3 milia) akarrik garraiatzen ahal zitila",nav-lab
prem795,"Liao hiriburuak, ordian Yanjing izenez ezauna zen Beijingen, eungo hiriburu moernuain hego-ekialdeko eskualdia hartzen zin, ta Fayuan tenplua akarrik gelditzen da sasoin hartaik.",nav-lab
prem796,Kus hondartza onenen zerrenda 82. (latan hooita biarren) ta 85. (latan hooita bortzgarren) orrialdeetan.,nav-lab
prem797,"Anartian, Caldas de Monchique leku ona da picnic bat iteko ta oihanian itzuli at iteko.",nav-lab
prem798,"Kanadako hamar zentimako monetetan agei den 1921 (mila beatzi ehun ta hooita at)eko belauntzi xapeldun ezaunain rreplika huntan, bizkarretan iiltzen ahal zira, ta bi oreneko biaia re iten ahal duzu.",nav-lab
prem799,Spectrum ataleko bixitaiak zomeit maxina manipulatzen ta zientzia espeimentuetan parte hartzen pusatzen tuzte.,nav-lab
prem800,"Aintzina, ordia, Karieko piraten leku maitia zen, urrun zelakotz Habanako, Puerto Ricoko San Joaneko ta Panama Hiriko kolonia hurbilenetako jauntxoen atzaparretaik.",nav-lab
prem801,"Tuismo-bulegoak entseatu dira L'Estrie eremuain izena kamiatzen, bena quebectar militante gehienek e nahio ute betiko tzulpen xuxena, L'Esteko kantoinak, nahiz biziki zehatza ez izan.",nav-lab
prem802,"Bidian, Arte Ederren Jauregiain ondotik pastuko zira, Panama-Pazifikoko Nazioarteko Erekusketako erlikia zaharberritu at.",nav-lab
prem803,"Uai dela gutti artio, bazterreko 8. etxia zan da Genealitateko presientain egoitza ofiziala.",nav-lab
prem804,"Bi mendetako heesia erlijiosoa ta geo, Elizak berritze ixpiitual at ber zin, ta, hortan, aliatu perfektua zan zin San Frantzisko Asiskoa (1182 (mila ehun ta latan hooita bi)-1226 (mila berrehun ta hooita sei)), elizkoia, bena ez sobea militantia.",nav-lab
prem805,"Murru, gailur ta tontorretan gorat ta beherat sigi-saga in arau, topografia desafiatzaile at moldatzen da, ta horrek arnasik gabe uzten tu tuista ainitz.",nav-lab
prem806,"Bena, azken modako razzmatazzaingatik e, museuak eztu ahantzi aintzinako otomoil eerren xarma, ta, beeziki, Kanadako lurrun-aro haundiko tren-maxina zaharrak.",nav-lab
prem807,"Velázquez, Greco, Goya do Zurbarán españar maisu zaharren Madrileko bildumak eztu parekoik mundian.",nav-lab
prem808,Itsas Museuak Ozeano Bareko bortuain histoia jorratzen du.,nav-lab
prem809,"Mubleak ta zilarra, 29 (hooita beatzi); Tai Sing Company-ko portzelana, 122 (ehun ta hooita bi).",nav-lab
prem810,"7. (zazpiarren) kilometran, eskuin tzultzen da, Pok-Ta-Pok 18 (hemezortzi) ziloko golf-zelairuntz. Aintzira ondoko lur-zati haundi atian da golf-zelaia.",nav-lab
prem811,Dam Square lurrez inguratua gelitu zen histoian lehen aldikotz.,nav-lab
prem812,"Colònia de Sant Jordi hotelez ta villaz mukuru da, bena ezta heltzen eremu tuistiko bat zaiteat.",nav-lab
prem813,Heltzen zien untzietat fite sartzeko garatu zien xalupa hoik.,nav-lab
prem814,"1847(mila zortzi ehun ta berrooita zazpi)an, Kasten Gerla deituiko altxamendu basati atian, maiek, kolono xuriak sarraskitu, ta penintsulako antsu bi herenen kontrola hartu zuten.",nav-lab
prem815,Trachypithecus ximinoak ta buztan luzeko makakoak animalia basak dira.,nav-lab
prem816,Hainbat neurri ta apaingarritakoak atxemanen tutzu.,nav-lab
prem817,"Handik hurbil, Xlapakek eitura nausi akarra du, jauregi at, bena Labnak, iilaldiko azken Puuc guniak, eitura ainitz tu esploatzeko.",nav-lab
prem818,"Bastimentuak bi eliza berdin-berdinak lotzen tu: Franzesischer Dom (do Katedral Frantsesa), iparraldian, higanot torkinendako altxatua, ta Deutscher Dom (Katedral Alemana), hegoaldian.",nav-lab
prem819,"Bixitaiek Barcino-Bartzelonai buruzko multimedia-film histoiko birtual at e kuste ahal dute, 28 (hooita zortzi) minutakua.",nav-lab
prem820,"Ohartaazi ute kanpuan zin dela jan, posile beita ximinoek hoi afaltzeko gomit gisa hartzia.",nav-lab
prem821,Bortuko zubien pian bada Potter's Cay deitzen den uharte ttipi at.,nav-lab
prem822,"Amsterdamek bisai ainitz tu, hiria ospetsu in duten diamanteek bezenbat antsu.",nav-lab
prem823,Konduan izan koko-rona ta ertze fruitu atzuekilan iten dien ron ainitz baela.,nav-lab
prem824,"Aintzinako Atenasen bihotza akropoliain domoain inguruan zen antolatua; harkaitz gainian altxatuak zan zien tenplu sakratuak zitin, ta hiria harkaitzain azter uhinduetan altxatua zen.",nav-lab
prem825,"Altariain pian, zilarrezko diska atek zilo at inguratzen du; traizioain araera, han altxatu zen Jesusen kuutzia, alde akotx ohoin bat zila.",nav-lab
prem826,"Uste da 1960 (mila beatzi ehun ta hiutan hooi)ko hamarkaaz geoztik atxeman dien espazio idekiak pilota-jokoaindakotz baliatzen ziela. Pilota-jokoek zeemonia-xede garrantzitsua zuten Indiako kulturan, nahiz ono gutti baakiun horri buruz.",nav-lab
prem827,"Kostaldetik urrun, maldak gora iten du, piñu, mimoza, eukalipto ta belar artian, antsu 915 (beatzi ehun ta hamaortz) metrako altituderaino (3.000 oin).",nav-lab
prem828,"Saoniko uharteetako denboaldia luzio da, apiiletik urrira artio.",nav-lab
prem829,"Ehunka biaiante joaiten dira bi uharteetat eun-pasa, itsasuntziat tzuli aitzin guzia kusteko tirriaikilan.",nav-lab
prem830,"Hurbilen dien istalazioneak Parnassus mendian dira (abendutik martxoat), hiritik bi orenetat, otoz.",nav-lab
prem831,"Rruletan do dado-mahainetan, jokalai nausien onduan jokatzen ahal duzu, do sos batzu bota sos-maxinetat.",nav-lab
prem832,"Museuak biziki untsa prestatuak dira, ta, ardurenik, libuuxkak maten tuzte (ardurenik alemanez, bena inglesez ta frantsesez e ba, usu), erekusketer buruzko informazio zehatzaikilan. Boondate-buatak e badira, bakotxak nahi dina ordaintzeko.",nav-lab
prem833,"Hungriat iritsi berria zanik, hiritik landa joan berko uzu, jokatu nahi bauzu.",nav-lab
prem834,"Bidiak bihurgune zarratuetan makurtzen ta tzultzen dira, ta uhinduretan gorat ta beherat bihurrikatzen.",nav-lab
prem835,Pekinen eun ezta antsu horren herexiik.,nav-lab
prem836,Estatuko ta lekuko goernu ainitzen kuskapen-baldintza gehiarriak tuzte.,nav-lab
prem837,Informazio seurtasun-taldiak hilaetian 8-12 saio iten tu.,nav-lab
prem838,"Halee, prestaketaindako ingeniaitza leheno sortu zen.",nav-lab
prem839,"CIO antolakundiak guziz zentralizatu do deszentralizatu ordez, eitura hoik konbinatuz kudeatzen tuzte antolakunde liderrek been informazio-baliaidiak.",nav-lab
prem840,"7. tituluak galdeiten duenez ordainketa-agiria baino lehen biaia-galdeak egiazkotzeko, uste duu gastu guziak biaia-txartelian banaka sartziak baldintza hoi betetzen launtzen dila.",nav-lab
prem841,"Analisi huntako hastapeneko lanen azterketak erekusten dinez, GAM gaiekin potentzialki lotuak dien osasun-punttuek ospitaleatziak guttitzen zuzten, ba oinarriko estimazioetan, ba alternatioetan.",nav-lab
prem842,"Ondoioz, goernuko arduadunak ta kudeatzailiak pentsatzeko manera erriez jaetzen ai dira: xediak erreusitzeko manera difeentak konduan hartu, ta delieroak bideatzeko informazio berriak baliatzen ai dira.",nav-lab
prem843,Posile da dozierra judizialak tzuli ber zaitia inglesa ezten hizkuntza atian leitze uten bezeroendako.,nav-lab
prem844,Hoi C-R funtzio bakun batek definitzen tuen C-R erlazioer nahiz C-R funtzio anizkunek definitutakoer aplikatzen zaie.,nav-lab
prem845,Eun abian dien do aurreikusten dien ertze inal batzu.,nav-lab
prem846,"Bertziak bertze, faktore hauek: epe laurrak, hastapeneko artxibo informatikoak ezabatzia ta beharrezko dokumentuak ez erdiestia.",nav-lab
prem847,"4. irudian, lan-xerbitxu partekatuen eskeintza-kurba agei da.",nav-lab
prem848,"Geo, hastapeneko bixita in zin ordezkai berak berritz bixitatu du hornitzaile berria, galdeei ihardesteko ta erreklamazioen laginean kusten den eozoin prolemai buruz eztaaidatzeko.",nav-lab
prem849,Afera ezta akarrik aurrezkiak eraina ukaitia abeastasunain stokian; abeastasunak e badu eraina aurrezteko delieroan.,nav-lab
prem850,"Konpaazione, aztertu ginin antolakunde atian, bi elgartze zan zien; ondoioz, enpresak neozio berriak integratu ber zan zitin segidan, ta berregituratu zen, neozio-behar geo ta haundiaoak konduan hartzeko.",nav-lab
prem851,Arrankuatzen gintuena zen biaia eiazki in zela eiaztatu aitzin ordainketa baimentzia.,nav-lab
prem852,"Teknoloia biziki integratua da antolakunde hoitako neozio-prozesuetan, neoziazioaindako paada gisan kusten beita teknoloia, ez bakarrik tresna huts gisan.",nav-lab
prem853,"Halee, SAB, gai horri buruzko liteatura berriak launduik (Rossi et al.).",nav-lab
prem854,"Konpaazione, demaun lan partekatuain kostua 10a dela ta oinarrizko postain kostua 16a dela.",nav-lab
prem855,Liteaturan ardura aertzen dien bi kontzeptu baliaarriak zaiten ahal dira etorkizuneko ikerketen berri maiteko.,nav-lab
prem856,"Marrek bialtzaile guzien ongizate-maila adieazte ute, ta rronboek, aldiz, lana ertze noapeit erematiain galera teknikoak (negatioak balin badira).",nav-lab
prem857,"Lanjerren ebaluazio hortan oinarrituz, Centrelink-ek espreski preentzio-estrateiak garatu zitin, proetxuduner ta enplegu-maileer sos-sartzeei buruzko informazio-galdeen berri maiteko.",nav-lab
prem858,"Horri esker, diseinuain eakustaldiak in ahal zan zien, enpresek inbertsio karioagoak in aitzin fabrikazio-taldetan ta erekuste-faserako produkzioain prototipo beexgarriak eaikitzeko tresnetan.",nav-lab
prem859,"Bertzenaz, mezu kezkaarri at iorriko zaie GAOko langileer, prentsai ta publikoai.",nav-lab
prem860,Hego Caolinako lankidetza-inalek arrakasta zan zuten hondoko urtian e.,nav-lab
prem861,Konderriko langiliak prest zanen dira auzilaier been ikerketaikilan launtzeko.,nav-lab
prem862,CIOek ta aintari delieratzaileek zehazte ute ze lan mota den egokia azpikontratatzeko ta ze lan mota iten den hoeki enpresa barnian.,nav-lab
prem863,"Batzordeko funtzionario aten araera, Batzordeko 605 (seiehun ta ortz) b) ataleko ziurtairiak etzazkon beexiik man Enpresa Ttipien Kudeaketain (SBA) Defentsaako Aokatu Nausiai.",nav-lab
prem864,"Hoteleko fresak ta ertze atzu elgartzen balire, biaia eiazki iten den ala ez eiaztatuko da.",nav-lab
prem865,"Merkataitza-enpresek prototipuak baliatzen zuzten prouktuak garatzeko prozesu guzian, ez bakarrik prouktuak integratzian.",nav-lab
prem866,"CIO korpoatioek CIOeikilan do ertze informazio-kudeatzaile atzuekilan ite ute lan neozio-unitate akotxian, korpoazio guzirako teknoloia erainkorra, fidaarria ta elgarreraingarria bermatzeko.",nav-lab
prem867,BLMk errendimendu-lege arrakastatsuak sartu zitin.,nav-lab
prem868,"Konpaazione, bixitatu ginin estatu-hiriburuetako atian, 600 software-enpresa baino gehio bada.",nav-lab
prem869,Beharrezko atal do elementu guziak sartzia.,nav-lab
prem870,"Antolakunde nausiek delieratze ute, hornidura-estrateia aten barnian, espreski badien informazio-teknoloia ta kudeaketa-lanak barne-langileen ala kanpo-hornitzaileen bidez iten dien.",nav-lab
prem871,"Finitzeko, CEOak kontrolatzen du informazio-teknoloiain ta kudeaketain funtzioak CIOai, CIOain antolakundeai ta ertze antolamendu-unitate atzuer esleitzea.",nav-lab
prem872,"CIO antolakunde at haunditzia prozesu jarraiki at da, ta galdeiten du argi ta garbi konpreitzia antolakundeek ze ardura tuzten enpresen beharrak asetzen launtzeko.",nav-lab
prem873,"1 Aitzineko atalian ez bezala, atal huntako datu guziak 1988. (mila beatzi ehun ta latan hooita zortziarren) urtekuak dira.",nav-lab
prem874,"Baztertze-fluxua oinarrizkoa da abeastasun-stok bat metatzeko; lege ookor gisan, nehoiz aurrezten eztuenak eztu abeastasunik ukanen.",nav-lab
prem875,"Ukatzeko galde formalik ezpada, auzitei fedealeko aokatu aten esku da, ba etikoki, ba auziteiain legiak betez, eozoin gairi ihardestia.",nav-lab
prem876,G. LSCk finantzatzen ditin aokatuer bezeroa Estatu atuetatik joaiten delaik kasuetaik ken diten fermuki galdetziain ondoiozko kargak.,nav-lab
prem877,"Antolakunde aten hornidura-estrateia giza kapitala haunditzeko estrateia zaalago aten parte da, IV. printzipioan eztaaidatzen denez.",nav-lab
prem878,Bezero at eskas delaik lege-ordezkaitza aldi atendakotz moztia ta jarraipen at galdeitia ezta kasua formalki uztiain alternatia bideagarri at.,nav-lab
prem879,"2000ko urte fiskala mankorra zan zen GAOndako, lorpenez ta arrakastaz betia, zenta xerbitxu bikaina man zitzakon Kongresuai, ta AEBko zergadunek onura haundiak ukan zuzten.",nav-lab
prem880,"Atalasik onartzen eztelaik, ta usu hala da azterketa epidemioloikoetan, onartzen da eozoin esposizio-mailak eztakola kartzen ihardesteko lanjerrik populazioain segmentu ati, guttienez.",nav-lab
prem881,"Informazioain teknoloiain arloko treetasunen galdia haundia beita, estatu-kontratazioa zaila zan zen; hortakotz, CIO hunek barne-softwarrain garapenain ta kudeaketain alternatiak xekatu zitin.",nav-lab
prem882,"Zehaztasun haundioz jokatzen bada, ardurao erreusituko duu xedia.",nav-lab
prem883,Merkurio-isuriek merkurioa metatze ute uretan.,nav-lab
prem884,"Gainez, GAOin emaitza harriarriak ta inbertsioain itzulkina kusiz, zentzuzkoena da GAOk ertze antolakunde fedealen batezbertzekoa baino ainitez baliaide gehio erreziitzia.",nav-lab
prem885,"Finitzeko, idui du posta-dentsitatia faktore inportanto dela kaleko iorketa-kostu unitaioetan, bolumena eungo Frantziako ta Estatu atuetako tarteetan baino.",nav-lab
prem886,Balio-sortzaile zaitia ta neozio-maitzetan bezeroa ardatz zaitia.,nav-lab
prem887,"Gainez, datuen mugak argitu ber dira, datuetaik ondoio makur do nahi gabekoik ez ateatzeko.",nav-lab
prem888,"Finitzeko, ebaluatu tutzuen datuak ber bezin fidaarriak ez padira, dozierrean sartu ber zinukete ondoio hoi, ta ikuskatua den entitateai aholkatu neurri zuzentzailiak har ditzan.",nav-lab
prem889,"LSCren plangintzaindako launtza-funtsekilan, Bar Fundazioak aholkulai bat kontratatu du Koordinazio Kontseiluai birkonfiurazio-plan bat prestatzen launtzeko, ta martxuan aurkeztuko dako LSCri.",nav-lab
prem890,"Ateabide hoitan, larrialdi-zentro ta osasun-etxe akotxeat hoekien moldatzen dien esku-hartze motak ta pazienteain arazo espezifikoak aztertu berko dira.",nav-lab
prem891,"Enpresek been jaetzain peko filial bat sortzeko baliatze ute baliaidia, rran zin Delaney jaunak, New Yorkeko Aokatuen Aliantzain zuzendai exekutioak.",nav-lab
prem892,"Chávezen aferak Coloadoko Xerbitxu Juridikoek in zuten inkestan in zien aurkikuntzak mirailatzen tu, ta, inkesta horren araera, estatu guziko etxaldeetako langile migratzailiak pestizida arriskutsuen erainpian eoiten dira, lege fedealak urratuik.",nav-lab
prem893,"Gizarte Seguantxak eztu konduan hartzen langile fedealentzat beeziki do esklusioki zarria den programaik, hala nola pentsio planak ta bertzelako erretreta-planak.",nav-lab
prem894,"Zerrenda hortan, rreklamazioak arrazoizkoak dien ala ez zehazteko informazio gehiarriak maiten zazkoten txartela onartzen zin administrazio-langileai (oro har, biaiariain gainbeiraleai) ta ziurtagiri-mailiai.",nav-lab
prem895,"Hoi gertatzen delaik, mailegu-mailiain funtsak Altxorrain balioek inbertituak zan dien saldoen gainian tuzten inteesak sakrifikatzen tu, ta horren ordez mailegu-hartzailiain funtsain inteesak erreziitzen tu maileguain zenbatekoain gainian.",nav-lab
prem896,"Aldi hoi A emendioko A-3 dokumentuan agei da. Halee, proiektuain beezitasunen araera, bi hilaeteko gorabeherak zaiten ahal dira ber den denboan.",nav-lab
prem897,Bena Batzordiak ezin du aholku zaharrik man xifreak zentzuzkoak badira.,nav-lab
prem898,"Mementu heziarriain kontzeptuak, nahiz mementu hortan kontzeptualizazio soila zan, larrialdi-zentroan alkol esku-hartziak iteko inteesain zati at adieazten du.",nav-lab
prem899,Posta-xerbitxua ertze posta-administrazio atzuk baino ahulo da «gaingabetze» deitzen denain aitzinian.,nav-lab
prem900,"Hastapeneko behaketek iadokitze utenez, posile da GPRAin errendimenduai buruzko dozierrak baliaarriagak zaitia.",nav-lab
prem901,"Larrialdietako gelako bixitak ospitaleatziak konduan hartzen tuen onuren azterketan sartzen batugu, konpaazione, onura atzu bi aldiz kontablizatuko dira ospitaleatze-kateoriain barnian larrialdietako gelako bisitak sartzen badira.",nav-lab
prem902,Geo ta gehio aeri da larrialdi-xerbitxuko esku-hartziak efikazak diela ta tratamentu-deibazioak martxatzen ahal diela.,nav-lab
prem903,"Garraioa, energia, larrialdi-xerbitxuak, finantza-xerbitxuak ta komunikazio-sistemak baestia geo ta garrantzitsuo da, neurri haundi atian informazioain teknoloiain menpe gielakotz.",nav-lab
prem904,"11 Halee, egokitzapenik zailenetan, xerbitxuz kanpoko denboa ainitz kamiatzen ahal da.",nav-lab
prem905,"Enpresako informazio-seurtasuneko talde zentralain araera, prozesu horrek enpresa-administratzaileen arteko seurtasun-kontzientzia emendatzen du, ber dien kontrolak iteko launtza maiten du, ta informazio-seurtasunai buruzko oharrak eakundiain merkataitza-eraiketetan integratzen launtzen du.",nav-lab
prem906,"Programain hezkuntza-feedbackak onarpena sustatzen du, ta disuasio-elementu gisan jokatzen ahal du etorkizuneko pettoen aitzinian; seurki, profesionalak jaetzen dira urtero tzultzeko galdeiten denain jarraipena iten duela HICk.",nav-lab
prem907,Esku-hartziak ta feedbacka indiidualizatzeko teknoloia berriak baliatziak launtzen ahal du lanjer-patroinak ta alkol-prolemen patroinak tuzten pazienteen arreta-sistema hobetzen.,nav-lab
prem908,Galdia iten den mementutik hitzartutako aktiitatiak iten dien artio 46 aste pasatzen dira bi unitatetan.,nav-lab
prem909,Azpimarratu zuten zaintza jarraikia beharrezkoa zela kontrolak ber bezalakoak zaiten seitzeko —eungo lanjerrerer buru inez ta operazioak dealdetan traatu gabe— ta informazio-sistemak baliatzen ta atxikitzen zuzten presunek antolaketa-politikak betetzeko.,nav-lab
prem910,"Manera erian, CFO legiak, GMRAk ta GPRAk galde berriak zarri dazkote antolakunde finantzario fedealer.",nav-lab
prem911,"Hoitako ekimen batian, Estatuko goernuan merkataitza elektronikoa zartzeko jarraibide estrateikoak, gidalerroak ta legiak zarri zien.",nav-lab
prem912,SCR konexioa hiu asteik bortz astetatarteko mozketan gertatzen ahal da.,nav-lab
prem913,Posta-kode at bide ainitzek baliatzen ahal dute.,nav-lab
prem914,"2010n(bi mila ta hamar)ian ta handik goitiko urteetan kaltetuak zan zien EGUen kasuan, administratzailiak 474 (lau ehun ta hiutan hooita hamalau) atalain araera esleituko tu merkurioa iortzeko eskuidiak, ta 409 (lau ehun ta beatzi) atalain araera inen tu merkurioa iortzeko eskuideen anxerrak, A taulan aertzen dien kantitateen barnian.",nav-lab
prem915,"Beaz, agentzia fedealek erritz ebaluatu ber tuzte giza kapitalain praktikak, finantza-profesional fedealak erronka berri hoier buru iteko ta been agentzien xedia ta xediak baesteko prestatuak diela seurtatzeko.",nav-lab
prem916,Paziente gaixoek alkola kontsumitzia ezta traumatoloiako taldeain ahalmeneko auzia.,nav-lab
prem917,"T errekuntzako ingeniaitza-unitatiak, 900 (beatzi ehun) MWe-koak, 8 ertz ditinak, sufre-ikatz bituminosoain % 1,5 (ehuneko at kakotx bortz) alde erretze utenak.",nav-lab
prem918,Benefizioen azterketa hortan baliatuak zan dien kontzentrazio-ihardespen funtzioetako atzu epe laurreko lanen ondoio zan zien.,nav-lab
prem919,24 beexgarri hoik egokiak zanen litaizke GMRAain kontailitate-dozierrendako re.,nav-lab
prem920,"Ondoko irudian, antolakuntza-eitura traizional zentralizatuak ta deszentralizatuak erekusten dira, eun antolakunde liderrek baliatze uten konbinazio hibridoaikilan konpaatuz.",nav-lab
prem921,"Kasu guzietan, neurri inportantak hartu ber litaizke bezeroain erreklamazioer gaitzik ez iteko.",nav-lab
prem922,"Prouktuak ukan berri do asmatu gehio bazitin, usu, prototipo guziz integratuak baliatzen zien diseinuak baldintzak betetzen zitila froatzeko.",nav-lab
prem923,"Deliero hoik hartu ta geo, CIO antolakundiak launtza efikaz ta iisgarria man ber du, baliaidiak manera efikazian esleituz ta ardurak eunero betez.",nav-lab
prem924,Aurkeztu zue oinarriak datuen fidaarritasuna zehaztugabe gisan ebaluatzeko.,nav-lab
prem925,Erretreta-funtsak trukeen ondoiozko sos-sartziak ta ertze finantzaketa-iturri atzu dira.,nav-lab
prem926,"Agentzia Lancaster, York ta Reading xerbitxatzeko ideki zuten hastapenian.",nav-lab
prem927,"Abiazioan aitzina iten ai da, bena epe luzeko arreta ber da.",nav-lab
prem928,Baldintza horren harira sor ditaiken nahasketa adieazgarria litaike.,nav-lab
prem929,"SCR sistemen hornitzaile alemaniar atek SCRa instalatu zin alemaniar gaitasunain zati haundi atian, lau aste baino guttioko mozketetan.",nav-lab
prem930,Enpleatzailiain ta enpleatuain karpenak manera berian kalkulatzen dira normalki.,nav-lab
prem931,"Administrazioa, Substantzien Abusurako ta Osasun Mentalerako Xerbitxuen Administrazioa, ta Osasun Baliaide ta Xerbitxuen Administrazioa.",nav-lab
prem932,"20 Aldiz, desaurrezkiak -eungo sos-sartziak baino gehio xahutzia- abeastasun-stocka ttipitzen du, zenta iraanian aurreztuak zan dien kantitatiak finitzia, aktiboak saltzia do maileguak haunditzia kartzen du.",nav-lab
prem933,"Goernu fedeal arduaduna, galde hoier buru iteko inalian, beetzat hartzen ai da errendimenduan oinarritzen den kudeaketa-printzipioak.",nav-lab
prem934,"Geroai so, ihardetsi zin agentzien heren batek, gutti goraera, adieazi zin diseinua berrikusteko funtzio gehio azpikontratatzeko manera aztertzen ai diela.",nav-lab
prem935,Texasek usteu hezkuntza-manera anitzak abantailazkoak diela Medicaid programan.,nav-lab
prem936,"Uai artio, Gizarte Seguantzain programa enplegatu fedealer aplikatzen zaien neurrian, beexgarriak ta baldintzak enpleatu priatuendako programako berak zaiten dira.",nav-lab
prem937,"Auditoretza at planifikatzeko fasetan, kuskatzailek jakinaazi ber lukete ze ardura tuzten lege ta araudiak betetzeai buruzko egiaztapen ta jakinaazpenen arloan ta finantza-informazioain barne-kontrolai daokionez.",nav-lab
prem938,Biziki zaila zanen litaike Kaliforniako lege-xerbitxuetako aokatu atentzat jakitia ian Aizonako migrazio-fluxuan lan in din bezero atek Mexikoko muga guutzatu ote din.,nav-lab
prem939,"Agentzia atek langileek biaiak erreklamatzeko prozeura at zartzeko emeia zin, biaianteek 75 (hiutan hooita hamaortz) dolarreko do guttioko gastua onar dezaten, salbuespenak salbuespen.",nav-lab
prem940,"Eosketa progresioak, prolemak leheno ientifikatzen ditinez, lanjerrak mugatzen ahal tu, ta horrek aldaketak do xuxenketak errexkio itia ahalbidetzen du.",nav-lab
prem941,"LNL ta Allenbrand-Drewsez gain, epaiteiak akusatu izendatzen tu Gary Allenbrand ta Loren Drews, Allenbrand-Drews-eko zuzendaiak; ta R.L. garatzaile do kontratistak.",nav-lab
prem942,Rran ber da posta-dentsitatiak kostuan din eraina haundio dela Frantzian.,nav-lab
prem943,"Ezarpen-proiektu aten fase hoi osatzeko, gutti goraera 17 hilaete ber ditu SCRk.",nav-lab
prem944,"13.212 (hamaihiru mila berrehun ta hamabi) bizileku-iilbideetako akotxain bolumen- ta iorketa-ztatiztikez gain, CCSk 5 digituko posta-kode at eskeintzen du iilbide akotxaindako.",nav-lab
prem945,Onartzen duu per capita bolumenain ta per possible piezen arteko xuxeneko lotura lineal at.,nav-lab
prem946,"Ongietorri-paket hau eskuat maiten da, Texas'19 Medicaid-en ordezkai at bisitan jiten delaik.",nav-lab
prem947,"Hasteko, herrialde akotxeko per capita bolumena baliatzen duu gelditzen ahal dien piezak hurbilo zartzeko.",nav-lab
prem948,"Manera erian, A2 ta A3 tauletako ztatiztikek erekuste ute garraiolari-iilbideen bolumen haundiko iilbidiak sos-sartze ta hezkuntza-maila altuko posta-kodetan biltzen diela.",nav-lab
prem949,"TVAk inguraide at instalatu zin, gasa aireain aitzinbeogailutik xuxenian FGDrat iortzeko; gainez, ESPa bota ta SCR erreaktoria altxatu zen harren lekuan.",nav-lab
prem950,Atzerriko laorariak usu ibilki dira Estatu atuetan hunat ta harat.,nav-lab
prem951,Berrooita lau proiektu piloturen 1995 (mila beatzi ehun ta latan hooita hamaortz)eko errendimentuai buruzko dozierrak aurkeztu zuzten.,nav-lab
prem952,"Beaz, V. (bortzgarren) tituluain ustiapen-permisa kamiatzeko kalkulatu den guzizko denboa 17 hilaetekoa da gutti goraera, gehi adostasun-proak osatzeko denboa gehiarria.",nav-lab
prem953,Frantziak AEBk baino posta-dentsitate haundiaoak ta bolumen ttipiaoak tu.,nav-lab
prem954,"Xehetasun gehio nahi badira, kus //www.healtheffects.org/Pubs/NMMAPAS letter.pdf.",nav-lab
prem955,"Ber den diseinu ta neurria eskura ez tuulaik, esplorazioa iteko kasu-azterketa atek denboa ta sosa aurrezten ahal tu inplementazioan, ta gue maitzetan duun konfiantxa re hoetzen du .",nav-lab
prem956,"Eantsia den A fitxateiko A-3 proban aeri den gisan, prozesu hoi eaikitze-permisain galdiain prozeuraikilan betan ite al da.",nav-lab
prem957,4.14 GAGASen araera ina zan den finantza-oditoretzeindako lege gehiarria.,nav-lab
prem958,NHTSAko administratzailiain idazkaiak bertzeen esku utzi du 32902 atalain araera erreaia aurrezteko legiak maiteko boteria.,nav-lab
prem959,27 Zailtasuna hemendatzen da SCR istalazioat moldatzeko beharrezkoak dien galda-kamiamentu neurria haunditu arau.,nav-lab
prem960,"CVRko batzarkideek sosa mailegu gisan maitia delieratu zuten, ez diulaguntza gisan, bena denak ados zien finantzazio-galdeai buruzko bozka maitian, Milnek ta Ralphsek bilkura utzi ta geo.",nav-lab
prem961,Taldea hilaetero biltzen da aitzinetik eztaaidatu ta/do inplementatutako ekimenen egoera aztertzeko ta eungo prolemak ta ekimen posiliak proposatu ta eztaaidatzeko.,nav-lab
prem962,"61 Enpleatu fedealek Gizarte Asuantzain programen baesa ukaiten ahal dute, hala nola Gizarte Seurtasuna ta Medicare programena, asuantza duten gaineateko biztanleen baldintza beretan.",nav-lab
prem963,Eantsia den fitxatei huntan aurkezten dien datuak kuartil ateko iilbide akotxeko 5 digituko posta-kodeain datu demografikoetan oinarritzen dira.,nav-lab
prem964,"Jakina da eungo sos-sartziak aurreztia dela aktiboak metatzeko ta iraaneko maileguak tzultzeko manera, balio garbia haunditzen delakotz.",nav-lab
prem965,"Xediak abstraktuak zaiten ahal badira re etxe ztandarretan, abeastasuna haunditziak sekulako eraina du benefizio definituko pentsio-planen bidez biltzen dien aurrezkietan.",nav-lab
prem966,"Ingeniaitzako prototipak (birtualak do ekoizpenain adieazgarriak, hastapeneko prouktu fisikoak)",nav-lab
prem967,"Uain artio in dien erreformek ondoio sakonak kartzen dazko goernuak iten dinai, antolatzeko manerai ta herrialdeai ta herritarrer eskeiniak dien xerbitxuer.",nav-lab
prem968,"Hala, 5 digituko posta-kode bereko datu demografikoen batazbertzekoak bi kuartiletako guzizko kantitateen araera kalkulatzen ahal dira.",nav-lab
prem969,Baltimoren eztute programa formalik eri dien ta lan in ezin duten suhiltzaile ta paramedikuer launtza ekonomikoa maiteko.,nav-lab
prem970,"Ber bezala inplementatzen bada, informazio horrek bermatzen du in zela biaia at.",nav-lab
prem971,"Berez, C-R erlazioa kamiatzen ahal da leku atetik bertzeat (konpaazione, populazioain sendikortasunian do PMain konposizioan dien difeentxien ondoioz), bena, normalian, ezta lokalizazioakotz C-R funtzio espezifikoik.",nav-lab
prem972,"Finitzeko, finantzaketain gaia landu nahi nuke.",nav-lab
prem973,Trukatzeik gabeko trasakzioak - iabaziak ta galerak,nav-lab
prem974,Zor-tituluak funts fiduziaioen ta funts bitxien aitzinetik kentzia (aldizkako funts fiduziaioak zan ezik).,nav-lab
prem975,"Enpresak berregituatzeko prest seitzen du, beti kamiatzen ai dien tratu-beharrak asetzeko.",nav-lab
prem976,"Prestatze ingeniaitzakotz ta kontratu-tratuendakotz sei hilaetetik zortzi hilaeteat artio beharrik e, 900 MWe-ko biga unitate osatzeko guzizko denboa 17 hilaetetik 19 hilaeteat artekoa zanen litaike.",nav-lab
prem977,"Hasteko, larrialdi-zentroak mementu heziarri zin hobia eskeintzen dakote alkolaikilan prolemak tuzten pazienteer.",nav-lab
prem978,"Inskripzioa in ta hiu hilaeteat, lekuan lekuko ordezkaiek hornitzaile berri akotxain erreklamazioen lagin bat ebaluatze ute, eztaaidatu beharreko gairik baden kusteko.",nav-lab
prem979,"Bertzalde, badira ertze ardura atzu, hala nola enpresa barneko informazioain teknoloiain plangintza ta gainbeiratzia.",nav-lab
prem980,"Ikerketa-arlo hoi azpimarratzeko ideiak meeximentu haundia izaki re, opeazionalizazioa prolematikoa da.",nav-lab
prem981,"Trapezoide guutzatua ongizate-galera at da posta-xerbitxu hoin merkatuaindako, zin beitira muitu.",nav-lab
prem982,Datuetan petto iteko eskuidia.,nav-lab
prem983,"1989 (mila beatzi ehun ta latan hooita beatzi)ko Posta Zenbaketa Nazionala 24 eunian in zen, buruilain 5(bortz)etik urriain 2rat, ta 44.775 (berreoita lau mila zazpiehun ta hiutan hooita hamaortz) landa-iilbide zan zitin, guzira 46.197 (berroita sei mila ehun ta latan hooita hamazazpi).",nav-lab
prem984,"A1 taulako ztatiztikek eakuste uten gisan, batez bertzeko sos-sartze altueneko etxen ta heziketa-maila haundieneko helduen posta-kodetan iten dira kuartil errentaarrienetako iilbidiak.",nav-lab
prem985,Zomeit presunak lekukotza man zuten atzerritarrak herrialdia uztiain ordezkaitza finitziaz.,nav-lab
prem986,"Paada horren aitzinian, posible da bezeroek herrialdia uzteko uten eskubidiai atxikitzia.",nav-lab
prem987,"1999 (mila beatzi ehun ta latan hooita hemeetzi)an, 2.100 (bi mila ehun) familia-meiku inguru sariain bitartez sartu zien been feedback-dozierretat, ta HICk hoekuntzak in zitin ertze meiku atzuer feedbacka eskeintzeko.",nav-lab
prem988,"Ez ote ginuke telefona-dei bat ihardetsiko, galde at ihardetsiko, deposizione at bazter utziko, do ez ote gintaizke libuuteirat joanen kasu aten aztertzat?",nav-lab
prem989,"Ainitz aitzinatu gira GAOn hobetu beharreko arlo ainitzetan, ta inala iten sei ber duu.",nav-lab
prem990,Gertatzen ahal dien mozketen adiide at dira webgune publikoetan xerbitxuain aurka berriki in dien erasoak.,nav-lab
prem991,Guttien aipatu zen arrazoina barne-nukleoa atxikitzia zan zen.,nav-lab
prem992,"Alkol-kontsumoai buruzko prolema multxo at baden hein berian, zan ditaike ateabide multxo at e.",nav-lab
prem993,Do bixitatu GAOin Interneteko sartze orrialdia helbide huntan.,nav-lab
prem994,"Aipatu dien lau fasetako akotxa osatzeko ber dien epeen estimazioetan oinarrituz, errekuntza-unitate atian SCRa inplementatzeko aurreikusten den epia 21 (hooita at) hilaetekoa da gutti goraera.",nav-lab
prem995,Oposizioko aokatuer ta epaiteiai do administrazioko organismoai iorri berko litaizke jakinaazpenak.,nav-lab
prem996,Iabazi do galera trukatzeik gabeko iabazi do galera gisan kontailizatu ber da.,nav-lab
prem997,23 Financial: CFO legiain xediak erreusitzeko funtsezko bultzada jarraitua,nav-lab
prem998,Heziketa juriiko komunitaioa LSCren onuradunek maite uten xerbitxu funtsezkoa da.,nav-lab
prem999,"Halee, aitzinatzen ahal da larrialdi-zentroko bixita mementu heziarri gisan baliatzia efikaza zaiten ahal dela sobea eate uten presuna osasuntsuendako.",nav-lab
prem1000,Bistan da AICPAain agenda balorizazio- ta oientazio-inal komertzialek bete utela azken urte hauetan.,nav-lab
prem1001,"Antolakunde nausietan, garapen bidian dien enpresa-prozesuak funtsezkoak dira informazioa kudeatzeko ardura hoik nola eituratzen ta moldatzen dien zehazteko, behar aldakorrak asetzeko gai zan diten.",nav-lab
prem1002,"Anartian, New York Hiriko Taernen Elgarteko talde at ikasleen zorrai buruz eztaaidatzen aitu da sei hilaetez.",nav-lab
prem1003,"Erainkortasuna neurtzian, perfekzioa erreusitu ezina da .",nav-lab
prem1004,"2000. urtian Hazmiri ta Mihdharri ganbera arrandatu zien koloka, iduiz, legia errespetatzen din herritarra da, ta launak batu aspalditik hirizaingoan ta FBIko langileen artian.",nav-lab
prem1005,"Bosniarako biaiai buruzko informazioa erdiesteko, kus inteligentzia-xerbitxuain dozierrian heldu den Al Qaeda sauditako kideai ina zan den galdeketa, 2001(bi mila ta at)eko urriain 3koa.",nav-lab
prem1006,"Janek Mihdharren xeka ai zen New Yorkeko poliziai galdein zakon FISAain rrekonozimentu-inprimaki at izenpetzeko ta, han berian, adieazteko poliziak konpreitzen zila nola tratatu ber zin FISAin informazioa.",nav-lab
prem1007,"Kontrol lekuko azterketan; hots, gainditu ber zan zuten seurtasun-kuxa akarrian, etzen atxeman heiei buruzko deus aipagarriik.",nav-lab
prem1008,"Khalladek biarren bertsio bat man du; hots, hiuek elgarrekilan biaiatu zutela Karachiat.",nav-lab
prem1009,"Moussaouiz gain, hauek zan zien KSMk biarren eraso-aldiakotz hautagai gisan ientifikatu zitin Al Qaedako bi langiliak Abderraouf Jdey, alias.",nav-lab
prem1010,"Inteligentzia-xerbitxuain dozierrian heldu den Binalshibhi ina zan den galdeketa, 2002 (bi mila ta bi)ko urriain 1ekoa.",nav-lab
prem1011,Mihdharrek Estatu atuetako ertze visa at ukan zin CIA-FBIk New Yorken bilkura in ta bi eun beanto.,nav-lab
prem1012,"Arrestaketa zan delaik, KSMk ukatu du Al Qaedak poliziak ditila Kaliforniako hegoaldian.",nav-lab
prem1013,"Bi urtez ikertzen aitu dira, bena FBIk ezin zan zin lankidia atxeman, ez eta harren eiazko nortasuna zehaztu re.",nav-lab
prem1014,"American 11-ain kasuan, heazkinain azken komunikazio arrunta 8:13 (zortziak ta hamahiru)tan erreziitu zen.",nav-lab
prem1015,"Heiek atxeman ahal zaiteko Alemaniako Goernuain lankidetza haundia ta beharrezkoa ber zanen zen; bena, zaila zanen zen halakoik erreusitzia.",nav-lab
prem1016,"Gaitasun hoik etzien aski, bena deus gutti in zen haiek haunditzeko do berritzeko.",nav-lab
prem1017,"Analistain mezu elektronikoak, alaaina, erekusten du informazioa partekatzeai buruzko lege-ohar ta leezko muga ainitz nahasten ai zela polizia kriminalek inteligentzia-kanalen bidez bildua zan den informazioai maiten ahal dazkoten baliatziak arautzen tuzten xedapenekilan.",nav-lab
prem1018,"Jendia eskaileetaik ebakuatzen launtzeko lana man zieten polizia atzuer; bertze atzuer, aldiz, plazain, bestibuluain ta PATH estazioain ebakuazioa azkartzekoa.",nav-lab
prem1019,"Egoera hortan e, informazioa OIPRain pantailain bidez man ber zan zuten murriztapenengatik.",nav-lab
prem1020,Buruilain 9an albiste iziarriak heldu zien Afganistanetik.,nav-lab
prem1021,"Komunikatzeko ezintasuna baldintza larria zan zen World Trade Center-en, Pentagonan ta Somerset konderrian (Pennsylvania), hainbat agentzia ta jurisdikzio aitu baitzien lanian.",nav-lab
prem1022,"Datu-base idekietan xekatuz erreusitu ahal zan zuzten gidariain permisa, otoen erregistro-xifra ta telefona-zenbakien zerrenda.",nav-lab
prem1023,"Transakzio guzia susmaarria iduitu zitzakola aleatuz, Hazmi ta Mihdharrengandik urrundu zen administratzailia, bena ez haiek ber zuten launtza erreziitu aitzin.",nav-lab
prem1024,FAAain aire-zirkulazioain kontrolai buruzko datuen komisione-azterketa.,nav-lab
prem1025,"2003 (bi mila ta hiu)an, izendapen hoik ezaatu zien; nazioarteko terroismoai buruzko gai guziek izen bera ute uai: 315.",nav-lab
prem1026,"PAPDko agente ainitz Hegoaldeko Dorreat ai zien igaiten, PAPDko larrialdi-xerbitxuetako unitatia barne.",nav-lab
prem1027,Hegoaldeko Dorria eortzen kusi zin agente horrek gertatu zenain berri man zien Iparraldeko Dorrian zien larrialdi-xerbitxuetako unitateer bee ebakuazio-instrukzioetan.,nav-lab
prem1028,"Elektrika-sorgailuak itzali ber zan zien seurtasuna bermatzeko, ta, ondoioz, iogailuak etzien gehio martxan.",nav-lab
prem1029,"Egoera makurtzen bada, posile da mehatxuai buru iteko bilkura at antolatzia.",nav-lab
prem1030,Hezbolain goi-mailako operatio ateko kide atek bahitzailiak Iraneat ereman zitin heazkin berian biaiatu zin.,nav-lab
prem1031,Iduiz Powell ta Rumsfeld idazkaier e man die gai hoier buruzko informazioa DCIk.,nav-lab
prem1032,"Ekintza segretuendako, Zentro Antiterroistain ta CIAko Eraiketen Zuzendaitzain menpe zen, seur, Etxe Xuria.",nav-lab
prem1033,"Riaden zelaik, Txetxenian jihada praktikatzen zatua zela rran zien anaier.",nav-lab
prem1034,"Gaineateko unitatei buruzko informazioa ukaiteko, kus New Yorkeko suhiltzaileen erregistroetan den ordenagailuz laundua zan den iorketa-dozierra, 1377 (mila hiu ehun ta hiutan hooita hamazazpi) alarma-buata, 2001eko buruilain 11,09:42:45-09:47:05.",nav-lab
prem1035,Bertze atzu biaiante espezifikoen garraioai buruzkoak bakarrik dira.,nav-lab
prem1036,Clarkek guttienez bi aldiz aipatu zakon Rice Seurtasun Nazionaleko aholkulariai posile zela Estatu atuetan Al Qaedako zelula lokartuak zaitia.,nav-lab
prem1037,"Aldi erian, Saudi Arabiako gizartian Al Qaedak sosa biltzen zin xuxenki presunenganik ta kaitateko antolakundeen bidez.",nav-lab
prem1038,Ze pasatzen ai den ikertzen ai gira.,nav-lab
prem1039,FBIk seurtasun- ta gaitasun-lege xorrotxak gorde ber tu bee langile finko ta kontratatuekiko.,nav-lab
prem1040,"FBIko ikertzailek ondoioztatu dutenain araera, Al Qaedak abiazioan treatzeat bideatu zitin Phoenix aldian zien muturreko ertze musulman batzu re.",nav-lab
prem1041,"Mzoudik dio Marokoat joan zela esposatzeat, bena zin zan zila, oto-ixtripu atian zauritu zelakotz.",nav-lab
prem1042,"Hiuarrenik, Predator-en ereman ber zuten Hellfire misila etzen prest.",nav-lab
prem1043,"Biltzarreko liderrer eztzitzaien man PDBen berri, bena posile da gai hoi inteligentzia-xerbitxuain ertze bilkura atian aipatzia.",nav-lab
prem1044,Ezta adostasunik Ashcroftek Pickarden mehatxu terroistain egoerai buruzko informeetan zin inteesai buruz.,nav-lab
prem1045,"Langile hoik etzien kokatuak, bena, gaineko estaietako gehienek ez bezala, kaska ta geo ez jaustia delieratu zuten.",nav-lab
prem1046,"Estatu atuetara tzultzian, FBIko agenteak joan zien Hageren xeka aireportuat, galdekatu zuten ta, hondoko eunian, sasoin hartan Ben Laden ikertzen ai zen epaimahain fedealain aitzinat ereman zuten.",nav-lab
prem1047,"Shakur, berez, Farid Hilali dela ientifikatu ute Españako aintariek.",nav-lab
prem1048,"Bi konpainiei ta heien ekintzei buruzko informazioa ukaiteko, leitu New Yorkeko suhiltzaileer in 22. (hooita biarren) elgarrizketa, 28. (hooita zortziarren) batailoiaina (urtarrilain",nav-lab
prem1049,2004 (bi mila ta lau)ko 23 (hooita hiu)a (Al Qaedako lider ezaunen antsu bi heren hil do atzaman zuzten).,nav-lab
prem1050,"Mundu guzian aktiboak izozteko neurria ezta untsa aplikatu, ta errexki saihestu da, usu aste guttien burian, metodo xinpleen bidez.",nav-lab
prem1051,"Biaianten Izenen Erregistroko informaziotik hartu zen profila, ta etzitin aipatzen, bertziak bertze, arraza, kredoa, azalain koloria do jatorri nazionala.",nav-lab
prem1052,"Buruilain 11(hameka) ta geo, Motassadeqek alemaniar aintarien aitzinian onartu zin Shehhik galdein zakola Shehhien absentzia gordetzeko maneran kudeatzeko gauzak.",nav-lab
prem1053,"Suteen aurkako alarmai buruzko gorabeheren berri ukaiteko, leitu PANYNJri in zakoten 10. (hamargarren) elgarrizketa (2004ko ekainain 16koa) ta PANYNJri in zitzakon 7. (zazpiarren) elgarrizketa (2004ko ekainain 2koa).",nav-lab
prem1054,1991 (mila beatzi ehun ta latan hooita hameka)ko buruhilain 9 (beatzi)an heldu zen Ajaj New Yorkeat ta B-2 tuista-bisa atekilan sartu zen Estatu atuetan.,nav-lab
prem1055,"Ahalez, bastimentutik jalitzeko aholkatu zitzaien 5 WTCtik Bortuko Aintaitzain polizia-xerbitxuat deitu zuten ziiler.",nav-lab
prem1056,"Ipar Dorreko estaia arteko zabalguniain inguruan kokatu zien, ta A ta C eskaileetaik heldu zien ziilak eskailera mekanikoetan beherat bideatu zuzten sartze gelaat.",nav-lab
prem1057,"FBIn dozierra, 2001 (bi mila ta at)eko buruilain 18 (hemezortzi)ko 93. (latan hooita hamairuarren) healdian aertu etzien biaiantak.",nav-lab
prem1058,"Ricek ta ertze atzuek orroit dute presientak nola rran zin ""Biziki nardatua niz uliak hiltzen aitziaz"".",nav-lab
prem1059,"Beanta hartu zin iorketai buruzko informazioa ukaiteko, leitu New Yorkeko suhiltzaileen erregistroak, ordenaailuz laundua zan den iorketa-dozierra, 8087 (zortzi mila ta latan hooita zazpi) alarma-buata, 2001eko buruilain 11, 09:03:00-09:10:02.",nav-lab
prem1060,Mihdhar Estatu atuetako biziaz kexatu zen.,nav-lab
prem1061,"Inteligentzia-xerbitxuain dozierrian heldu den 1996 (mila beatzi ehun ta latan hooita hamasei)ko Atef-en azterketa, heazkinak bahitzeko eraiketei buruzkoa, 2001eko buruilain 26koa.",nav-lab
prem1062,"Ballingerren ohartaazpenei buruzko informazioa erdiesteko, leitu Ed Ballingerri ina zan zen egarrizketa (2004ko (bi mila ta lauko) apiilain 14koa).",nav-lab
prem1063,"Diputatuek ekainain hondarrian in zuzten bilkuretan, Teneti manatu zitzakon ebaluatzeko talianak Estatu atuekilan Al Qaedain kontra elgarlanian aitzeko hautuak.",nav-lab
prem1064,"Zomeit gaitan, elgarlana hobetu da; ertze atzuetan, aldiz, makurtu.",nav-lab
prem1065,"Gue mugek ta gue imigrazio-sistemak, legia atxikaazteko neurriek barne, ongietorri-, toleantzia- ta justizia-mezua iorri ber diete etorkinen komunitateetako kideer, ba Estatu atuetan, ba heien jatorrizko herrialdeetan.",nav-lab
prem1066,CIAk maiatzain 16an man zin lehen aldikotz Araiar Emirerri atuetatin zin deiain berri.,nav-lab
prem1067,Finantza-merkatuak berritz ideki ta bihaamunian argitaatu zen adieazpen hoi.,nav-lab
prem1068,"Bandar al Hazmik Aizona Aviation-en treatzen seitu zin ta Saudi Araiat tzuli zen tartezka, 2000ko urtarrilian Estatu atuetatik azken aldikoz ateatu zen artio.",nav-lab
prem1069,"Jakiteko beharretik partekatzeko beharreat pasatzeko arrazoinei buruzko informazioa erdiesteko, kus James Steinbergen lekukotasuna, 2003ko urriain 14koa.",nav-lab
prem1070,"Eskaileetan lan in zin konpainia akotx kapitaina, tenientia ta bortz suhiltzaile aitu zien.",nav-lab
prem1071,"Alor hortan, hala nola, Operation Infinite Resolve (Eazpen infinituain opeazioa) delakoa sartu zen, Al Qaedak Afganistanen zitin xedeen kontra proposatutako eraso-seida at.",nav-lab
prem1072,"1998 (mila beatzi ehun ta latan hooita hemezortzi)an, ariketa at zuzendu zin Clarkek soluzioa desegokia zela ageian uzteko.",nav-lab
prem1073,TSAk urtian 3 mila milloi bideatzen tu azken gerlari buru iteko aeronautikat.,nav-lab
prem1074,Kontailitateko Bulego Nausiak armen histoia aztertu zin ta ezin zan zin eiazkoa zenik berretsi.,nav-lab
prem1075,Agentziek arrakasta neurtzeko gai zan ber dute.,nav-lab
prem1076,"Kanpalekua zerratuko zela entzun ta geo, Kandaharretik hurbil zen Faruqeko kanpamentuat joan zien bera ta ertze atzu, ta treakuntza gehio erreziitu zuten han berian.",nav-lab
prem1077,Agente ainitz hurbildu zien zaurituak zien ziiler launtzeat ta oinez iiltzen ahal ziener seidan joaiteko galdeiteat.,nav-lab
prem1078,"Zintzotasuna sustatzeko ta priatutasuna baesteko, elgarrizketatu gehienak ez ientifikatzia delieratu ginin.",nav-lab
prem1079,"Normalian, iruimena ezta buokraziekilan lotzen.",nav-lab
prem1080,Al Qaeda ta terroismoa lehentasun bat gehio bilakatu zien Pakistan ta Saudi Arabiaikilan deia mukuru zuzten agendetan.,nav-lab
prem1081,"FBIk Paisen din leezko ordezkaiain bulegoa agorrilain 16an do 17an zarri zen lehen aldikotz harremanetan Frantziako goernuaikilan, Minneapolizeko kasuain agenteaikilan telefonaz mintzatu ta fite.",nav-lab
prem1082,"Fiskalain Bulegoak do epailiak errefusatu zin, FISAko auziteiak gielat botatzen ahal zin FISAin epai-agindu aten galdia, agentiak prozesu penalai ihes iten entseatzen ai ziela alegatuz.",nav-lab
prem1083,"Jane, Dave ta CIAko Ben Ladenen unitatiain lanen jakinain gainian zen FBIko analista at New Yorkeat joan zien ekainain 11n, Cole kasuan lanian ai zien agenteekilan elgartzeko.",nav-lab
prem1084,"1996 (mila beatzi ehun ta latan hooita hamasei)ko maiatzain hastapenian, Ben Laden mentuaz Sudandik jaliko zela jakinaazi zitzakon CIAri.",nav-lab
prem1085,"John ta Daven arteko trukaketai buruzko informazioa ukaiteko, kus CIAin mezu elektronikoak, Dave ta Johnen artekoak, 2001eko maiatzain 17, 18 ta 24koak; CIAin mezu elektronikoak, Richard ta Alanen artekoak, Khalladen ientifikazioa, 2001eko uztailain 13koa.",nav-lab
prem1086,"Pakistaneko azken hartzailiak hawaladar pakistandarreat joko zin geo bee sosa erreziitzeat, hawaladar pakistandarrak eskura zin eozoin diisatik errupiatan emana.",nav-lab
prem1087,"Talkain ondoioz, ainitz hil zien do larriki zauritu; bertze atzu, aldiz, antsu kalteik gabe ateatu zien.",nav-lab
prem1088,Sutan zien estaietako atzu mementu hartan sua itzaltzeko eskura ginituen indarren gaitasunetik kanpo zien.,nav-lab
prem1089,"Guziak baliatzen badira, eztuu sistemako punttu akarrain menpe egon behar lan guzia iteko.",nav-lab
prem1090,"KSMk Al Qaedari eskeinitako launtzai buruzko informazioa erreziitzeko, kus inteligentzia-xerbitxuain dozierretan heldu dien KSMi inak zan dien interrogazioak, 2003ko uztailain 12koak (bi dozierr).",nav-lab
prem1091,"Washingtoneko Zentroko kontrolatzailiak hegaldiain xeka ai zien, bena etzitzaien rran radar primaioetan xekatzeko.",nav-lab
prem1092,"Izen hoik Thailandiako aintarien zaintza-zerrendetan zienez, ono zin duu konpreitu zendako etzuten leheno man horren berri.",nav-lab
prem1093,"Bushen Etxe Xuriko langile nausiak zan zien Condoleezza Rice seurtasun-aholkulai nazionala, George H.W.-ren administrazioan NSCko kide zan zena",nav-lab
prem1094,"Sartze gelako ipar-mendealdeko bazterrian zien estaiatik soailuainoko leihoak, West Street aldeat maiten zutenak, guziz lehertu zien.",nav-lab
prem1095,Mugain bi aldetan aliatuak zitila jakin zen.,nav-lab
prem1096,Beiruteko ta Irango Hezbolako agentiak talde at noiz arriatuko goaitatzen ai zien garai hartan.,nav-lab
prem1097,Terroistek ientitate faltsuak baliatzen tuzte zaintza-zerrenden bidez ez atxemanak zaiteko.,nav-lab
prem1098,New Yorkeko suhiltzaileen ta poliziain arteko koordinazio ezak buruilain 11n erain katastrofikoa ukan ote zin eztaaidatu zan da.,nav-lab
prem1099,"Nitrozelulosaz hornituak zien barnekoak iorriz karga-heazkinak bonbardatzeko KSMein proposamen gehiarriai buruz, KSMk adieazi du Ben Ladenek eraiketa kamiatzeko inteesa erekutsi zila, opeazio suizida aten proetxuan.",nav-lab
prem1100,"New Yorkeko poliziain helikopteuak baliatzen ai zien hiri guziko SOD kanala gainbeiratzen seitzen zuteno, larrialdi-xerbitzuetako unitatiak dorreetatiaiteko baliatzen ai zien punttuz punttuko kanal taktika re gainbeiratu zin.",nav-lab
prem1101,"Portuko Aintaritzako langile ziil batzu gaineko estaietan gelditu zien, blokatuak zien ziiler launtzeko ta ebakuazioan launtzeko.",nav-lab
prem1102,"Buruilain 11ko ebakuazio-launtzendako, kus, konpaazione, Ziiler ina zan zen 14. elgarrizketa (apiilain",nav-lab
prem1103,"Hazmiri lehen aldikoz mailegu aten galdia errefusatu t geo, administratzailiak bee banku-kondua baliatzeko baimena man zakon 5.000 (bortz mila) dolarreko trasfeentzia errezii zezan.",nav-lab
prem1104,"Eztuu elgarrizketatu ezautzen duun presuna oro, ez eta artikulu do agii garrantzitsu oro atzaman e.",nav-lab
prem1105,Kongresuak inteligentzia-xerbitxua ta terroismoain aurkako borroka gainbeiratzia disfuntzionala da uai.,nav-lab
prem1106,"Las Vegazek tuistak beso zaalik hartzeko din ospiaz gain, eztuu kusi ebientzia sinesgarriik opeatibuak, uaikuan ta ertze atzuetan, Las Vegazen elgartzeko arrazoina azaltzen dinik.",nav-lab
prem1107,"Nausiki, Ramzi Yousefekilan elgartutako terroista independente gisan hartu zuten KSM, 1996 (mila beatzi ehun ta latan hooita hamasei)ko urtarrilian Manilako heazkin-atentatuan parte hartu zuelakotz auzipetua.",nav-lab
prem1108,"Pilotuain ta helikopteuain xinixtiaindako, kus New Yorkeko poliziai in zakoten 12. elkgarrizketa, Abiazioa (Martxoain",nav-lab
prem1109,"Eiazki, New Yorkeko suhiltzaileak etzien okupatu hiriak larrialdiai man zakon ihardespena kudeatziaz, auzapezain zuzentarauak hala galdein bazin e.",nav-lab
prem1110,Ben Ladenek ta Al Qaedak sustatu terroismoak etzin deusik kustekoik goernuak ordu artio ezautzen zinaikilan.,nav-lab
prem1111,"Talianak lekuz kamiatzeko espeantxa guziak galdu zituztenez, erregimenain aurkaiei launtza segretua maitiai buruzko eztaaida berpiztu zen.",nav-lab
prem1112,"Dubai pasaide ezin hobia zen, hiri moernua beitzen, aireportu garrantzitsu batetaterrexki arriatzeko bidia, biaia-agentziak, hotelak ta mendealdeko merkataitza-establezimenduak eskeintzen baitzitin.",nav-lab
prem1113,"Poliziak tiro in zakon gizonai, ta geo bee buriaz bertze in zin heazkinian, ono aireportuan lur hartuik zielaik.",nav-lab
prem1114,"Eun KSM ta Al Qaeda errexki lotzen tuu, bena buruilain 11a baino lehen etzen halakoik gertatzen.",nav-lab
prem1115,"Aintariak Pakistanen e zarri zuten arreta, ta talianak Al Qaedain aurka zartzeko ze iten ahal zuten aztertu zuten.",nav-lab
prem1116,"Azkenian, Paul O'Neill Oasun Saileko idazkaiai Al Qaedain finantzaketa xede zin plan bat iteko galdein zakon, harren aktiboak enbargatzeko.",nav-lab
prem1117,"Haznawi (93 (latan hooita hamahiruarren). healdia) ta Wail al Shehri (11. healdia) 2001eko ekainain 8an arriatu zien Maiamiat Londresetik, aitzineko hiuen iilbide bera baliatuz.",nav-lab
prem1118,"Terroismoain aurkako borrokan, beexketa hoik geo ta artifizialo idui ute.",nav-lab
prem1119,"Iturriak adieazi zuenez, Ben Ladenek leherkaien fabrikazioan aditua zenain launtza galdein ta erreziitu zin. Aditu hua 1996 (mila beatzi ehun ta latan hooita hamasei)ko buruilera artio eon zen han treakuntza maiten, ta ordu berian erreziitu zuten informazioa Estatu atuek.",nav-lab
prem1120,Gatibuak Slahiren bilkura 1999 (mila beatzi ehun ta latan hooita hemeetzi)ko urrian in zela rran zin.,nav-lab
prem1121,"Attak Txekiar Errepublikatin zin biaiai buruzko informazioa erdiesteko, kus ibid.",nav-lab
prem1122,"Maiatzian do ekainian, Clarkek terroismoain aurkako einbideetaik ziberseurtasunain inguruko ardura multxo berri ateat kamiatzeko galdein zin.",nav-lab
prem1123,"Bi eun beanto, Ahmed al Ghamdi ta Abdul Aziz al Omari, New Jerseyn Hazmi ta Hanjourrekilan bizi zan zienak, Maiamiat tzuli zien, seurraski, lau bahiketa-taldiak azkenian esleitu zuztela adieaziz.",nav-lab
prem1124,"Gates dozierreko aholkuen berri ukaiteko, leitu Ikerketa kriminalen diisioko lantaldiain dozierra, Inteligentzia-xerbitxuain ohartarzpenen hoekuntza, 1992 (mila beatzi ehun ta latan hooita hamabi)ko maiatzain 29 (hooita beatzi)koa.",nav-lab
prem1125,"Heazkinak kolpatu ta geo zin zan zien jautsi, bastimentuko hiu eskailerek jasan zuzten kaltiak do aitzinat itia galaazten zuten baldintzak ziela medio.",nav-lab
prem1126,Heien galdiak ainitzez apalo dira neurriai ta konplexutasunai daokienez.,nav-lab
prem1127,"Eztut uste aintzatestia hoin garrantzitsua enik, taliana CNNein aitzinian kixkalitako Predator batetik jalitzen kustiak sortzen din inteesak programa pikutatjoaiteko lanjerrian uzten beitu, idatzi zin.",nav-lab
prem1128,"Beanto, Bush presientak goaipatu zin proposamen hoi, bee pentsatzeko maneran inflexio-punttu at zan zela rranez.",nav-lab
prem1129,"Eaikuntzako langileen eskutik altxatze-sistemen egoera ezautzeai buruzko informazioa erdiesteko, kus New Yorkeko suhiltzaileen nausiai in zakoten 4. elgarrizketa (urtarrilain",nav-lab
prem1130,"Ondoko identifikazioei buruzko informazioa erdiesteko, kus CIAin telegrama, KSMein seimendu-turria, 2001eko uztailain 11koa.",nav-lab
prem1131,"Otsailain 4rako, Hazmi ta Mihdhar San Diegoat arriatu zien Loz Angelezetik; seurrike, Mohdar Abdullah-k in zitin gidai-lanak.",nav-lab
prem1132,Traba at zen Justizia Saileko kidiak zin ziela proposatutako erreforma guzietan ados zarri.,nav-lab
prem1133,"FBIn ikerketa-dozierra, Jennifer Stangelen elgarrizketa, 2001eko buruilain 14koa.",nav-lab
prem1134,"Buruilain 11 aitzin, AEBetako goernuko agentzia atek e etzitin sistematikoki aztertu terroisten biaiatzeko estrateiak.",nav-lab
prem1135,"Kus inteligentzia-xerbitxuain dozierretan heldu dien KSMi in galdeketak, 2003ko uztailain 1ekoa; 2003ko buruilain 5ekoa.",nav-lab
prem1136,Etzen nehoiz zan eztaaidagai formal bat antolakundeen artian.,nav-lab
prem1137,3. deia C terminaleko telefona publiko atetik in zen (kontrolguniain ta United 175 (ehun ta hiutan hooita hamaortz)en heazkineatze-bortain artian zen).,nav-lab
prem1138,"Leherketak sei laun hil zitin, 1.000 at gehio zauritu, ta ageian utzi zin World Trade Center ta hiria etziela larrialdi-egoerei ihardesteko guziz prest.",nav-lab
prem1139,"Estatuatuarrek e nola in pentsatu berko lukete, been goernua ertze molde atetan antolatu.",nav-lab
prem1140,Atlantatik hurbil dira leku hoik guziak.,nav-lab
prem1141,"Hotelen antolakuntzai buruzko informazioa erdiesteko, leitu inteligentzia-xerbitxuain dozierretan heldu den Khalladi in galdeketa, urtarrilain",nav-lab
prem1142,"Beanto, CIAk ealuazio formaloak aurkeztu zazkon Etxe Xuriai, ta ondoio hoi berretsi zin.",nav-lab
prem1143,43 Tommy Franks Ainte Nausiko (CENTCOM) komandante nausiak rran zaukun lehendakaia etzela pozik.,nav-lab
prem1144,Presunak erre ziela e aipatzen zen elgarrizketan.,nav-lab
prem1145,"10:45 (hamekak laurden gutti)tan, Defcon 3a gielatzeko rran zakoten hizlaier, bena minuta at beanto gielat bota zen manu hoi.",nav-lab
prem1146,"Ondoioztatu zuten biaiante akar at e etzela buruilain 11ko easoekilan konektatu, ta geoztik eztute atxeman ondoio hoi kamiatzen din frogaik.",nav-lab
prem1147,"Halee, ondoko eunian plazaatu aitzinkonduan arma-delituak, drogen trafikoa ta eskuide ziilak azpimarratu zuzten lehentasun gisan.",nav-lab
prem1148,Mehatxua etzen zelula lotsatiena.,nav-lab
prem1149,"Connecticuten, New Yorken ta New Jerseyn bizi zan zen Rababah, ta ikertzaileer rran zien Patersonen (New Jersey) finkatzia aholkatu ziela Hazmi ta Hanjourri, komunitate hartan araieraz hartzen zielakotz.",nav-lab
prem1150,Rran daukute Pickard ta Ashcroftek etzutela harreman onik.,nav-lab
prem1151,"Eun hartan berian, kuskatzailiak inteligentzia-xerbitxuko agente atenganat iorri zin nausia, inteligentzia-kasu at idekitzeko; hola, agente at zanen zuten bertzaldian, FBIko inteligentzia-xerbitxuain informazioa fiskalekilan ez partekatzeko.",nav-lab
prem1152,"Nausiain ta enpresen etorrerai buruzko informazioa erdiesteko, kus Jules Naudet ta Gedeon Naudet, videoa, 2001eko buruilain 11koa; New Yorkeko suhiltzaileen buruai in zakoten 4. elgarrizketa (urtarrilain",nav-lab
prem1153,"PAPDko agente ainitz gunian behereko estaietan zien. Batzuek eakuazioan launtzen zuten, bertze atzuek 5 WTCko PAPDain kontrol-punttua kudeatzen zuten, do sartze gelako manatze-postuetan laundu.",nav-lab
prem1154,"Bee aholkulaiek Estatu atuetan zelula at bazela rran zan baliote, hartaz arduatuko zela rran zin.",nav-lab
prem1155,FBIko ikertzaile atzuek dudan zarri zuten Rababahin histoia.,nav-lab
prem1156,"Konpaazione, auzapezak ta polizia-komisaioak New Yorkeko suhiltzaileen buruai in zakoten konsulta 9:20 (beatziak ta hooi) alde.",nav-lab
prem1157,"Gihar lanak in ber zuzten 15 bahitzaileak, bi salbu, tuista gisan onartu zuzten, ta, horri esker, sei hilaeteko eonaldia in ahal zan zuten Estatu atuetan (Mihdharren kasuan salbu, lau hilaeteko baimena erreziitu beitzuen).",nav-lab
prem1158,"Pasaporte garbiak ta kaltetuak zan zien bi pasaportiak erreziitziai buruzko informazioa erdiesteko, leitu inteligentzia-xerbitxuain dozierretan heldu dien KSMi in galdeketak, 2003ko uztailain 3koa ta 2003ko buruilain 9koa.",nav-lab
prem1159,Hotelian elgartu zen gaineateko taldekideekilan.,nav-lab
prem1160,"Halaer, adieazi du Attak zentral nuklear bat e bazila xedien ataiko zerrendan, bena Ben Ladenek ideia hoi bazter uztia delieratu zila.",nav-lab
prem1161,"Onartzen duu zaila zanen zela NORADen defentsa-jarreran hain kamiamentu karioa itia bahitzaile suiziden lanjerrai buru iteko, holako mehatxuik bazenik e jakin gabe.",nav-lab
prem1162,"KSMk jarraibidiak man ahal zan dazko Binalshibhi Moussaouiri sosa iortzeko, Moussaoui Jarrahren ordezko pilotu gisan prestatzen launtzeko.",nav-lab
prem1163,Thumairyk ukatu du halako diziplina-neurriak hartu zitila.,nav-lab
prem1164,"Hainbat erreistro ofizial aztertziaz gain, Irakeko enbaxadatik landa hartuak zan zien zaintza-argazkiak e berrikusi zitin Txekiar Goernuak.",nav-lab
prem1165,"Yousefek Pakistaneat ihes itia erreusitu zin, bena harren konplize Murad, KSMein rranetan eraiketa finantzatzeko 3.000 $-ekilan Yousefenganat iorri zina, arrestatu zuten, ta planain xehetasunak man zitin galdeketa itian.",nav-lab
prem1166,"Estatu atuok guhaurren buria mundu islamiarrain aitzinian definitzeko oldarkor jokatzen ezpaduu, extremistek gooz ine ute hala gue partez.",nav-lab
prem1167,"NCTCko nausiak inteligentzia-xerbitxu nazionaleko zuzendaiordeen mailako kargu at ukan ver luke, konpaazione, 2. mailako zuzendai exekutiboa, bena harren karguak bertze izen bat du.",nav-lab
prem1168,"Binalshibhen ustez, Jarrahk familiai iten zazkon bisiten bidetik sortu zien neurri atian desaostasunak.",nav-lab
prem1169,"Ekonomia arrakastatsuak sektore priatu dinamikoen menpe dira, goernuak denen gainian din boteria murrizteko inteesa beitute.",nav-lab
prem1170,"Ainitzentzat, aktoreek lan iteko toki onenetako at da Indianapoliz.",nav-lab
prem1171,"Eunian 24 oenez, astian 7 eunez eskeintzen duu telefona bidezko launtza, Preentziorako informazio-baliaideen zentroain bidez ta Burrasoentzat arreta-zenbakiain bidez.",nav-lab
prem1172,Buata hoik beti gordiak zanen dielakotz bertze opari guziak ideki ta geo re.,nav-lab
prem1173,"Prezio merkiak atxiki ahal zaiteko, zuenganat jo ber duu, gue ikusleenganat, ekarpen ttipi at inez xede hau erreusitzen launtzeko.",nav-lab
prem1174,"00ren launtzai esker, Indianapoliz inguruko antsu 400 (lau ehun) haurri oientazioa, indarra ta dibertsioa eskeini ahal zan genizkien.",nav-lab
prem1175,"Hastapenian, banakoek 1.000 $-eko do gehioko opari at iten ahal dute Kantzelaiain Zirkuluan sartzeko, do 500 (bortz ehun) $-eko do gehioko opari at Kantzelaien bazkide bilakatzeko.",nav-lab
prem1176,"Gue sendaile pediatrikoak sortze-pettoak, haurren minbiziak, odol-nahastiak ta hezur-muina trasplantatzeko teknikak aztertzen ai dira, ta gue ikerketa meikalak ta genetika molekularrekoak mixteio genetikoak argitzen seitzen du.",nav-lab
prem1177,Zue uaiko opariak onura fiskal gehio maiten ahal dauzkitzu urte ondarrian.,nav-lab
prem1178,"Dakizuenez, zuzenbide-fakultateai urtian 1.000 $ do gehioko karpenak iten dazkoten laun ta ikasle ohiak dira talde hontako kidiak.",nav-lab
prem1179,"50eko hamarkaan hazitako haur gisan, antzerki herrikoiain ekoizpenetat joaitia da ene orroitzapen zoriontsuenetako at.",nav-lab
prem1180,Gutun hau erreziitzen din bakotxak 18 $ manen balitu.,nav-lab
prem1181,"Bertzeik gabe, beexi beheko aldia, markatu dagokion hautua, in berrezko kamiamentuak zue helbidian ta iorri lotua den gutun-azalian.",nav-lab
prem1182,Ono 200.000 dolar baino gehio bildu ber tuu zue gisateko harpiedun ta maileenganik.,nav-lab
prem1183,Eizaintza-fakultatiak zien dohaintza eskuzaalak ber tu bee hezkuntza-bikaintasuna atxikitzeko.,nav-lab
prem1184,Parte-hartzaileen % 80 (latan hooi)k jakinaaziko du kalapitak konpontzeko treetasun gehio tuztela.,nav-lab
prem1185,"Otoi, etzite joan dohaintza-maile ohien zerrendat.",nav-lab
prem1186,Ordenaailu at ta modem bat din eozoin sartzen ahalko da gue eremuan.,nav-lab
prem1187,"Haurrendako Etorkizunak antolakundian parte hartzeko Estatu atuetako haur indigena at baesian hartze ahal duzu do Kideen Zirkuluan sartze ahal zira, gue komunitateko hezkuntza-proiektuetan launtzeko.",nav-lab
prem1188,"Beaz, atsein haundiz luzatzen dautzut eun Filantropia Zentroko ohorezko bazkide zaiteko gomita.",nav-lab
prem1189,Sartzeen salmenta ta harpietzak eztira aski gue denboaldi guzia finantzatzeko.,nav-lab
prem1190,"Zuzenbide-fakultatiain beharrak hauek dira: ordenaailu gehio eostia, gue gezurrezko epaimahainen biaia-gastuak ordaintzia, Sala grisa berritzia, libuuteirakotz beharrezkoak dien errefeentzia-mateialak eostia…",nav-lab
prem1191,OPARI BERRIAK! GUZI-GUZIAK DIRA LAUNGARRIAK!,nav-lab
prem1192,Bide luzia duu iteko zue gisateko laun ta harpieunen launtzaikilan 365.000 (hiu ehun ta hiutan hooita hamaortz mila) dolarreko xedia erdietsi aitzin.,nav-lab
prem1193,"Gue Meikuntza Ookorreko Klinika hainbat urtez ai da lanian ta, berriki, Defentsa Penaleko Klinika at gehitu duu.",nav-lab
prem1194,Sartzeetaik erdietsi dien iraaziek eztute estaltzen programa hoin kostua.,nav-lab
prem1195,Audubon Elgarte Nazionaleko kidetzain onura nausiak eztu beehalako deus argiik maiten trukian.,nav-lab
prem1196,"Zehaztu antolakundia (hala badagokio), helbidia, hiria, estatua ta posta-kodia",nav-lab
prem1197,Linda Hardwick Garapeneko zuzendaia,nav-lab
prem1198,IRTekilan dutan maitasun-afera luzia da.,nav-lab
prem1199,"Presunak ta haien inguruko natura lotziain bidezko hezkuntza ta ikaskuntza sustatzen tuen antolakundia zanik, etorkizunian arrakasta zaiten seitzeko aktioki prestatzen ai da elgartia.",nav-lab
prem1200,"Barne Zirkuluko kide gisan, aulki hautatuak zanen tutzu batzarrian, ta apairuendako, erreziitzeendako ta aktiitateendako gomita beeziak aste guzian.",nav-lab
prem1201,"1991 (mila beatzi ehun ta latan hooita hameka)a baino lehen hitza man do laundu bauzu, ene esker ona ta zuzenbide-eskolako administrazioaina ta fakultatiaina errezii tzazu.",nav-lab
prem1202,"IUPUIko uniertsitate-libuuteier launtzeko zien promesa berritzeko galdeiten dautzut, ta karpen hoi haunditzeko re ba.",nav-lab
prem1203,"Jauntzia Brigitte Doth-ek, Jade Stice-k ta Penny Laimanak in dute.",nav-lab
prem1204,"Kodia leitzian kusten den gisan, aiskidia, ono inpos aantaila fedeal ta nazional ainitz badira ongintzazko karpenak iteko.",nav-lab
prem1205,"Bena zuzenbide-eskolen artian lehia haundia bada, halaer, ikasleik onenak ta argienak eakartzeko.",nav-lab
prem1206,Gizarte Osasunain Elgarteko hezitzaile graduatuek aurkezpenak eskeintzen tuzte hiu eskolatan.,nav-lab
prem1207,"Iaz, Museuain büjeta operatioain % 17 maile leialen karpenetaik jin zen.",nav-lab
prem1208,"Bertze ikasle atzuenganat helduz, bertzenaz ezinezkoa beita heienganat heltzia, nola eskolain hala ertze antolakunde komunitaio atzuen bidez.",nav-lab
prem1209,"Kanpaina bideatzeko 100 dolar do gehio man tutzunez, eskerrak man nahi dauzkizuu ta zu ta ertze launtzaile at harrera beezi ateat gomitatuak zizte. Hua 2000ko martxoain 23an zanen da, ortzeunian, 17:30 (bortzak terdi)taik 20 (zortziak) artio, Herron Hall-en.",nav-lab
prem1210,Xedia erdietsiko duu.,nav-lab
prem1211,"Cassie, Corey, Rachel, Isaiah, Kelly ta Kyle izenak zarriko dira buatetan, ta aurten zendu dien biarren hezkuntzako Columbine ikastetxeko ertze ikasleen izenak e ba.",nav-lab
prem1212,"IUPUIko uniertsitate-libuuteietan zue espeantxak asetzeko manerako bildumak zaiteko, ta ber duzuna eskuratu do xerbitxu egokiak erreziitzeko, launak ta bazkidiak ber dira ba Uniertsitatiain barnian ba komunitatian, estatuan ta nazio guzian zehar.",nav-lab
prem1213,"Ainitzez xede gehioi tuu erdiesteko goaitan ta, lan hortan launtzeko, etzaut bazkide korporatio hobeik heldu gogoat.",nav-lab
prem1214,"Berdin du literaturako gai at den, giza zientzietako afera at do histoiako pertsonaia garrantzitsu at den; antzerki lan guzi-guziak net untsa heldu dira klaseko curriculumaikilan.",nav-lab
prem1215,"Gerald L. Bepko, United Way of Central Indiana entitatiain 1995 (mila beatzi ehun ta latan hooita hamaortz)eko kanpainain buria.",nav-lab
prem1216,"Ikasleendako, aholkulai, zaintzaile, kapilau, otto ta eiazko laun zan zen.",nav-lab
prem1217,"Hoeki laundu ahal zaiteko, iorri zui buruzko informazio gehio idatziz, faxez do meilez.",nav-lab
prem1218,"ikastalde ttipiaoak, teknoloiain baliatzia ta ikasleer launtzeko espazio eskasia aspaldianik (armairuak, janai-xerbitxua, ikasleen antolakundeendako bulegoak).",nav-lab
prem1219,Clinton Birthplace Fundazioa 501 (bortz ehun ta at)(c) (3) ezta antolakunde politiko at; iraazi-asmoik gabia da ta zien ekarpenen menpe da.,nav-lab
prem1220,Clinton Birthplace Fundazioak bazkide osoen pribileioak eskeintzen dazkote 10 dolar bakarrik ordaintze utener.,nav-lab
prem1221,Indianako Uniertsitateko Meikuntza Eskolain 90. (latan hooitamargarren) urteburua ospatzen duun huntan ohartzen gira zomat zor diegun ameslaier ta heien ametser.,nav-lab
prem1222,"Inner Circle taldeko kide zienez geoz, triunako eserleku onenetako atzu zanen tutzu demokraziain munduko ospakizunik haundienaintzat: AEBko 52. presientain leeintzaldiain inaugurazioa.",nav-lab
prem1223,"Milesker zue arretaintzat, ta aurtengo kanpainan parte hartuko uzu agian.",nav-lab
prem1224,"Wanda, eozoin ama bezala, sortzen ahal tutzun posilitate berriez ohartzen da, ta hark jakin beharreko zeit xoraarria dela rraiten du.",nav-lab
prem1225,"Gue emankizunetat jiten dien haurrak aitzinetik prestatzen dira antzerki-espeientziaindako, klaseko curriculumain bidez.",nav-lab
prem1226,Urteko sasoin hau xoraarria da istoioak kondatzeko.,nav-lab
prem1227,"Azaroan, gutunak iorri ginizkizuen Boys & Girls Clubi buruzko istoio at partekatzeko. Hua leku xoraarria ta positiboa da gue komunitateko haur ta gazteendako.",nav-lab
prem1228,Zori onain sena laungarri zan zitzakon gue zuzenbide-eskolan sekulan aitu den dekanoik maitatuena zaiteko.,nav-lab
prem1229,"Hunekin betan, ihardespen-txartel ta gutun-azal at akotx iortzen dauzkizuu, 1994 (mila beatzi ehun ta latan hooita hamalau) urtia Iuindako opari atekilan hasiko uzun espeantxan.",nav-lab
prem1230,Ez tutzu hondoko ekitaldiak galdu nahi zanen.,nav-lab
prem1231,"Konfiantxa iten dautzut ta ertze laun eskuzaal batzuer e ba, gaineateko % 38 (hoita hemezortzi)a man dezazuen.",nav-lab
prem1232,"Museuain Urteko Kanpaina Operatioa baestia laungarria zaiten da lan adieazgarriak bildumateakartzeko, ta komunitate guziaindako eakustaldi beeziak aurkezteko e ba.",nav-lab
prem1233,"Zue inplikazioaikilan, haurrer launtzen ahal duzu herritar hobiak zan diten; konpaazione, orrialde huntan aertzen den haur ttipiai.",nav-lab
prem1234,Alimaleko tapiza hunen harien hamahiru koloriek nazio huntako jatorrizko hamahiru koloniak iduikatzen tuzte.,nav-lab
prem1235,"Maile hauek xuxenki launduko dakote kantzilerrai iakasle, ikasle ta langileen beehalako beharrak asetzen.",nav-lab
prem1236,... oientazio ixpiituala ta kuraia.,nav-lab
prem1237,"Inpos-ekitaldi berria defizit batekilan hasten baduu, aurtengoa alimaleko erronka zanen da.",nav-lab
prem1238,"Rock-and-rolla lasterka iilki zen errail lasterrian, VETTE Candy Apple aten gisan, bena FOREVER PLAIDek bee musikan xinixten zin.",nav-lab
prem1239,"Uai baakizu zoin garrantzitsua den narrazioa, poesia, kantuak ta antzerkia, enpatia, urrikalmendu ta iruimena sustatzeko.",nav-lab
prem1240,"Jabeek berreskuatzen ez tuzten animalien kasuan, Human Society elgartiak xerbitxu ainitz baliatzen tu animalia hoier launtzeko ta bizi zoriontsua ukaiteko.",nav-lab
prem1241,00 Sei urte baino guttio: iilaldia kitoik. Taifa militarra: 3 dolar.,nav-lab
prem1242,"Espeantxa duu heiekilan mintzaziaz gozatzia, bena IRTein sos administratioa aurrezten ahal duzu, oparia tzultzeko gutun-azalian gaur berian iortzen bauzu.",nav-lab
prem1243,"Dila 40 (berrooi) urte, ikasle atek, Betty Groh Tower-ek, erregistro meikalak kudeatzeko ikastaroan izena man zin, ta gue lehen lizentziatu bihurtu zen.",nav-lab
prem1244,"Libuuteiai ekarpena in dakozunez geoz, Citywide Friends elgarteko kide bihurtuko zira.",nav-lab
prem1245,Abenduain 11 (hameka)n xekatuko zitut!,nav-lab
prem1246,"William Lowe Bryan Indianako Uniertsitateko presienta zan zen. Hark oinarri zaaleko uniertsitate atekilan amets iten zin ta, hola, Indianako Uniertsitateko Meikuntza Eskola 1903 (mila beatzi ehun ta hiu)an sortu zen.",nav-lab
prem1247,"Zue baesa IRTein konpromiso-programen faoretan da xuxenki, ta dohaintzen sosaikilan berdintzen launtzen du.",nav-lab
prem1248,Uai usaiako AZKEN DEIA heldu da!,nav-lab
prem1249,"Oinarrizkoa da AEBko herritarrer eakustia filantropia zoin garrantzitsua den, informatuak dien ta konpromisoak hartzen tuzten liderren belaunaldi berri at garatzeko.",nav-lab
prem1250,"Ikuskizuna itia K-12ko 6.500 (sei mila ta bortz ehun) ikasle baino gehioin aitzinian, estatuko profesionalen biltzarretan, Pan-Am Media Event ekitaldi atian ta AEBen aitzinian.",nav-lab
prem1251,"Indianako lege fiskalaren eskuzabaltasuna dela eta, Unibertsitateari 200 dolar arteko edozein diru-kopuru emanez gero, kopuru horren erdia baino ez zaizu kostatuko, aitorpen fiskal federalean erreklamatzen duzun kenkaria kenduta.",nav-lab
prem1252,"Gutun hunekilan jakinian zartzen zaituu, nahiz denboaldi huntan arrakasta zan duun, ono zue launtza ber duula gue kudeaketa fiskal indartsuaikilan ta antzerki ekoizpen biziekilan seitzeko.",nav-lab
prem1253,"Iaz, New Yorkeko estatuko 48.000 (berroita zortzi mila) haur baino gehio gaizki tratatu ta manera ez egokian zaindu zuzten: zauritu zuzten, bortxatu zuzten, tratu txar emozionalak jasanaazi zazkoten ta arreta ta gainbeiratze egokiak ukatu zazkoten.",nav-lab
prem1254,Ta 85 (latan hooita ortz) urtez baino gehioz aitu gira hortan.,nav-lab
prem1255,Bihotzeko eitasunen ondoio suntsitzaileetako at bihotz giharrian sortzen den ezin konponduzko kaltia da.,nav-lab
prem1256,"IRTi dohaintza eun iteko galdeiten dautzuet, ta 26 (hooita sei) urtez in duten lan xoraarriaikilan aitzinat iten launtzeko.",nav-lab
prem1257,Agian bikaintasunain olinpiar tradizioaikilan seitzen launduko daukuzu.,nav-lab
prem1258,"1914 (mila beatzi ehun ta hamalau)az geoz, Civic-ek bee beezitasuna atxiki du, leiala zan beita.",nav-lab
prem1259,… zerren parte zaiten ta zer baesten zanen zintaizke harro?,nav-lab
prem1260,… naturai buruz iskriitze uten munduko kortesenak ta motiatzaileenak.,nav-lab
prem1261,"Hemen funtsak ber dira hastapeneko kapital gisan baliatzeko, beeziki eskolaako autobaesa zan berko luketen proiektuak zartzeko lan iten duuno.",nav-lab
prem1262,"Ageikua da IMAain munduko arte-bilduma iaunkorra altxatzeko konpromisoa, dilindan zartzeko 75 (hiutan hooita hamaortz) paper-bilkari bitxi ta pantaila tolesgarri eosi beitzien abenduan.",nav-lab
prem1263,"Maleuski, AEBko herritar guziak eztira ados filantropiain garrantziaz duun ikuspunttuaikilan.",nav-lab
prem1264,Agian fite zanen dut zue berri.,nav-lab
prem1265,"Nussbaum-eko kide zienez geoz, galtzeko punttuan dien animaliak ta heien etxiak salbatzen laundu gituzu.",nav-lab
prem1266,"Urtero, uztailian, gue estatuain ondaria ospatzen duu elgartiain Hoosier histoia-festialian.",nav-lab
prem1267,Gue uniertsitate-ospitaleek ta ikerketa-programek eztute estatuain launtzaik erreziitzen.,nav-lab
prem1268,"Ezpauzu ertze deus galdeiteko, otoi, deitu kideendako xerbitxuen koordinatzaile Chris Youngi, telefona-zenbaki huntaat: (800) 877-6773.",nav-lab
prem1269,"Iaz, gue ikasle ohien % 20 (hooia)k baino etzakon eskolai dohaintzaik in; 1990 (mila beatzi ehun ta latan hooitamar)ian, aldiz,% 14k.",nav-lab
prem1270,"Citywide Friends of the Free Library elgarteko kide zienez geoz, berriketaia erreziituko uzu hiu hilaitian behin, libuuteiko gertakizunei ta lege-gaiei buruzko informazioa maiteko.",nav-lab
prem1271,"Hunekin betan, ono, kide bihurtzeko inprimakia ta ihardespen komertzialeko gutun-azala tutzu.",nav-lab
prem1272,"Hala da, ere, bertze Hoosier ospetsu atzuekilan; konpaazione, hauekilan: James Whitcomb Riley, Eugene V. Debs ta Madam C.J.",nav-lab
prem1273,"Horra uai arteko emaitzak: 5.615 (bortz mila sei ehun ta hamaortz), maile eztien ikasle ohiak, 81 (latan hooita at), % 1,4 (bat kakotx lau); dohaintzaik haundiena zan zen. Ta 2.840 (bi mila zortzi ehun ta berrooi) dolar; ttipiena, 5 (bortz) dolarrekoa.",nav-lab
prem1274,"Inbertsio horren ondoioz, 60 (hiutan hooi) eongia berritu ta saldu zaizkie baliaide apaleko eosleer, ta kalitate oneko 100 apartamentu zaharberritu dira, zentzuzko prezioetan saltzeko.",nav-lab
prem1275,Ta hoi da IRTein Hezkuntza Programen tresna xoraarria. Eunerokoan baliatzeko ta biziik irauteko manerako tresnak erekusten dazkoten istoioak kusteko paada maiten die haurrer.,nav-lab
prem1276,"Bush presientain izenian, agian etorkizunian zuekilan lan ineut.",nav-lab
prem1277,"Zomeit urtetan gaindi, paketatze-lanak ta buleoko lanak iten aitu zen.",nav-lab
prem1278,"Uai dela hilaete, Indianapolizen in nin debuta zuzendai gisan, AEBko taulagainetako klasiko atekilan: Inherit the Wind. Biarren hezkuntzako ta lizeoko 5.500 (bortz mila ta bortzehun) ikasle baino gehio zan zien.",nav-lab
prem1279,"Beaz, rran ber dautzuet zendako Filantropia Zentroak e baesa meexi din.",nav-lab
prem1280,"Katedraleko eungo ikasleen % 25 (hooita ortz)ek, gutti goraera, launtza finantzaio bat erreziitzen du.",nav-lab
prem1281,Ta xerbitxua maiten diegun haurren % 30 (hooitamar)ek baino gehiok zin dute kanpalekuain prezioa ordaindu.,nav-lab
prem1282,"Gutun hunekilan jakinian zartzen zaituu ono zue launtza ber duula kudeaketa fiskal sendoa, antzezlan biziak ta hezkuntza-programa bikainak gauzatzen seitzeko.",nav-lab
prem1283,Bena kamiamentuan barnian seipena re zanen da.,nav-lab
prem1284,"Launtzaik gabe, dirulauntzain zati at galduko duu.",nav-lab
prem1285,"Science aldizkaian argitaatutako ikerketan ageian utzi ute ze aitzinamendu in dien, dokumentatu beitute bihotz-zelula funtzionalen lehen trasplante arrakastatsua animalia-eredu atian.",nav-lab
prem1286,"Kolegioko ta lizeoko ikasleendako arte-programak tugu; egoera larrian dira uai, geo ta guttio esleitzen beitzaie arterako eskola-büjetian.",nav-lab
prem1287,"Hiriko iraazi-asmoik gabeko ertze antzoki atzuetan ez bezala, gue aktoreek been lanbidiaikilan ateatzen dute bizimoldia.",nav-lab
prem1288,"Hain justu, Lowell Nussbaum Society elgartiai man dakozun launtza ainitzez haundio da zue alokairua baino.",nav-lab
prem1289,"Hobari gisan, uai % 50 (berrooita hamar)eko desgrabazioa eskeintzen ahal dautzuu 100 dolar do gehio maiten tuztener, Indianako NAP Neighborhood Assistance Program bidez.",nav-lab
prem1290,Seitzen duela nahi nuke kusi.,nav-lab
prem1291,"FOREVER PLAID: izenak beekilan kartzen du balio traizionalen seipena, familiain, etxeain ta harmoniain balioena.",nav-lab
prem1292,"Atzerriko bixitaien kontseilu nazionala han berian antolatu zuten Hegoafrikako praktika-programak ta Txinako meikuntza-praktiken programak. Hala, 199(?)an, 100 gomita baino gehio jin zien Indianako erdiguneat.",nav-lab
prem1293,Oreka pittat xekatze uzu?,nav-lab
prem1294,"Indianako Uniertsitateko meikuntza-eskolain kanpainai do Field doktoriain ikerketai buruzko informazio gehio nahi bauzu, deitu 274-3270 telefona-zenbakiat.",nav-lab
prem1295,"IMAko Garapen Batzordiak 1998 (mila beatzi ehun ta latan hooita hemezortzi)ko abenduain 31 (hooita hameka)at artio erreziitutako hitzemaite guziak eiaztatuko tu, dolar bakotxai soinez.",nav-lab
prem1296,"Diapositia-aurkezpen luze atian, libuuteia hainbat antzerki-gaitan erekusten da.",nav-lab
prem1297,"Houston-en eoiteko erreserba-kopurua mugatua denez, agian izendapena onartzeko dokumentua gaur iorriko ut.",nav-lab
prem1298,"Senatuko zirkulu errepublikanoaikilan elgar ziten gomitatzen zitut atsein haundiz, gue ixpiitua ospatzeko Batzar Errepublikano Nazionalian, Texazen, aorrilain 16tik 20 (hogoi)rat artio.",nav-lab
prem1299,"Proiektu garrantzitsu hunen parte zan ziten gomitatzen zaituu, Indianapolizeko bi uniertsitate publiko bikainen lankietza indartzeko.",nav-lab
prem1300,"Bertze behin, zorionak zirkuluko kide zaiteko ahobatezko izendapenaingatik, ta ohore hoi ahal bezin fite onartzia galdeiten dautzut.",nav-lab
prem1301,"Zue eskuzaaltasuna laungarri zanen da, IRTk sei dezan istoioik onenak ahalik ta hoekien kondatzen.",nav-lab
prem1302,"Dohaintza-maileek eskuzaal zaiten seitzen baute re, Museuain hainbat programa ta eraiketa finantzazio gabe gelditzen dira urtero.",nav-lab
prem1303,"Jerry Bepkok, IUPUIko kantzilerrak, omenaldia in zakon Kenti bee eleekilan.",nav-lab
prem1304,Aokatu onen hezkuntza indartzen seitzen ahal duu.,nav-lab
prem1305,"Pursuit of Excellence funtsai aski karpen haundiak itia garrantzitsua da, ta aurten karpena inen duzula espero duu.",nav-lab
prem1306,"Independente bihurtu denboan, laundu zue graduain ospia indartzen.",nav-lab
prem1307,"Lou Harrisen dila guttiko inkesta aten araera, eungo emazteki enpresa-liderren % 66 (hiutan hooita sei) baino gehio nesken zkaut taldetan iiliak dira.",nav-lab
prem1308,"Zuk, bertze kide arduatsu atzuekilan betan, harro zaiteko manerako gue estatuain ondaria zaintzen ta sustatzen launduko uzu.",nav-lab
prem1309,"Bazkide zienez geoz, bazkideendako akarrik iten dien aktiitatetan parte hartzen ahalko uzu, ta batzarreko saio ofizial guzietakotz sarbide osoa ukane uzu, halaer.",nav-lab
prem1310,"Ikasle ohien aurtengo bazkaia 1991 (mila beatzi ehun ta latan hooita hameka)ko urriain 23 (hooita hiu)an zanen da, AMRAk Nashvillen (Tennessee) urteo iten din topaketan.",nav-lab
prem1311,ZEIN DA ADINEKOENDAKO ERRONKA?,nav-lab
prem1312,"Zue ongintzazko elgartiak gizarte-xerbitxu erainkorrak maiten tu komunitatian, animaliendako ta jendiandako; gainez, Nashua hiriko xakurtei e bada.",nav-lab
prem1313,"Elefanten eitura anatomikoain zailtasunen erainez, etxeko animalietan prolema haunditzat hartzen den prozeura arrunt bat sortu zen.",nav-lab
prem1314,"Mentuaz eztuu nahi ginin guzia zan, do ertze presuna atzuer kusi ginina, bena beak seurtatu zin ber gintuen gauzak zanen gintila.",nav-lab
prem1315,IRTko kide zan niz 17 urtez.,nav-lab
prem1316,"Elgarrizketa hiriko ordezkaiekilan ta ertze gizarte- ta komunitate-antolakunde atzuekilan, IMAin artiain garapenai buruz.",nav-lab
prem1317,"Nahiz xifreak ageikuak dien, burtsak usu oinarrizkoak zaiten dira behar finantzaioak tuzten ikasle onenak eakartzekotz.",nav-lab
prem1318,"Ene intuizioak, seur, biziki oinarri zehatza du: zue parrokiai urteo iten dakozun dohaintzak erekusten din gisan, ardura hartzen din presuna at zira.",nav-lab
prem1319,Ta bera beti zan zen hor guetako.,nav-lab
prem1320,"Ene ametsa da estatuatuar guziak Olinpiar familiain parte zaitia; beaz, man ahal duzuna, otoi.",nav-lab
prem1321,"Iabazteko hautabidiak argiki hemendatu zauzkigu idekiak dien aulkiengaitik (Washington, Coloado ta Ipar Dakota), ta luzaz demokrata zan den Alan Dixon kanpoatu utelakotz.",nav-lab
prem1322,"1990 (mila beatzi ehun ta latan hooitamar)ian, programan xerbitxu goenain Elton T. Ridley saria finkatu zen.",nav-lab
prem1323,"Gainez, Indianako bizizalek onura fiskalak erreziitzen ahal tuzte Indianako desgraazioain bidez. Xuxenki aplikatzen da, estatuko errenta-aitorpenain behekaldian.",nav-lab
prem1324,"Emanaldi aten ondotik, bikote gazte at taulat igan zen, eunon rraiteat.",nav-lab
prem1325,Lizentziatu guzier 1000 dolarreko oparia galdeiten ai gira.,nav-lab
prem1326,...gue gizartia hobetzia.,nav-lab
prem1327,"YMCAk manera hortan erdietsi nahi du. Bee printzipio kristauak praktikan zarri nahi tu, hazkunde pertsonala sustatzen ta guziondako ixpiitu-, buru- ta gorputz-osasuna eaikitze uten programen bidez.",nav-lab
prem1328,"Ondoioz, baakit inalak iten tutzula bertzeekilan urrikaltsua ta arduatsua zaiteko.",nav-lab
prem1329,"The Friends elgartiak bi mailatan lan iten du: bat Citywide Friends, ta bertzia, Branch Friends. Maila atian do bietan zaiten ahal zira aktibo.",nav-lab
prem1330,"Hoi biziki garrantzitsua da gizakiek zaintzen tuzten elefantek luzaz biziauteko, ta basa-elefantek e ba.",nav-lab
prem1331,"Otoi, in dohaintza uai, zui, zue launer ta auzoer launtzen seitu ahal zaiteko.",nav-lab
prem1332,"1991ko graduazio-ekitaldiain bidez, gogoameneat karri dira Indiana Uniertsitateko ikasle gaaiko orroitzapenak.",nav-lab
prem1333,"Amali deitzen da, ta espeantxa rran nahi du. Ezta dudaik, eerki erekusten du IZSk din espeantxa: zooetan ta naturan bizi dien Afrikako elefantak zaintzeko lanian seitzia.",nav-lab
prem1334,Bena ertze anitzek e gue launtza ber dute.,nav-lab
prem1335,"Pentsatu urrikalmenduz zemat maiten ahal duzun, otoi.",nav-lab
prem1336,"Halaer, histoiaikilan, liteaturaikilan ta gizarte-kasketekilan xuxenki lotuak dien antzezlanak e ohoratzen tugu.",nav-lab
prem1337,Omnia vincit amor (Weekly Standard aldizkaiaindako lan ite ezpauzu): Brit Hume-k (Fox News Sunday) espekulatzen du zendako Lewinskyk ez. Ono presientaikilan maitemindua da.,nav-lab
prem1338,"Ainitz pentsatu da Michael Apted kontratatziaz, seriei punttu bihozberaoa maiteko.",nav-lab
prem1339,neska at azal xuriko parka at ta botak soinian kustia,nav-lab
prem1340,Filman ezta aipatzen Kaufmanek usu rran zila bee heriotza nola nahiko luken gauzatu.,nav-lab
prem1341,"Rockefeller egoera larri hortan kausitu zuten, Avenging Angel Tarbell bee mamia urratzen hasi zelaik McClure aldizkaian.",nav-lab
prem1342,"The New Yorker aldizkaiko Adam Gopnik-ek rraiten du Veneziako bienalian pop artista sobea baela, been lan onenak aspaldi man zuztenak (Jim Dine, Claes Oldenburg), hoik zartzen dira...",nav-lab
prem1343,"Hollywood Strikes Back lanian, Nancy Griffinek iskriitu zin Michael Eisnerrek bake-opari at eskaini zakola Mike Ovitz laun ohiari, bena Ovitzek etzila onartu.",nav-lab
prem1344,"Dila guttio, New Yorkeko merkataitza-kasu atian, aurreiritzi etnikoen karguak egotzi zazkoten Klaymani.",nav-lab
prem1345,"Nekez espeo dezake nehork ordezkai korporatioz mukuru den sala atian AEBko lan-idazkaiari txistu jotzia, garrasi itia ta denetik oihukatzia.",nav-lab
prem1346,"Hazkuntzak erain adieazgarriaoa du kirol-errendimentuan, bena horrek eztu rran nahi natura lanian eztenik ai.",nav-lab
prem1347,"Behin etxeat helduik, AEBk hornidura bi maneratan mozten duela jakin nin.",nav-lab
prem1348,"Oxford uniertsitate-argitaletxe xahar ta haundiena da mundian, ta poesia-bilduma bertan beherat utziko duela iraarri du uaintxet.",nav-lab
prem1349,"RPH librua argitaatu ta geo, itzulian aituko dira, ta, horren ondoioz",nav-lab
prem1350,"Halee, kontsolazio-sari at bada bihozbeatasunez.",nav-lab
prem1351,"Aste huntan, Enquirer eunkarian Ken Starr-ek amodio-afera haundiai buruz in zin erreportaiain aitzinapena heldu da: larru-jotziak presientain limuzinan, bulego obaloan ta, LINCOLN GANBERAN e ba!",nav-lab
prem1352,"Hoi da Sidewalk-ek. TicketMaster-en trasakzio-orrietako URLak graatu zitin; hartan, ikuskizun zehatzendako sartziak eosten dira.",nav-lab
prem1353,Kirolak eztira web hoitan apustuak iteko ekitaldi akarrak.,nav-lab
prem1354,"Aorrilain 25 (hooita ortz)ian, demokratek Atlantic Cityn in zien biltzarra abiaazi ta geo, N.J. Johnson-ek (56  (berrooita hamasei)urte, ordian), presienta zaiteko lasterketa uzteko mehatxua in zin hiu elgarrizketetan, ta hoik graatuak dira.",nav-lab
prem1355,Lamar Alexander-ek presienta zaiteko saioa utzi zin.,nav-lab
prem1356,"Askatasun ziilen histoia tamalgarri hortaz gain, FBIn baliapen desegokia bada Etxe Xuriko jatorrizko biaia-bulegoko ikerketan; beanto, Filegate deitua zan da.",nav-lab
prem1357,"Tung-ek hitz eman du neurriak hartuko itila higiezin-espekulatzaileen aurka, bena ainitzek uste ute eztela hoinbertzeakotz zanen eiazki.",nav-lab
prem1358,"Kexuen artian, bertziak bertze, holakuak bazien: ekipaia-prolemak, heazkineko launtzaile zakarrak, manera mixteiotsuan bertan beherat utziak zan zien healdiak ta fakturazio-iziarrikeiak.",nav-lab
prem1359,"Lawrence Singleton bortxatzaile famatuak biktimen besaurriak mozten zitin. Zortzi urte ertzeik etzin pasa gartzelan, ta preso hartu ute, bertze emazteki at hil artio laankatzen ai zelaik, Floridan.",nav-lab
prem1360,"New Republic hedaideko Charles Lane-k rraiten dinez, Gabriel García Márquezen Noticia de un secuestro kazetaitza faltsuko marka hedatu beizik eztu iten.",nav-lab
prem1361,"Paada ainitz badira argudio kosmologiko horren logikai kontra iteko, ta teismoain aurkai gaaikideek denak entseatu tuzte.",nav-lab
prem1362,Talmudic-ek eztu ekipaiaik.,nav-lab
prem1363,Auziteia ezta gaur goizian Washingtonen zan den zirku politiko akarra.,nav-lab
prem1364,Argi da gue eztaaidak goaitatu ber duela anbizio haundiko libru hau argitaatu artio.,nav-lab
prem1365,"Büjeta horren bidez, zomeit hautu garrantzitsu in dira, dudazkoak izaki re, nahiz manera inplizituan zan.",nav-lab
prem1366,"Hortan guzian zehar e, Morris-ek zion iten ai zena biziki moralista zela.",nav-lab
prem1367,"Osasunain Mundu Eakundiak iraarri zin, tuerkulosia tratatzeko estrategia berri atekilan, hamar milloi bizi gutti goraera salbatzen ahalko ziela hondoko hamarkaan.",nav-lab
prem1368,"Jacob Weisberg-ek Car Talk iskriitu du, goernurakotz ta herrietakotz aurtengo bozen gakoai buruzko idazlan bikain bat. Hartan, autokrazia elea berritz definitu du.",nav-lab
prem1369,"Azaleko istoioan ikerlan berriena aztertzen da, nun haur ttipiek nola pentsatze uten lantzen den.",nav-lab
prem1370,"Clinton moralki ahalgeaaztia etzuten aski zan, numbeitik e, ta, hola, harren aurkaiak Lewinsky auzia hauspotzen entseatu zien, krimenetat ta aurkaatzeko manerako delituetat hedatzeraino.",nav-lab
prem1371,"Zendako da hoi hobia, larruzko manto bihurtzia baino?",nav-lab
prem1372,"Nahiz eta USA Today eunkariain azken urtiak beltzak zan dien, hedaide-kritika goorrak eakarri tu, klixez betiak.",nav-lab
prem1373,"Teknika horrek funtzionatzen duelaik, indar haundiko istoio at erreusitzen da, nahiz harren gaia ezten hiuarren paagrafora artio aertzen.",nav-lab
prem1374,Mikroond at ukaitiak kartzen duen kostu ekonomikoa 6 dolar da.,nav-lab
prem1375,sexu- do iraizte-aktiitatiak do -organoak.,nav-lab
prem1376,"NEA inkestan, libruei buruzko galde at baizik bada: leitu zinin libruik iaz?",nav-lab
prem1377,Woodward-ena da Colin Powellen psikean ukaiten ahal duun behako onena.,nav-lab
prem1378,"Kontzeptu hoitako atzuekilan arrakasta erreusitu da maila espeimentalian, ta hedatzeko pres dira.",nav-lab
prem1379,"Zortzi teknika xinple hauek baliatuz, berri at fabrikatzen ahal duzu zue etxeko konfortian.",nav-lab
prem1380,Samuel Sheinbein-ek eailketa-jujamentua beteko du Israelen.,nav-lab
prem1381,"Time aldizkaian Kenneth Starri buruz in duten profilain araera, hua kontserbadoria, suharreia ta paperjalia da.",nav-lab
prem1382,Senatuak delieratu zin agentzia berri atek arma nuklearren ikerketa gainbeiratu berko lukela.,nav-lab
prem1383,Antsu guziain politizazioa (Liteatura Dibisioa) fite doa aitzina.,nav-lab
prem1384,"Emazteki moernuek iziarri maite ute meheak zaitia, bena been indarrak eite fisikoa re ukaitia nahi dute, ez soilik emozionala do mentala, manera erromantikoan.",nav-lab
prem1385,Hau da errepublikanoen azken baliaidia.,nav-lab
prem1386,"Rudolph Giulianik Amadou Dialloin tioketa nola kudeatu zin defenditu du Newsweek aldizkaiak. [New Yorkeko Polizia Departamentua] ezta KKK, adieazi du.",nav-lab
prem1387,"James Surowiecki-ren Moneybox zutabia astelehenetik ortzialeartio, ta Slate-en ertze artikulu atzu ekonomiai ta finantzei buruz.",nav-lab
prem1388,"Eremu grisa da hoi, dio John Kirkwood-ek, Metropolitan Chicaoko ALAn denak.",nav-lab
prem1389,Ezautu ta asetzen enauten presuna guziak.,nav-lab
prem1390,Galde hau makroekonomialai atekilan amodio-afera at ukaiteko etiketai buruzkoa da.,nav-lab
prem1391,"Seur, arrazoin on bat bazen pentsatzeko goernuak han berian zila erree zaiteko; hain xuxen, erree zaiteko zin han.",nav-lab
prem1392,"Zuhaurren perfekzioik ezak zikintzen din egoera at kudeatzeko taktika onena hau da, zue buria bitarteko zoriontsu gisan ukaitia, ezkerrian ta eskuinian tutzunak baino hobia.",nav-lab
prem1393,"Lamar Alexander-en jalitzia aipatzekoa da, nahiz eta ilogikoa e ez izan.",nav-lab
prem1394,"Seur, edukia beextia hoi hondamendia zaiten ahal da Slate bezalako aldizkaiendako.",nav-lab
prem1395,"Gerla ta geo, serieko eongiak in zien, ta, bertziak bertze, haur ainitz karri zitin egoera horrek. Hola, haurrendako hiritzat hartzen dira, ta biziki untsa diseinatu zuzten.",nav-lab
prem1396,"Littleton hiriko komunitate-ikusmoldia dela ta, kontra zaiteko ene biarren arrazoina hau da, errua burrasoer botazen zaiela hein sobea haundian.",nav-lab
prem1397,Ragtime musikalai buruzko herriain jakituiak gorabeherak zaiten seitzen du.,nav-lab
prem1398,"Gehien saldu en bideojokoa Myst da, ta Riven, aldiz, harren gaurkotze at. Ohoreik haundienak Riven bati eskeini zazko; hartan, presuna at uharte atian da, abandonatua.",nav-lab
prem1399,"Ono, Anti-Defamation League elgartiak in din inkestain araera, AEBko muturreko antisemita-kantitatia ttikiaotu da: 1964 (mila beatzi ehun ta hiutan hooita lau)an, % 29 (hooita beatzi); 1992 (mila beatzi ehun ta latan hooita hamalau)an, % 20 (hooi); ta eun, % 12.",nav-lab
prem1400,"Sullivan-ek tratu-berdintasunain mantra baliatzen du, eztaaidak finitzeko balioko balu gisan.",nav-lab
prem1401,"Talianen aintiak eztu izen onik ukan paxtunak eztien komunitateen beitan, ez eta hiri haundietako herritarren artian e, beeziki Kabulen, sofistikatuaoak ta lieralaoak beitira.",nav-lab
prem1402,"Prudence-k aholkuei buruzko gue zutabia iten zin, ta, hark erretreta hartu dinez, harren ilobak hartu du horren gaineko ardura; hua re Prudence deitzen da.",nav-lab
prem1403,"Newsweek aldizkaiain araera, tuistak ta jende ospetsua Pataoniat joaiten ai dira talde haunditan. Sasoin batian, ihes in zuten naziendako baesleku zan zen.",nav-lab
prem1404,"Ikasleer tiro iten diete, ez?",nav-lab
prem1405,"Newsweek aldizkaian erekutsi ute borrokain industria noraino heltzeko pres den, zaleen inteesa atxikitzeko.",nav-lab
prem1406,Demokratizazioak e eztu kamiatzen nazioarteko geografiain peko errealitatia.,nav-lab
prem1407,Goorra da Finkelstein-i buruzko arraotsak harrekilan iskriitzen ai den Birn itotzia.,nav-lab
prem1408,"Ihardespenain zati at sozioloikoa da, nik uste.",nav-lab
prem1409,Kale itsua. Eztaaidain zati haundi at abortuaikilan zeit kusteko uten gaiei buruzkoa da.,nav-lab
prem1410,"Beaz, U-Haul-erat deitu nin alokairu-politikei buruz galdeiteko.",nav-lab
prem1411,Kezkatzeko eiazko arrazoina da osasun antolakundeek epe luzian huts iten ahal dutela kostuak kontrolatzen.,nav-lab
prem1412,"Azaleko istoioan eztaaidatzen da NATOin xediak zoin zan ber din, Kosovo banatzia do protektoratu gisan kudeatzia.",nav-lab
prem1413,Eztuzu arrapostu merkeagoik atxemaiten ahal.,nav-lab
prem1414,"Halee, Pokemonen heriotza zin saihestuzkoa zanik, harren lekua hartuko ina sortzeko ta horrekilan sosa iteko paada baduu.",nav-lab
prem1415,"Mementu oro jakinik, boz urratu ta bitxi hoi behin entzunik, aitzinatekuan beti ezautuko utala.",nav-lab
prem1416,"Nola atxemaite uzu plan hibrido at? Baliatzaile haundienendako, harpidetzak, ta gaineatekoendako, mikroordainketak.",nav-lab
prem1417,"Pamela Harriman AEBko enbaxaoe zan zen Frantzian, ta Alderdi Demokratikoain finantzatzaile ospetsua. XX. mendeko gizon haundien emazte ta maitale zatua, burmuineko odol galtze aten ondoioz hil zen, 76 (hiutan hooita hamasei) urte zitila.",nav-lab
prem1418,"Aitzitik, goernu atek sosa galdeitia ezta hertsadura, ta ezin da nehondik nehora re konpaatu Txinan gertatzen denaikilan.",nav-lab
prem1419,"Softwarrai daokionez, agentziak antolakunde independente ta fidaarri maneran lan iten du, softwarrain ustezko jatorria eiaztatzen.",nav-lab
prem1420,"Administrazioak elikaai-quotei buruz adieazten ditin argudioak, seur, aise adieazten ahal dira oinarrizko ongizateai buruz e (beharra uten familiendako aldi ateakotz launtza).",nav-lab
prem1421,Baesteko gakoain xeka (barka hitz-joko txarra).,nav-lab
prem1422,Zomat iakurle tu Slate-k?,nav-lab
prem1423,"Josef Korbel Letohrad hirian hazi zen, ta hango auzapezak rran du hiu gutun iorri dazkola Albrighti azken urte hauetan.",nav-lab
prem1424,"Dalloway andreai laudoioak iten dazkote ono, bena iritzi kritikoaoak e sortzen dira.",nav-lab
prem1425,Dolar bat noiz ezta dolar bat?,nav-lab
prem1426,"Uniertsitateko lehen urteko ikasle atzuek (MITeko Seth Bisen-Hersh, Yaleko Ben Trachtenberg) bi campüs hoin errealitatia euneoko atian aztertzia biziki eakargarria da; prolema, haatik, hoi gauzatzia zanen da.",nav-lab
prem1427,"Erreulazio Fedealeikilan ados zanez, FAAko, XXXX airelineako ta ertze airelinea atzuetako langileek zin dutela programa honi buruzko informazioa partekatu jendeaikilan.",nav-lab
prem1428,"Bon, susmatze ut Madrile ta Atlantako herritarrek moernitatia nahio utela, nahiz traizioa neurri atian galtzia sendi uten.",nav-lab
prem1429,Armey-ekilan uzten gitu horrek.,nav-lab
prem1430,Bolizko dorrian bizi dien liertarioek e elituzkete gai hoik bater utziko.,nav-lab
prem1431,Goi-teknoloiako komunitatiain ekarpenak xekatzia da hautaai atzuek goi-teknoloiako plataforma at garatzeko inal haundia in zanain arrazoinetako at.,nav-lab
prem1432,"Gue elgarrizketatu oldarkorrenak mementu akar batian laneko gorputz guziak iltzatzeko goo biziz zien, ta libruei kasuik ez in ta eileenganat jo zuten xuxenki.",nav-lab
prem1433,"Meikuian araera, gau oro 3 miligramo hartzia sobea da.",nav-lab
prem1434,Linüxeat kamiatuko zira?,nav-lab
prem1435,"Afera ezta, soilik, Bradley etanolain diulauntzain aurka zela joan den eunera artio.",nav-lab
prem1436,"Gainez, guk dakiunez, bizia behin bakarrik sortu zen hemen, Lurrian.",nav-lab
prem1437,"Eun galdiak hau karri dit gogoat, Radio City Music Hall-eko Eguerritako desfilia kusi nin aldi akar hoi; han, bertziak bertze, jaiotza bizidun deitzen zuten zeit bazen.",nav-lab
prem1438,"Clinton administrazioain jarrera hau da, Internet inposik gaeko eremu fedeal bat zan berko litaikela.",nav-lab
prem1439,"Elikaaiak irradiatziak seurra, efikaza ta merkia idui du.",nav-lab
prem1440,Histoia natualain Smithsonian web-orria (joan beherat bi do hiu aldiz).,nav-lab
prem1441,"Aste huntan, Washingtonen, hau uste da, lehertzeaino heltzen dien idazle gaztek (Glass-ek, konpaazione) urrikalmendua meexi utela, sistemak presioa iten dielakotz izar bihur diten treatu aitzin e.",nav-lab
prem1442,"Bertze atzuek galdiai ihardetsi zakoten, bena Keyes-ek ainitz iskriitu zin.",nav-lab
prem1443,"Zori ona jin dedin kandatu, axola zauzkitanendako.",nav-lab
prem1444,"Elgarrizketa-programetako gomitek, eun, galdeei ez ihardesteko treakuntza formala ute usu, ta 3 urteko haur bat e aitzinetik ina zan den aipamen bat erreusitzeko kapale da.",nav-lab
prem1445,"Ezin da gauza bera rran New York Times eunkariai buruz. Kokainain auziai buruzko editoialian, Times aldizkaian hau aholkatu zakoten Bushi, xintxoa zaiteko ta herriai neurria hartzen uzteko.",nav-lab
prem1446,"Dohaintzak iten tuzten gazteen burraso ainitz aspaldiko aktiista politikoak dira, ta legiak ezautzen tuzte.",nav-lab
prem1447,Steven E. Landsburg-ek bazter utzi zin sen ona bee dila guttiko Tax the Knickers Off Your Grandchildren artikuluan.,nav-lab
prem1448,"Neska-launekiko konfiantxai buruzko kexuain gainian, ordia, emazteaikilan luze ta bihotz-zaalik mintzatzeko iadokitzen dautzu Prudie-k, ta harren hautuekilan nahasia ziela azpimarratzeko.",nav-lab
prem1449,"Bistan denez, aski arbitraioak zanik, posile da AFIren hautu ainitzek bideik ez uztia interpretazio kultual sendo atendako.",nav-lab
prem1450,"Walcott margolai zaiteko treatu zen, harren aita ezala: errient aitu zen, ta Walcott haurtxo zelaik zendu zen. The Bounty duu Walcotten libruik piktorikoena, nola metodoai hala gaiai so inez.",nav-lab
prem1451,Ze pasa zen armaak errudun bat xekatzeko traizio urrikalgaitz horrekilan?,nav-lab
prem1452,"Michael Lewis-ek Trail Fever libruai buruz in zin elgarrizketa atian rran zin Alexander-ek zeit in zila kanpaina huntan, nik posile kusten enina.",nav-lab
prem1453,"New Yorkeko karrika atian kusten ahal den gertaeraik sumingarriena (Donald Trumpek Boss Tweed-en maruaikilan swinga dantzatzia bazter utziik, buluzik) norbeit bee telefona muikorraikilan kalakan aitzia da.",nav-lab
prem1454,"Newsweek aldizkaiko azaleko istoioan argudiatzen da Ipar Ameikat heldu zien lehen herriak hainbat etniatakoak ziela, ez histoiai buruzko ikaslibuuetan deskriatu ohi dien asiarrak, Bering Strait zeharkatu zutenak.",nav-lab
prem1455,Behatz lodi sendo atzuk zanpatzia.,nav-lab
prem1456,"Prudie bera ezta kartsuki mintzatzen mutiko- ta neska-laun harremanez 30 (hooitamar) urteik gorako jendiandako, ta maitale terminoa gaitzesten du, Europako emaztekiek baliatze utelaik salbu.",nav-lab
prem1457,"Greenlee konderriko libuutei publikoan (Aizona), landa-antolakundek sosaikilan ta teknoloiaikilan zan tuzten doluak erekusten dira.",nav-lab
prem1458,"Bon, enin izena maiteko gogoik.",nav-lab
prem1459,Baakizu nork konpreituko luken?,nav-lab
prem1460,Ezin tutzu dll fitxateiak ezaatu Windows exekutatzen deno (Microsoften oinarriain parte da hoi).,nav-lab
prem1461,L'academie Internationale des Arts et des Sciences Numeriques elgarteko kidek zimardika horren aldaera zalu at sortu ute.,nav-lab
prem1462,"Zoin kanpamentu den untsa, ondoio argiak tu osasun publikoan.",nav-lab
prem1463,"Xoroaldi hoik hiu hamarkada iaun zuten, ta rokoko bihurtu zien.",nav-lab
prem1464,"Finitzeko, posta elektronikoz inen dautaten galdiai ihardetsiko dakot; hots, eiazki ai zira?",nav-lab
prem1465,Do konduan hartu Kongresuai ekintza segretuen berri maitia.,nav-lab
prem1466,Nemeth-ek motel hoi ikertzeko hitza man zin.,nav-lab
prem1467,"Asteazkenian, Clintonek ertze industria ati buruz mintzatzia delieratu zin.",nav-lab
prem1468,"Gakoa da, ez hartzia ni hoinbertze hiriko sheriff berri gisan, bena, hein haundiauan, von Trapp haurrek Maria baino lehen hil zuten haurtzain gisan.",nav-lab
prem1469,Futitzen gira Dow Jones industria-batezbertzekoa neurri egokia ote den abeatsak nola moldatzen dien jakiteko.,nav-lab
prem1470,"CMPren teoriain inplikazio harriarriena da, nola desaertzen den posizio erlatioain kezka, gizartian abeastasuna ez beizik ta ertze mekanismo atzuk baliatzen dielaik kidiak banatzen dielaik.",nav-lab
prem1471,"Fede integrazionista libeal beltzek atxikitze ute; konpaazione, Henry Louis Gates ta Cornel West iakaslek. Glenn Loury ekonomialai beltza re heiekilan elgartu da: kontserbaoria da, markak hautsi zitin baiezko ekintza politika berrezkoa dela onartu zilaik.",nav-lab
prem1472,"Jaetza burbuila-seida ezin amaituzko at da espazioan, do ziberrespazioan, ta jende difeenta aitzen da intees difeenteen harira eskian.",nav-lab
prem1473,Nehork orroituko ote du Munduko Merkataitza Eakundia mende-erdi pasata?,nav-lab
prem1474,Hautak eztira hoin eakargarriak.,nav-lab
prem1475,Galdeinen dut sorta at enetzat?,nav-lab
prem1476,SATekilan prolemak sortuko diela aurreikusten da.,nav-lab
prem1477,"Ono biziik da 93 (latan hooita hamahiru) urteekilan, ta de Kooning deia ezta artista, ezta kamiamentu-zale re.",nav-lab
prem1478,"Hauetako bat e ezta biziki eakargarria uai, nahiz luxuzkoak zan.",nav-lab
prem1479,Etzin Naomi Wolf-ek makur ihardetsi.,nav-lab
prem1480,"Hiuarrenik, nahiz ondoioak onartu, eztaozkie liertimendu masiboko leku guzier.",nav-lab
prem1481,"Scholastic Inc. duu urteko iakasliain programain baesle. Eskola-haur sentikorren artian ertze zeitendako da famatua: aldizkai bikainak banatzen tu, ta, heietan, iagarle akarra AEB da.",nav-lab
prem1482,"Homosexualitatia bizio at denain irudia baztertzeko, Clintonek ta Birch-ek gizaleezko bertutiak hoendatzen dizkiete gayei.",nav-lab
prem1483,"Zue iadokitze ainitzek kartzen tuzten ekintzak jostaarriak ta krudelak dira, bena ez legez kanpokoak, beizik ez xinistekoak. Naski, gizon gehienak hua altxatzeko beldur zanen litaizke, ximinoa ganberan barnian deno.",nav-lab
prem1484,"Zomeit aldiz, heldutasun- do gainbera-prozesu pertsonal hoi (zuk hauta) indartzen da kultuan gertatzen ai denain erainez.",nav-lab
prem1485,"Han, zanpatu Emakumezko aktoria. Zue izena atxeman ver zinuke...",nav-lab
prem1486,"Newsweek aldizkaiko eztaaida luze atian, Hamptons arranditsu bihurtu dela deitoatzen da.",nav-lab
prem1487,"Ene heroia, halaaina, Richard Heseltine da, Overseas Investment Trust enpresako lehendakaia. Hilaete hunen hastapenian dimisioa man zin, harren nausiek bee gooz kontra zarria zuten neozio-planain aurka.",nav-lab
prem1488,Stevenson-en artikuluan kusten da eztuela nehola re konpreitu gue kanpainak ze rran nahi din.,nav-lab
prem1489,Hoi Apoloin zuhaitzain itzalian da.,nav-lab
prem1490,Munduain histoiain oinarrizko fluxua interdependentziauntz joaki da; eniz lehena rraiten.,nav-lab
prem1491,Egiazko arraotsak gaztiak eakarri ta zaharrak xangrinatzen tu.,nav-lab
prem1492,Zientzia-azterlanetan bazter uzten tuzte burmuinain kimikai buruzko egia xinpleak.,nav-lab
prem1493,"Hain usatuak dira AEBko konpainiak kexatzen entzutiaz atzerriko lehiai buruz, nun errexki iduitzen baitzauku Kodak-en aurpeiratziak mainak bertzeik eztela porrota ta geo.",nav-lab
prem1494,Sobea iten ai zira.,nav-lab
prem1495,"Dowd-ek zutabeile gisan in din lana goraldi hartako autozigorrain adiide bikainetako at da; beeziki, Pulitzer saria erdiesteko balio zan zakoten Flytrap lanak.",nav-lab
prem1496,Gustu afera da eitateen ta espekulazioain arteko konbinazio hura aski ote den kexatzeko.,nav-lab
prem1497,"Hedaideen metaketa zikloka martxan da; hala, posile da ez luzaz irautia uai hedaideetako erree-rreginen saelian zehar gorat joaki dien arrainek.",nav-lab
prem1498,Ados zanen ote da Etxe Xuria?,nav-lab
prem1499,Errusiak erronka haundiak tu Txetxeniako gerlan.,nav-lab
prem1500,FDAin legek eztute saihesten helduek ziarretak eostia.,nav-lab
prem1501,"Finitziai buruzko teorietan, adinak ientifikatzen dira finitu dien do finitzear dien ta sekulan itzuliko eztien ezauarri beexgarriekilan.",nav-lab
prem1502,"Dolua eremaiten din Deborah Eappen elgarrizketatu ute Time aldizkaian, au pair lanian ai zen Louise Woodward-en ama.",nav-lab
prem1503,"Azaleko istoioan, kartsuki konpreitzeat maiten da AEBko parke nazionalak hondatzen ai diela: sobea jende iilki da, finantzazioa ttipieia da, landare- ta animalia-espezie exotikoak inbaitzen ai dira ta merkataitza hedatzen ai dira.",nav-lab
prem1504,"Baseat tzultzian, otoa karaana atian aparkatu ber duzu: nun bertzenaz?",nav-lab
prem1505,"Hondeamaxina atian ai den langile at iduikatzen ahal duu errepide at mozten ai dela, eaikitzailiak lan berri at iteko. E, Loyd...",nav-lab
prem1506,"Horren berri man nakon meikuai gutun baten bidez. Irringarria atxeman zin, iduiz. Urte hortako Euberriz, fruituzko tarta ttipi at iorri zautan.",nav-lab
prem1507,"Leheno, Beaneaters izen gooangarriaz ezauna zen taldia; bitxia da, Indiako izengoiti at e zaiten ahal beita.",nav-lab
prem1508,Xinpleki konpreitzen da yiddisha...,nav-lab
prem1509,"Ta ados niz 19. (hemeetziarren) orrialdian in duzun oharraikilan: Brunner-en lehen lege eiletzai buruz. Eozoin testutan, iazliak hiu aldiz leitu din huts bat zaiten da, guttienez.",nav-lab
prem1510,Zin zan nin definizio hoi tesauroan atxeman.,nav-lab
prem1511,Nolaz jokatzen ahal du norbeitek manera hortan?,nav-lab
prem1512,"Gainez, XX. (hooigarren) mendian zehar sortu zien terminoak beizik eztira, aitzinsolasain araera. Alaaina, ezta aipatzen XX. (hooigarren) mendiain hastapeneko argot militarra.",nav-lab
prem1513,"Norbeitek 1984 (mila beatzi ehun ta latan hooita lau)ko edizioa bazin, posile da gaitzitua zaitia hau eosi zilakotz, gehiarri laburro (ta merkio) aten ordez.",nav-lab
prem1514,"Argudiatzen ahal da idazketak fonemikoa zan ber duela, ez fonetikoa, bena fonemak e kamiatzen dira, nahiz batxeo kamiatu.",nav-lab
prem1515,"Split Ends, a Cosmetology Shop. Dotoezia aposizionalain adiide ona da hua, eufemismoa konbinatzen da aposizioan ta hastapen xinple do ez usaizkoan.",nav-lab
prem1516,Bernstein-ek sartzian esplikatzen du.,nav-lab
prem1517,"Izen bitxiik (Peculiar, Missouri) atxemaiten bauzu, do ustekabian aertzen bazauzkitzu (Surprise, Nebraska), iskriitu (Jot 'Em Down, Texas), ez galtzeko (Safely, Tennessee), pettoak ezpadira guttienez (Errata, Mississippi).",nav-lab
prem1518,"Azken urte hauetan, alfaetatzia ta aritmetika garrantzitsu bihurtu dira, ez soilik (do ez hoinbertze) Hiuarren Mundian, baizik nazio industrializatuetan e ba.",nav-lab
prem1519,"Ezta iraokitzen gai hoik deekatu ber dienik, baizik zaila dela, xinpleki, atzerritar batek heiengan jostaarria dena hautemaitia, nahiz akultuazioa dila hooi bat urte abiatu.",nav-lab
prem1520,"Finitzeko, arretaz so in ber zaio luzatu arau, guziz bertzelako rranahi at sortzen ahal beita.",nav-lab
prem1521,"M. Tesniares-ek, haatik, eztu anglozaxoien ekarpena konduan hartu.",nav-lab
prem1522,"Beroa burian, geo ta tremputs hartuo zira.",nav-lab
prem1523,Bertze lanbidetan eztute zaiten nork bee buria guttiesteko halako traizio haundia.,nav-lab
prem1524,"Ta harrotasun-punttuekilan, herriko jakinduian izen peioratioak zarri zaizkie eunkari hoier, izengoitiak baliatzen beituzte gutun priatuetan, ostatuetako solasaldietan ta laurpen ez-ofizialetan.",nav-lab
prem1525,"Arina zaitiak bierain beexgarri at deskriatzen du, xinpleki; konpaazione...",nav-lab
prem1526,"Vanilla landare tropikal baten tegumentuetaik ateatzen da. Ele hua gaztelaniazko vainilla eletik heldu da; horrek lilia bera, leka do gustua adieazten du.",nav-lab
prem1527,"Sobea baliatzen zen izen hoi, hua do ertze at beharrezkua etzelaik e ba.",nav-lab
prem1528,"Guzi horrez gain, idazketa elokuentia zomeit alditan gooangarria e bada, maleuski, ta prolema larriagotzen da hala.",nav-lab
prem1529,"Arrantxo atian, posile da norbeiti hau entzutia: ""Gaur zarratuak dien beietako hoik pikatu ber tuu"". Mentuaz, iortzeko dienak beexiko tuztela rran nahi du.",nav-lab
prem1530,"Jarrera hua bisan bis zanik, ta harrituik, britainiarrek errespetua aitortu zuten elea haundiz iskriituz.",nav-lab
prem1531,"Jatorrizko animalien metaforak ezaatu dira, ta eletan ezta gehio animalien errefeentziaik.",nav-lab
prem1532,Zomeit aldiz zuhurrena e bada.,nav-lab
prem1533,Ouguiya (Mauritania) da sos-izenen ta ertze pisu atzuen arteko lotura. Ontza rran nahi du horrek.,nav-lab
prem1534,"Noizpeit autoiografia at iskriitzen baut, lekuen ta presunen izenekilan hiztei at zanen da, rranahi priatuer so inez.",nav-lab
prem1535,"Morfema berri atek iauten ahal du lehen berrikuntzatik haatao re (konpaazione, inglesez, telethon, -athon ta geo), baliaarri zaiten ahal delakotz. Zomeit aldiz, antsu ustekabian gertatzen da, ta zeit berria maiten dako rran-moldiai.",nav-lab
prem1536,"O, hor zu ta zue solasaldi zuhurrak ta beiramenezko eleak.",nav-lab
prem1537,"[Justuak zaiteko rran ber da Room jaunak seidan iskriitu zila, bee pettoez ohartu ezin fite, Bummel ibai at balitzan aipatu zila ohartu zelaik.",nav-lab
prem1538,"(Eskola-jostalekuetan, arraots hua (hubbub) finitzen ai da.",nav-lab
prem1539,"Gertatzen den gisan, Britainia Haundian Ipar Ameikan baino ingles dialekto beexgarriaoak badira, seur, ta heiek aitzen denboa at pasatu din eozoinek baaki batzuk elgarrendako zin konpreituzkoak diela.",nav-lab
prem1540,"Tennesseeko berriemaile atek egualdi zakurra baliatzen zin 'uriik gaeko egualdi beroa' adieazteko. Posile da eun zakurrak rran-moldetik sortua zaitia, aorrileko egualdi rran nahi du.",nav-lab
prem1541,"Maite ezten rran-molde aten ordez, hauta hoi baliatzen ahal da, norbee arreta ez galtzeko do, laidoengatik, kusleena do hiuarren batena e ez.",nav-lab
prem1542,"Gaizkilia nizala rraiteko manera at da, mendiko gizon bat!",nav-lab
prem1543,"Gauza hoik gizakitik at dira; estiloa, aldiz, gizakia bera da.",nav-lab
prem1544,"Break (hautsi) ta steak (xerra) rraiten da, bena bleak (ilun) ta streak (orbana) bertzelakoak dira.",nav-lab
prem1545,"Konpaazione, diagnostiko elea grezierako ele atetik maileguan hartu zen (bide atez, etzin gauza bera rran nahi); berrehun urte beanto, diagnostiatu aditza sortu zen gielat so inez.",nav-lab
prem1546,"2000ra artio bizitzia espeo ut, yiddishain gidaikilan launtzeko. Seur niz yiddishak biziik seituko dila, aurka dienak baino luzio e ba, mila urtez iaun din manera berian.",nav-lab
prem1547,"(Rran izan da, ez guziz kilimiskan, japoniarrer lizentzia-kuota at galdeinen balitzaie baliatze uten ingles ele akotx, heien sobeakin komertziala desaertuko litaikela).",nav-lab
prem1548,"Behazaliak hunkitu nahi tuzten hizlaiek baakite gai gakoak ta eitatiak telegrafatu ber tuztela, geo iraarri, errepikatu, dramatizatu, esplikatu ta apaintzeko.",nav-lab
prem1549,"Bitxia da, zenta termino atzuk etzien zerrendan aertzen: ezautzak motel barneatzen ditin ikaslia, ezgaitasun neuroloikoa, burmuikeko lesioa ta hezkuntza-ezgaitasuna.",nav-lab
prem1550,"Cambridge University Press argitaletxiak uste u egokia dela Boswell-en Life of Johnson lanain 200. (berrehungarren) urtemuga ospatzia, ta, hala, biografoai ta harren gaiai buruzko hamalau saiakera bildu dira bilduma atian.",nav-lab
prem1551,"Gehien baliatzen dien eleak hiuarren multxokoak dira; berez, sexu-ekintzak definitzen tuzte.",nav-lab
prem1552,"Izen batzu, nahiz eta adingabiak zan, eztira kamiatzen.",nav-lab
prem1553,"Eskoziarra zaitiaz harro nizan aldetik, posile da hizkuntza-anbizio eskasi horren arrazoina, ene ustez, eskualdeko dialektoak dira.",nav-lab
prem1554,"Eztut nehoiz zendako ezten Nazioarteko Alfaeto Fonetikoa baliatzen mota guzietako inglesezko hizteietan; halaik e, hoi berrikuspen huntako iruzkinen xedetik at da.",nav-lab
prem1555,"a) Xedian, kendu d do t bakotxa, ta zarri c.",nav-lab
prem1556,Bertze adiide at VIP da: Vasoactive Intestinal Poly-peptide (hesteetako polipeptido basoaktiboa).,nav-lab
prem1557,Gramatika ta glamour ele bera dira histoikoki.,nav-lab
prem1558,"Denboa guzian belauniko eotu nintzen, kopeta aitzinian nin zurian, ta otoitz iten ai nintzala uste nin. Hartan guzian zehar, zeit ahalketu re in nintzan.",nav-lab
prem1559,"Adjektiboek termino etnikoak eztitzen tuzte; izenek, aldiz, goortzen ahal tuzte.",nav-lab
prem1560,"Ezta hizkuntzain konplexutasun hautemangaitzak manera harriarriaoan azpimarratzen duenik, pilotuen, tripulazioko kiden ta aireko zirkulazioain kontrolatzailen arteko komunikazio-prolemek baino.",nav-lab
prem1561,Libruko sartze lexiko atzu eztaaidagarriak dira.,nav-lab
prem1562,"Espeientzia militarrei buruzko nobela frantses moernuetan, aldiz, soldadu at atxemaiten ahal da bee aixkide ati esposatzeko galdeinez. Allons, les gars.",nav-lab
prem1563,"Rreundantziain laurdura-zikloain lasterketan, Missouri zan da sartu dien azken eletako at. Show-Me rraiten dakoten estatu hua hala bihurtu zen 1821 (mila zortzi ehun ta hooita at)ian.",nav-lab
prem1564,"Kontinentzia, azken batian, bertute at da, do hoi rraite ute halakoik inposatua eztutenek.",nav-lab
prem1565,"Holako gai bati buruzko libru atian, kasu manez atxiki ber dira hitz gakoen (eufemismoa, disfemismoa, tabua, etab.) definizio zurrunak, ta heietaik ez urrundu.",nav-lab
prem1566,Ta baakigu Honey iakasliak arrazoina duela hartaz iskriitzen duelaik.,nav-lab
prem1567,"Lil Armstrong aitu zen piano-jotzaile saioan, ta arrapostua tanpez asmatu zin: Muskrat Ramble deitzen da; ezta hala, Red?",nav-lab
prem1568,"Hondoko astian, ene ilobak gitarra akustiko at galdein zin bee urteetetzeendakotz.",nav-lab
prem1569,Odola ta uholdiak eztira janaia ezalakuak.,nav-lab
prem1570,"Azken ehun urtetan, zomeit fenomeno linguistiko sortu dira; konpaazione hau: prolemak konpontzeko urrats garrantzitsu at prolemei izena zartzia da.",nav-lab
prem1571,"Nazionalitate ta talde etniko atzuk been buruaz hain seur dira, been buruaikilan hain ase, epiteto etnikoez futitzen beitira, elefante ati harri-koskorrek punpa iten dakotelaik bezala tuzte; bertzenaz, jostaarriak iduitzen zaizkie, do apaingarri gisan hartzen tuzte.",nav-lab
prem1572,"Horri buruz ezta deus e xekatu utan hizteietan, ta desegokia da hoi, ene ustez.",nav-lab
prem1573,Goistering termino bitxia baliatzen zen emaztekien irri goraindako; langile txar ati deitzia zaiten ahal zen estakurua: Laurence xaharrak atzaman nau!,nav-lab
prem1574,"Pandemoniumaikilan errimatu zin; kusiz zomat auzi sortzen dien etxeizitza-komunitatetan aparkatzeko lekuei, balkoinetan iten dien barbekiuei ta ataietan kaka ite uten maskotei buruz, posile da neologismoa baliatuz xuxen iiltzia.",nav-lab
prem1575,"Behin ta berritz rran zin hua etxeat tzultziak hau rran nahi zila, “Berak hua etxeat tzultzia nahi zila”. Tzuli zen do ez, hondoko kapitulu atian aertuko da.",nav-lab
prem1576,"Gieeleat ite uzu, ta esaldi hoi baliatzen, usaiaz kanpoko eleantzia uten lekuetan zirelaik; konpaazione, aperitio at hurrupatzen ai zielaik ostatu apain batian, zmokina uten xerbitxai saldo at inguruan dantzan tutzula.",nav-lab
prem1577,"1972 (mila beatzi ehun ta hiutan hooita hamabi)an, Phillip Morris, Inc. enpresain Miller Brewing Co. konpainiak biera arinain etiketa eosi zin Meister Brau Inc. enpresain eosketa atian.",nav-lab
prem1578,"[XVIII,4] Huevos dira argotian; hots, koskoilak, ez arroltziak.",nav-lab
prem1579,"Purtzileria: kalitate txarreko salgaiak, ekoizten merkiak.",nav-lab
prem1580,"Azalpen hoi entzun gabe, deus gutti inteesatzen zaut informazio hoi; hots, surname elea frantseseko surnom eletik heldu dela.",nav-lab
prem1581,"Halee, nahiz eta horrek westerna maite utenak izitu, aipu at beden bada, testuingurutik ateatua; horren araera AEB lurpeatuko zila mehatxatu zin.",nav-lab
prem1582,"Kaplan jaunain belaunaldia hil da neurri haundian, ta harren ondoengoak ameikartu dira.",nav-lab
prem1583,"Batzutan, sinetsi ber da ingles hiztun guziak psikiatriko atian sartu berko litaizkela.",nav-lab
prem1584,"Sail ookorretan (Arrapostu-ahalmenain testuinguruak, Entzuleen arrapostua ta komunikazioa ta Ihardeste uten iakurliak) bildu dien hamabi artikuluek bezenbateko arrakasta erdietsi ute gai hua taxutzen.",nav-lab
prem1585,"Gaztelaniazko laidoak iruimen haundikoak dira; konpaazione, ""echar sapos y culebras"", elez ele, apuak ta sugiak botatzia da.",nav-lab
prem1586,"196) Konpaazione, jatorrizko lingua frankoa (italiarra, frankoa) hizkuntza hibridoa zela kasi duu.",nav-lab
prem1587,"Hastapen hastapenetik, jendiak izenak ukan ber zitin, nork bee buria ientifikatzeko.",nav-lab
prem1588,"(Seitu aitzin, posile da iakurliak balentria hau re entseatu nahi zaitia).",nav-lab
prem1589,"Diulaguntzei proetxua ateatzeko artia eskian iiltzeko manera at da, bena hortan iilki dienak eerki janzten dira.",nav-lab
prem1590,"Hala, ele aten ortografia ta paadigma beeko ertze ele atzuena lotuak zaiten dira usu, do ele horren ortografia ta harren histoia.",nav-lab
prem1591,"Hunen bidez, arrapostua man nahi dakot Richard Lederer-en galdiai, hameka eleko esaldi bikainen konkurtso panpox ta koherentia dela ta [gramatikain xarma, XVI, 4).",nav-lab
prem1592,"Igaite matematikoko gida-argiide kodetuen masan, ordenaailuan, marratxo at ezta aeri, nahi gabe.",nav-lab
prem1593,"Xentxu atian, ilogikoa idui du Spenser-en lanetako ortografia histoikoa atxikitziak ta, aitzitik, harren garai beeko William Shakespearren artelanetako izenburuetan ortografia moernua baliatziak.",nav-lab
prem1594,"Errefeentziako bi libruzain galduak zien, etzakiten xerkatze at nola hasi.",nav-lab
prem1595,"Deus ezta heldu hutsetik, Lucretius-ek dila bi mila urte argudiatu zuenez, ta tautolooek xuxen zela frogatu ute.",nav-lab
prem1596,"Zaharkinen zaplaak dira, ez?",nav-lab
prem1597,"Neska-launaindako galtzerdiak eosi nahi nitin mementua heltzian, aspaldian enintzan izatua Europa kontinetalian.",nav-lab
prem1598,"Izen ofiziala Flaviar anfiteatroa zen, Vespasiano enpeadoriain leinuaingatik.",nav-lab
prem1599,"Alice aurka aertu zitzakon: Bena hoi ertze manera ateko sendotasun-mota at da. Ordian, beak ihardetsi zin: Enakin sendotasun-mota guziak bat heldu diela, hitz emaiten dautzut!",nav-lab
prem1600,"Hemen, Oil Creek-en zehar, indioek urain azaleko petrolioa ateatu zuten, etxian baliatzeko, ta kolono xuriek botoiletan sartu zuten meikuntzan baliatzeko, ta Seneca Oil deitu zuten.",nav-lab
prem1601,"Naski, tipografia-petto guziak eztira tipografoain (do tipistain) asmo segretu inkontziente aten bizkar man behar.",nav-lab
prem1602,"Libruak iskriitu tuzten hizkuntzalaiak, iduiz, been kusmoldiak hedatzen tuzten adituak dira.",nav-lab
prem1603,Pultsu-tonua ezta termino tekniko at.,nav-lab
prem1604,"Kusi uzue artzainik Broadwayn azkenaldian, do aipatu ute halakoik The New York Timesen?",nav-lab
prem1605,"Indar armatuen segmentu at eaikuntza-batailoina da (CB, Construction Batallion).",nav-lab
prem1606,"Skeatek, kasu hortan, eztu ohartaazpen hau konduan hartuko, ta etorkizunian delitua errepikatuko du.",nav-lab
prem1607,"Marka erreistratuen legia, AEBko Araudiain bi libru baino gehio betetze itina",nav-lab
prem1608,"Beaz, ados niz «negro» ele arrazista gaitzesteaikilan.",nav-lab
prem1609,"Nields jaunak hau ihardetsi zin: «Biziki uros baliatze ut ""adieazpen luziak"" rran-moldia».",nav-lab
prem1610,"Konpaazione, antolatzailiak laudoiozko ohar batzu prestatu zitin sartzeakotz, eskuz iskriituak.",nav-lab
prem1611,Deborah Cameonek ta Deborah Hillsek (telefona bidezko irratsaioei buruzko libru aten eiliak) Londresko LBC irratiain ekoizpena aztertu ute. Irrati hoi biziki inteesgarria iduitzen zaut.,nav-lab
prem1612,"Konposizio horren araera, ezta dudaik soken sailian sua piztu zela tanpez.",nav-lab
prem1613,"Bertze molde atez erranik, azti aten artxila-mortxilain antzeko zeit da.",nav-lab
prem1614,Biarren mailako zifiliak sortutako Venus mendiko legenain tatxak.,nav-lab
prem1615,"1774 (mila zazpi ehun ta hiutan hooita hamalau)ko urriain 6an, New Yorkeko Gazette eunkariko iraarki atian, Italiako metodoain bidez kontailitatia eremaiteko gazte at geldeiten zen; bertze atian, bertze atek lanpostua galdeiten zin.",nav-lab
prem1616,"Bena, eunkari, libru, aldizkai ta berrietako ingles ztandarrain gramatika, hizteia ta mintzatzeko manera baliatzen beitu, kusiko duu harren azentua aerian zartzen dela, ta, mentuaz, doinua re ba.",nav-lab
prem1617,"Ordenaailu-terminal baten aitzinian zarri, kode alfanumeiko gisako at iskriitu, ta izen ainitz aertu zien.",nav-lab
prem1618,"Andeatuer desmasia arin rraiten diete, ta andeatu haundier -hots, 500 (bortz ehun) dolar baino gehioko konponketa ber dutener-, aldiz, desmasia larri.",nav-lab
prem1619,Errepikatziain ondoioz iruimena galdu din adieazpen gisan definitzen ahal da klixea.,nav-lab
prem1620,"Lexikoaz gain, gramatika -sustut sintaxia- zeit kamiatu da, bena ez iakurle moerno ztandarraindako ezin konpreituzkoa zaiteko bezeinbat.",nav-lab
prem1621,"Kontu hoik etzauzkit batee inteesgarri, jostaarri do baliaarri iduitzen.",nav-lab
prem1622,Hola dira gauzak sosaikilan.,nav-lab
prem1623,BDa aipatzen din errefeentzia akarrak (The Penguin Book of Comics) eztu kartzen xehetasun haundiik.,nav-lab
prem1624,Sigmund Freud ezta makurrik gabia.,nav-lab
prem1625,"Gainez, editorek lehen baino lan gehio ukaite ute testuak biltzen tuzten diskoak ta zintak ikertzaileen esku uzten.",nav-lab
prem1626,Sosak e gauza- do animalia-izenak hartu tu.,nav-lab
prem1627,Hackerrek do «droupie» delakoek seurki aixe tzuliko ute mintzatzeko manera ta jargoi informatikoa ingles xinpleo ateat.,nav-lab
prem1628,"Bena, ttipitan Mekzikoko mugako arrantxo atian bizi zatu banintzan e, orroit tu gue iparraldetik heldu zien mendealdeko kantuetako arrantxo-eleek liluratzen nindutela; konpaazione, «cayuse».",nav-lab
prem1629,"Hain xuxen, badira ehun adjektibo silotetiko baino gehio.",nav-lab
prem1630,"«e»-k /e/ fonema iduikatzen du, ta, ele hortan, «ebb» eleko «e»-ain manera berian ahozkatzen da, yiddishain aldaera guzietan.",nav-lab
prem1631,Ezin xuxenduzko langile hoi 8. (zortziarren) atalain araera kanpoatzia manatzen da.,nav-lab
prem1632,"Egia rran, elgarrizketa guutzatuak hiu ironien antzekoak zaiten ahal dira batzutan, gogoain, behazalen ta efektuain araera.",nav-lab
prem1633,Baginakin zehazki ze rran nahi zin.,nav-lab
prem1634,"Halee, Levitt jaunain alaak esplikatu zuenez, normalki, soka elastiko at zaiten da gauzak estekatzeko, bela at ezpeletat nola, objektu arinak kofreat nola, ta abar.",nav-lab
prem1635,"Satisfakzio subjektiboa, ele arrunta bena leezkoa baino gehio, prolema-iturri dena, saihestu ber litaike.",nav-lab
prem1636,"Espeantoak eiazko hizkuntza bihurtu nahi bau, hizkuntza atek bezala jokatu berko du, ta, denboa guttian, hizkuntza natualek pairatzen tuzten ahulezia berak pairatuko tu, hots, polisemia ta pleurisemia.",nav-lab
prem1637,"Halee, Honeyren tratamentua biziki untsa esplikatua da, ta Estatu atuetako azentuei buruzko lanak leitzen tuen eozoinek untsa inen luke lan hortan zarri dien printzipioak seitzia.",nav-lab
prem1638,Jack Brooks eledunain eleen bitartez heldu zen behazaleenganat terminoen eskema.,nav-lab
prem1639,"Tximista ezein azkarra zan nintzan, baakizu.",nav-lab
prem1640,"Iduiz, politeismoain ta monoteismoain arteko zeit da, eboluzio-prozesuan galdu zen katebei at maiten duen kontzeptu baliaarri at.",nav-lab
prem1641,"Suitzan lehen aldikotz bulego atian lan in nuelaik, frantsesik ta inglesik etzakin idazkai at ukan nin, ta, beaz, nihaurrek iskriitu ber nitin gutunak hizkuntza hoitan, berak mekanografiatzeko.",nav-lab
prem1642,"Futitzen da frantses subjuntiboain konplexutasunez, ta ezta entseatzen e.",nav-lab
prem1643,Gizon hark aldarrikatu zin «gizon» ele geneikoan emaztekia e sartzen dela.,nav-lab
prem1644,"Libruak ahozkeren zerrenda at ekartzen zuenez, han so in nin, bena dealdetan.",nav-lab
prem1645,"Halaer, eskuzko iskriitzeko maxinetan, garrantzitsua da hatzekilan indarra itia eleak sortzeko, ta ez hoinbertze elektrikoak (do elektronikoak) zaitia.",nav-lab
prem1646,"Eztu xentxuik Gruyare gasna ta Suitzako Gruyare beextiak, zenta berez handik heldu da gasna, nahiz Gruyare ezten hizteien atal geografikoetan aipatzen.",nav-lab
prem1647,Ikuste uzue pizti ttipi hoi han?,nav-lab
prem1648,"Iziarri maite ut aerkarien ale zaharrak leitzia, zenta hola 400 (lauehun) orrialdeko bi libru leitzeko paada maiten dautzu urtero.",nav-lab
prem1649,Gorat ta beherat lasterka itia.,nav-lab
prem1650,Suediako Eliza ta Suediar Eliza eztira gauza bera.,nav-lab
prem1651,"Tren-geltokiai (do terminalai) «DEE-po» rraiten zitzakon leku atian hazi nintzan (Hegoaldian, han hazi beininduten burrasoek).",nav-lab
prem1652,"Idui du nehork eztakiela kirol hoik saredun pista atian, murru aten aurka ala bietan jokatzen dien.",nav-lab
prem1653,"Desberdintasun bat da ertze talde atzuek hoi ber dutela in, zenta, martxan zan ahal zaiteko, rranahi berriak gehitu ber dizkiete ele ta esaldiei, do ele ta propietate berriak asmatu ber tuzte.",nav-lab
prem1654,"Estatu atuetako zomeit leku-izenek aire bitxia ute: Maggie's Nipples, Wyoming, Greasy Creek, Arkansas, Lickskillet, Kentucky, do Scroungeout, Alaama.",nav-lab
prem1655,"Poliglota mesfiatien fama ute, bena ezta bate usaiakoa inglesak eleidunak zaitia.",nav-lab
prem1656,"Hala, gai goxo at atxeman ta geo, hondoko guttieneko urratsa hua kamiamentu ttipi atekilan erreprouzitzia da.",nav-lab
prem1657,"Auld Aliantza sortu zen, Frantziain ta Eskoziain arteko akordio-itun bat.",nav-lab
prem1658,Horrek eztu rran nahi Mendealdeko traizioak kortesiain gaineko monopolioa duenik.,nav-lab
prem1659,Otuuntza ezta parketa.,nav-lab
prem1660,"Erromako gidalibru nausiak seioski rraiten du bastimentu horri «Il Colosseo Quadrato» izengoitia zarri dakotela, hau da, «Koliseo Karratua».",nav-lab
prem1661,Deitzailiak rraiten du: «Milesker ene deia ihardetsiik»,nav-lab
prem1662,"Harren aurrekaria estranguria zan zen (1398) (mila hiu ehun ta latan hooita hemezortzi), gernu motel ta mingarria, eun aski bitxia.",nav-lab
prem1663,"Via di Ripetta ustekabian bihurtu da Via della Scrofa, hau da, «Xerramain karrika», karrika hortan berian den eskultura zahar atengaitik.",nav-lab
prem1664,"Ta zaude lasai, Dalrymple anderia, solasaldien gidoien argitalpenak berreitatzen ditualaik, inglesain usaiazko erailera akademikoat tzultzen niz beti.",nav-lab
prem1665,Gue lexikoain bilakaeran zan den hizkuntza-prozesuak eztu erainkortasun haundiik.,nav-lab
prem1666,"Posile da heietako atzu presoek asmatuak zaitia, heien lexikoa murritzeia beitzen kontzeptu, gertaera do egoera hoik izendatzeko.",nav-lab
prem1667,"Inglisak ta inglesak ele, rran-molde, gramatika, ahozkera ta erritmo difeentak tuzte.",nav-lab
prem1668,"Biziki zuhurrak zan ber duu elen jatorria luikotasunain bizkar zartze uten etimoloiak do usu herri-mailakoak dien etimoloia guziz hutsak proposatzen dituulaik, ez peitute deus ekartzen espekulazio hutsaz haatao.",nav-lab
prem1669,"Davidsonek eluke «scone» elea ahozkatu ber «bone» eleaikilan errimatuz, zenta Victoia, bera bizi den lekua, biziki-biziki inglesa beita.",nav-lab
prem1670,25 dolarreko batez bertzeko eleerri at (200.000 (berreun mila) ele) 8.000 ele/euroko ordaintzen da.,nav-lab
