prem_id	premise	hypothesis_id	hypothesis	label
prem1	Zozketa notario aten aitzinian iten da ta xifre ekiprobableak zartzeko programa informatiko atekilan iten da.	prem1_hyp0	Ordenagailu bat eta notario bat behar dira zozketa egiteko.	0
prem1	Zozketa notario aten aitzinian iten da ta xifre ekiprobableak zartzeko programa informatiko atekilan iten da.	prem1_hyp1	Zozketa guztietan notario bera izaten da normalean.	1
prem1	Zozketa notario aten aitzinian iten da ta xifre ekiprobableak zartzeko programa informatiko atekilan iten da.	prem1_hyp2	Zozketa zenbakidun papertxoak ontzi batean sartu eta ausaz bat hartuta egiten da.	2
prem2	Enrike Eizairre ta Ane Saasketa Arratiako dantza kilikaarria maiten.	prem2_hyp1	Anek eta Enrikek galtza urdinak dituzte.	1
prem2	Enrike Eizairre ta Ane Saasketa Arratiako dantza kilikaarria maiten.	prem2_hyp0	Enrike eta Ane dantza-pausuak egiten.	0
prem2	Enrike Eizairre ta Ane Saasketa Arratiako dantza kilikaarria maiten.	prem2_hyp2	Enrike Izagirre eta Ane Sarasketa izozkia jaten ari ziren.	2
prem3	Sorgintxulo gaztetxia 1998. (mila beatzieun ta lautan hooitamezortzi arren) urtian okupatia zan da Karmelo elizain ganbera hutsetan.	prem3_hyp2	Sorgintxulo gaztetxea udaletxeak eman zion gazte talde bati.	2
prem3	Sorgintxulo gaztetxia 1998. (mila beatzieun ta lautan hooitamezortzi arren) urtian okupatia zan da Karmelo elizain ganbera hutsetan.	prem3_hyp1	Hainbat kontzertu eskaintzen dira Sorgintxulo gaztetxean.	1
prem3	Sorgintxulo gaztetxia 1998. (mila beatzieun ta lautan hooitamezortzi arren) urtian okupatia zan da Karmelo elizain ganbera hutsetan.	prem3_hyp0	Sorgintxulo gaztetxearen jabea Karmelo eliza zen.	0
prem4	Beatzi kantuz osatu diskuan hardcora rock ta metalaikilan nahasia da.	prem4_hyp1	Abesti bakoitzaren iraupena hiru minutu ingurukoa da, baina sei minutuko bat ere badago.	1
prem4	Beatzi kantuz osatu diskuan hardcora rock ta metalaikilan nahasia da.	prem4_hyp2	Doinu lasaiak dira nagusi diskoan.	2
prem4	Beatzi kantuz osatu diskuan hardcora rock ta metalaikilan nahasia da.	prem4_hyp0	Diskoak hamar kantu baino gutxiago ditu guztira.	0
prem5	"Etzi arriatuko da ""Ballerina"" filma zinema saletaat, eskuaraz."	prem5_hyp0	Ballerina filma euskaraz ikusi ahal izango da.	0
prem5	"Etzi arriatuko da ""Ballerina"" filma zinema saletaat, eskuaraz."	prem5_hyp1	"Animaziozko filma da ""Ballerina"" eta Frantzian egina."	1
prem5	"Etzi arriatuko da ""Ballerina"" filma zinema saletaat, eskuaraz."	prem5_hyp2	"Hilabete barru arte ezingo da ""Ballerina"" zineman ikusi."	2
prem6	Gaur ateatu da Solte Santutxuko taldeain lan berria.	prem6_hyp1	Azken bost urteetan geldirik egon ondoren etorri da diskoa.	1
prem6	Gaur ateatu da Solte Santutxuko taldeain lan berria.	prem6_hyp2	Solte taldea duela hiru urte desagertu zen.	2
prem6	Gaur ateatu da Solte Santutxuko taldeain lan berria.	prem6_hyp0	Santutxuko Solte taldeak lan berria egin du.	0
prem7	Txirrita pertsulaia leitzen etzakien presuna zen, bena alimaleko intuizionea zin bildutako informazioneain gaineko iakurketak iteko.	prem7_hyp1	Basarri bertsolariari, berriz, asko gustatzen zitzaion eleberriak irakurtzea.	1
prem7	Txirrita pertsulaia leitzen etzakien presuna zen, bena alimaleko intuizionea zin bildutako informazioneain gaineko iakurketak iteko.	prem7_hyp0	Txirritak ez zuen bere bizitza osoan liburu bat bera ere irakurri.	0
prem7	Txirrita pertsulaia leitzen etzakien presuna zen, bena alimaleko intuizionea zin bildutako informazioneain gaineko iakurketak iteko.	prem7_hyp2	Kafea hartzen zuen bitartean, egunkaria irakurtzen zuen Txirritak goizero.	2
prem8	Lanek bi orrialde akarrik zanen tuzte, A4 formatian (bertikalian).	prem8_hyp1	Arial 12 tamaina erabili behar da derrigorrez idazteko.	1
prem8	Lanek bi orrialde akarrik zanen tuzte, A4 formatian (bertikalian).	prem8_hyp2	Lau orrialdeko lanak ere onartuko dira.	2
prem8	Lanek bi orrialde akarrik zanen tuzte, A4 formatian (bertikalian).	prem8_hyp0	Lanak egiteko A4 formatua erabili beharko da.	0
prem9	Eiazki bitxia zan zen delako ta Antton horren bizia ta bizilekia hoino harriarrio!	prem9_hyp2	Bizimodu lasaia izan zuen Anttonek, abentura handirik gabekoa.	2
prem9	Eiazki bitxia zan zen delako ta Antton horren bizia ta bizilekia hoino harriarrio!	prem9_hyp0	Antton bizi izan zen lekua bitxia zen.	0
prem9	Eiazki bitxia zan zen delako ta Antton horren bizia ta bizilekia hoino harriarrio!	prem9_hyp1	Anttonek bi alaba izan zituen oso gazterik.	1
prem10	Santurtzi Elkarteia Santurtziko El Árbol industrialdian kokatia da, A-8 autopistatik ez urrun.	prem10_hyp0	Santurtzi Elkartegia ez dago A-8 autobidetik urrun.	0
prem10	Santurtzi Elkarteia Santurtziko El Árbol industrialdian kokatia da, A-8 autopistatik ez urrun.	prem10_hyp1	El Árbol industrialdean 27 enpresa daude denera.	1
prem10	Santurtzi Elkarteia Santurtziko El Árbol industrialdian kokatia da, A-8 autopistatik ez urrun.	prem10_hyp2	Santurtzi Elkartegia Portugaleten dago, izenagatik ematen ez duen arren.	2
prem11	“Azken urte hoitan Europan ina zan den animaziozko koprodukzione haundienetaik da “Ballerina”.”	prem11_hyp2	"Ameriketako Estatu Batuetan egina izan arren, Europan kokatzen da ""Ballerina""-ko istorioa."	2
prem11	“Azken urte hoitan Europan ina zan den animaziozko koprodukzione haundienetaik da “Ballerina”.”	prem11_hyp1	Filmeko protagonista neska da.	1
prem11	“Azken urte hoitan Europan ina zan den animaziozko koprodukzione haundienetaik da “Ballerina”.”	prem11_hyp0	"Europan egina da ""Ballerina"" animaziozko filma."	0
prem12	Egiauzu, oroin buru, librua leitia ukanez hobeki konpreitzen diela pasarte atzu, seurraski.	prem12_hyp0	Pasarte batzuk zailagoak dira ulertzen liburua irakurri gabe.	0
prem12	Egiauzu, oroin buru, librua leitia ukanez hobeki konpreitzen diela pasarte atzu, seurraski.	prem12_hyp1	Liburuan beldurrezkoak diren pasarte batzuk aldatu egin dituzte.	1
prem12	Egiauzu, oroin buru, librua leitia ukanez hobeki konpreitzen diela pasarte atzu, seurraski.	prem12_hyp2	Liburua irakurri gabe izateak ez du batere eraginik.	2
prem13	Miren etxeko leiho onduan ziarreta at pipatzen ai zelaik, Lucia hurbildu zitzakon, ta, bee senarrain aitzinian, Miren unkitzen hasi zen.	prem13_hyp0	Miren etxeko leihoaren alboan zegoela, Lucia bera ukitzen hasi zen.	0
prem13	Miren etxeko leiho onduan ziarreta at pipatzen ai zelaik, Lucia hurbildu zitzakon, ta, bee senarrain aitzinian, Miren unkitzen hasi zen.	prem13_hyp1	Mirenen gizona telebista ikusten ari zen Lucia etorri zenean.	1
prem13	Miren etxeko leiho onduan ziarreta at pipatzen ai zelaik, Lucia hurbildu zitzakon, ta, bee senarrain aitzinian, Miren unkitzen hasi zen.	prem13_hyp2	Lucia iritsi zenean ez zen Mirenengana hurbiltzera ausartu, bere gizona aurrean baitzegoen.	2
prem14	“Eskuadi irratiko “Sukalde dema” irratsaioain hiuarren urtia hasikoute larrazken huntan.”	prem14_hyp0	Sukalde dema saioak urte bat baino gehiago darama euskadi irratian.	0
prem14	“Eskuadi irratiko “Sukalde dema” irratsaioain hiuarren urtia hasikoute larrazken huntan.”	prem14_hyp1	Sukalde dema saioan aurkezleak aldatu ziren lehenengo urtea eta gero.	1
prem14	“Eskuadi irratiko “Sukalde dema” irratsaioain hiuarren urtia hasikoute larrazken huntan.”	prem14_hyp2	"Urtebete bakarrik iraun zuen ""Sukalde dema"" saioak euskadi irratian."	2
prem15	Gainez ixtripuain paperra ztute ez eskuaraz ez eskuara-españolez.	prem15_hyp0	Euskarazko istripu-parterik ez daukate.	0
prem15	Gainez ixtripuain paperra ztute ez eskuaraz ez eskuara-españolez.	prem15_hyp1	Auto gorrian izan zuen istripua duela bi aste.	1
prem15	Gainez ixtripuain paperra ztute ez eskuaraz ez eskuara-españolez.	prem15_hyp2	Euskara hutsean dagoen istripu-parte bat dutela esan didate.	2
prem16	Españan, esposatien artian ehuneko hiutan hooi diortziatzen dira.	prem16_hyp0	Ezkonduen erdia baino gehiago banatu egiten da Espainian.	0
prem16	Españan, esposatien artian ehuneko hiutan hooi diortziatzen dira.	prem16_hyp1	Espainiar estatuan gero eta gutxiago dira elizatik ezkontzen direnak.	1
prem16	Españan, esposatien artian ehuneko hiutan hooi diortziatzen dira.	prem16_hyp2	Erdia baino gutxiago dira ezkondu eta gero banatzen direnak.	2
prem17	Iduikatzen ezten herri at ezta existitzen ahal.	prem17_hyp0	Existitzen diren herri guztiak irudikatu daitezke.	0
prem17	Iduikatzen ezten herri at ezta existitzen ahal.	prem17_hyp1	Badaude herri batzuk etxe guztiak zuriak dituztenak.	1
prem17	Iduikatzen ezten herri at ezta existitzen ahal.	prem17_hyp2	Irudikatzen ez den herri bat ikusi genuen atzo.	2
prem18	Eskual preso politikoen alorrian lan iteagatik berroita zortzi presunen aurka ina zan den galde fiskalen berri ukan duu azken eun hoitan, hoin artian zomeit hooi urte baino geiokuak.	prem18_hyp0	Fiskaltzak zenbait pertsonarentzat zigorrak eskatu ditu.	0
prem18	Eskual preso politikoen alorrian lan iteagatik berroita zortzi presunen aurka ina zan den galde fiskalen berri ukan duu azken eun hoitan, hoin artian zomeit hooi urte baino geiokuak.	prem18_hyp1	Preso politikoen gaian lan egiten duten gehienak Gipuzkoarrak dira.	1
prem18	Eskual preso politikoen alorrian lan iteagatik berroita zortzi presunen aurka ina zan den galde fiskalen berri ukan duu azken eun hoitan, hoin artian zomeit hooi urte baino geiokuak.	prem18_hyp2	Fiskaltzak ontzat eman du preso politikoen gaian ari direnek egiten duten lana.	2
prem19	Uai artio eskuara maila eskasa medio, selektiitatian nota orokorra ainitz jausten zitzakoten hemengo kasleer.	prem19_hyp0	Hizkuntza mailak eragina zuen selektibitateko nota orokorrean.	0
prem19	Uai artio eskuara maila eskasa medio, selektiitatian nota orokorra ainitz jausten zitzakoten hemengo kasleer.	prem19_hyp1	Iaz inoiz izan diren nota baxuenak izan ziren selektibitateko azterketetan.	1
prem19	Uai artio eskuara maila eskasa medio, selektiitatian nota orokorra ainitz jausten zitzakoten hemengo kasleer.	prem19_hyp2	Euskara mailak ez zuen garrantzirik selektibitateko notan.	2
prem20	Launak rraiten du, mundu guzian ibiliik e, eritzen den eunian berian itzuliko dela Eskual Herriat.	prem20_hyp0	Munduan zehar dabil laguna.	0
prem20	Launak rraiten du, mundu guzian ibiliik e, eritzen den eunian berian itzuliko dela Eskual Herriat.	prem20_hyp1	Laguna ez zen Euskal Herrian jaio.	1
prem20	Launak rraiten du, mundu guzian ibiliik e, eritzen den eunian berian itzuliko dela Eskual Herriat.	prem20_hyp2	Lagunak betiko munduan zehar ibiltzeko asmoa duela dio.	2
prem21	40 (berrooi) urte baino geio pastuik e 'Alien, zortziarren piaiaria' filma ezta xahartzen.	prem21_hyp0	Duela lau hamarkada baino gehiago egin zen 'Alien, zortzigarren bidaiaria' filma.	0
prem21	40 (berrooi) urte baino geio pastuik e 'Alien, zortziarren piaiaria' filma ezta xahartzen.	prem21_hyp1	Alien, zortzigarren bidaiaria' filmak ez zuen bereziki kritika onik jaso hasieran.	1
prem21	40 (berrooi) urte baino geio pastuik e 'Alien, zortziarren piaiaria' filma ezta xahartzen.	prem21_hyp2	Alien, zortzigarren bidaiaria' filma laster estreinatuko da.	2
prem22	Gue lana usu biziki zaila, biziki goorra ta biziki beltza zaiten ahal da, ta beharra baduu tartezka omoria iteko.	prem22_hyp0	Gogorra izaten da gure lana behin baino gehiagotan.	0
prem22	Gue lana usu biziki zaila, biziki goorra ta biziki beltza zaiten ahal da, ta beharra baduu tartezka omoria iteko.	prem22_hyp1	Lankideen artean harreman ona dugu, nahiz eta batzuetan desadostasun batzuk ere izaten ditugun.	1
prem22	Gue lana usu biziki zaila, biziki goorra ta biziki beltza zaiten ahal da, ta beharra baduu tartezka omoria iteko.	prem22_hyp2	Lanean oso serio egon behar izaten dugu beti.	2
prem23	Baakigu osaarri sistema publiko atetat hurbiltzen den edozoinek atxemanen dila pettoa ta errabiatzeko bidia zeitekilan.	prem23_hyp0	Osasun sistema publikoan akatsak egoten dira.	0
prem23	Baakigu osaarri sistema publiko atetat hurbiltzen den edozoinek atxemanen dila pettoa ta errabiatzeko bidia zeitekilan.	prem23_hyp1	Osasun sistema publikoko medikuak haserre daude hartu diren neurriekin.	1
prem23	Baakigu osaarri sistema publiko atetat hurbiltzen den edozoinek atxemanen dila pettoa ta errabiatzeko bidia zeitekilan.	prem23_hyp2	Hemengo osasun sistema publikoa perfektua dela esan daiteke.	2
prem24	Beaz, gazte jendeaindako auzo elkartia ezta eakargarri.	prem24_hyp0	Auzo elkartera hurbiltzen den jende gehiena heldua da.	0
prem24	Beaz, gazte jendeaindako auzo elkartia ezta eakargarri.	prem24_hyp1	Auzo elkarteak hogei urte bete zituen iaz.	1
prem24	Beaz, gazte jendeaindako auzo elkartia ezta eakargarri.	prem24_hyp2	Gazte asko dabil auzo elkartean azken aldian.	2
prem25	Foru Aldundiak sortu zin saria, Antoine Abbadie saria, gaitzezko meeximenduzko konplimendua zan da.	prem25_hyp0	Merezi zuen Antton Abbadie saria jasotzea.	0
prem25	Foru Aldundiak sortu zin saria, Antoine Abbadie saria, gaitzezko meeximenduzko konplimendua zan da.	prem25_hyp1	Antton Abbadie sariaz gain beste batzuk ere jaso ditu.	1
prem25	Foru Aldundiak sortu zin saria, Antoine Abbadie saria, gaitzezko meeximenduzko konplimendua zan da.	prem25_hyp2	Foru Aldundiari Antton Abbadie saria eman zioten.	2
prem26	Libru huntan, heien deklaazioneak ta mintzatzeko manerain xehetasunak bildu dira.	prem26_hyp0	Haiek adierazitakoak liburuan jasota geratu dira.	0
prem26	Libru huntan, heien deklaazioneak ta mintzatzeko manerain xehetasunak bildu dira.	prem26_hyp1	Liburua idatzi duena pertsona ezaguna da.	1
prem26	Libru huntan, heien deklaazioneak ta mintzatzeko manerain xehetasunak bildu dira.	prem26_hyp2	Liburuan ezer gutxi dago hizkerari buruz.	2
prem27	Hor berian ateatuak zan dien argazkiekilan torkizuneko bastimenduain konpaazionea itia inteesgarria zanen da.	prem27_hyp0	Argazkiak atera dira bertan.	0
prem27	Hor berian ateatuak zan dien argazkiekilan torkizuneko bastimenduain konpaazionea itia inteesgarria zanen da.	prem27_hyp1	Etorkizuneko eraikuntza hobea izango da.	1
prem27	Hor berian ateatuak zan dien argazkiekilan torkizuneko bastimenduain konpaazionea itia inteesgarria zanen da.	prem27_hyp2	Aspergarria da eraikuntzak konparatzen aritzea.	2
prem28	Frontoinak 65 (hiutan hooitaortz) jarleku batu muikortasun urriko presunendako, ta Trenketak 16 (hamasei).	prem28_hyp0	Pilotalekuak eserleku gehiago ditu mugikortasun urriko pertsonentzat Trinketak baino.	0
prem28	Frontoinak 65 (hiutan hooitaortz) jarleku batu muikortasun urriko presunendako, ta Trenketak 16 (hamasei).	prem28_hyp1	Jende gehiago joan ohi da Pilotalekura partiduak ikustera Trinketara baino.	1
prem28	Frontoinak 65 (hiutan hooitaortz) jarleku batu muikortasun urriko presunendako, ta Trenketak 16 (hamasei).	prem28_hyp2	Trinketak Pilotalekuak adina eserleku baditu gutxienez mugikortasun urriko pertsonentzat.	2
prem29	Donostiko Akuarriomian bixita gidatua in dut berriki, urrian.	prem29_hyp0	Urrian Donostian egon nintzen.	0
prem29	Donostiko Akuarriomian bixita gidatua in dut berriki, urrian.	prem29_hyp1	Akuariumean hiru aldiz egon naiz guztira.	1
prem29	Donostiko Akuarriomian bixita gidatua in dut berriki, urrian.	prem29_hyp2	Udazken osoan Akuariumera joan gabe egon naiz.	2
prem30	Bena aldaketa betian murgilduak gira ta bertziak bertze hizkuntza iizpidiak berrikusten e ai gira.	prem30_hyp0	Besteak beste, hizkuntza irizpideak berrikusten ari gara.	0
prem30	Bena aldaketa betian murgilduak gira ta bertziak bertze hizkuntza iizpidiak berrikusten e ai gira.	prem30_hyp1	Aldaketaren helburu nagusia hizkuntza gehiago ikasteko aukera erraztea da.	1
prem30	Bena aldaketa betian murgilduak gira ta bertziak bertze hizkuntza iizpidiak berrikusten e ai gira.	prem30_hyp2	Aldaketa batzuk egiteko asmoa genuela zirudien, baina azkenean berdin jarraitzea erabaki dugu.	2
prem31	Iluntasunian sortu dira gue burmuinak goernatzen tuzten kondaira inteesgarrienak.	prem31_hyp0	Gure burmuineko kondaira interesgarrienak iluntasunean sortuak dira.	0
prem31	Iluntasunian sortu dira gue burmuinak goernatzen tuzten kondaira inteesgarrienak.	prem31_hyp1	Ezin dugu jakin nondik datozen kondaira interesgarri guztiak.	1
prem31	Iluntasunian sortu dira gue burmuinak goernatzen tuzten kondaira inteesgarrienak.	prem31_hyp2	Gure burmuineko kondaira interesgarri guztiak argitan sortzen dira.	2
prem32	Lehen eunian hiu talde topatu ginituen; bat baizik etzen eskuaraz.	prem32_hyp0	Lehen egunean topo egindako taldeen herena euskaraz zen.	0
prem32	Lehen eunian hiu talde topatu ginituen; bat baizik etzen eskuaraz.	prem32_hyp1	Lehen eguneko taldeak oso heterogeneoak ziren, adin eta kultura ezberdinetako jendea zegoen.	1
prem32	Lehen eunian hiu talde topatu ginituen; bat baizik etzen eskuaraz.	prem32_hyp2	Lehen egunean topatutako talde gehienak euskaraz ziren.	2
prem33	Donostin españolezko kurtsoetan haur ainitz iilki da.	prem33_hyp0	Donostian gurasoek ume asko gaztelaniazko ikastaroetara eramaten dituzte.	0
prem33	Donostin españolezko kurtsoetan haur ainitz iilki da.	prem33_hyp1	Donostian haur ikastaroak arratsaldeetan dira.	1
prem33	Donostin españolezko kurtsoetan haur ainitz iilki da.	prem33_hyp2	Donostian gaztelaniazko ikastaroak hutsik daude.	2
prem34	Piaia-txartela arra ukaiteko, egoitza elektronikoko zue dozierreat sartu beauzu.	prem34_hyp0	Egoitza elektronikoan zure espedientera sartuz berreskuratu dezakezu bidaia-txartela.	0
prem34	Piaia-txartela arra ukaiteko, egoitza elektronikoko zue dozierreat sartu beauzu.	prem34_hyp1	Egoitza elektronikoko zure espedientera sartu eta astebeteko tartean berreskuratuko duzu bidaia-txartela.	1
prem34	Piaia-txartela arra ukaiteko, egoitza elektronikoko zue dozierreat sartu beauzu.	prem34_hyp2	Bidaia-txartela berreskuratzeko telefonoz deitzearekin nahikoa da.	2
prem35	Oreka ta punpekilan treezia iraazteko untsa heldu zaio kurtsuain itia.	prem35_hyp0	Ikastaroari esker oreka hobetu eta botekin trebezia irabazi du.	0
prem35	Oreka ta punpekilan treezia iraazteko untsa heldu zaio kurtsuain itia.	prem35_hyp1	Ikastaroari esker elastikotasuna asko hobetu du.	1
prem35	Oreka ta punpekilan treezia iraazteko untsa heldu zaio kurtsuain itia.	prem35_hyp2	Ikastaroa egiteak ez dio ezertarako balio izan.	2
prem36	60 (hiutan hooi) urteen ateetan biok, hasiak gira uai artio ikusezinak zitzauzkigun gauzer kasu maiten, osaarriai, geo ta ardurao hiltzen dien launer.	prem36_hyp0	61 urte baino gutxiago dauzkagu biok.	0
prem36	60 (hiutan hooi) urteen ateetan biok, hasiak gira uai artio ikusezinak zitzauzkigun gauzer kasu maiten, osaarriai, geo ta ardurao hiltzen dien launer.	prem36_hyp1	60 urteren atarian hobe da iraganari ez erreparatzea.	1
prem36	60 (hiutan hooi) urteen ateetan biok, hasiak gira uai artio ikusezinak zitzauzkigun gauzer kasu maiten, osaarriai, geo ta ardurao hiltzen dien launer.	prem36_hyp2	Adinean gora egiteak ez du osasunaren eta heriotzaren inguruko gure ikuspegia aldatu.	2
prem37	Zozketa in ta bealakuan, eskeiniak zan dien plazak adjudikatzen dira.	prem37_hyp0	Plazak zozketa bidez esleitzen dira.	0
prem37	Zozketa in ta bealakuan, eskeiniak zan dien plazak adjudikatzen dira.	prem37_hyp1	Plazak adjudikatzeko zozketa informatikoki egiten da.	1
prem37	Zozketa in ta bealakuan, eskeiniak zan dien plazak adjudikatzen dira.	prem37_hyp2	Plazak zozketa egin eta bi astetara adjudikatzen dira.	2
prem38	Ibiakoitzeko ekitaldia leuna ta pullita zan zen.	prem38_hyp0	Larunbatekoa ekitaldi atsegina izan zen.	0
prem38	Ibiakoitzeko ekitaldia leuna ta pullita zan zen.	prem38_hyp1	Larunbateko ekitaldia etxetik ikusi nuen.	1
prem38	Ibiakoitzeko ekitaldia leuna ta pullita zan zen.	prem38_hyp2	Larunbateko ekitaldia ez zen nire gustukoa izan, gogortasuna falta zitzaion.	2
prem39	Amodio erromantikua sistema patriarkalain biziaupena bermatzeko dispositibua da.	prem39_hyp0	Sistema patriarkalak bizirik iraun dezan erabiltzen da maitasun erromantikoa.	0
prem39	Amodio erromantikua sistema patriarkalain biziaupena bermatzeko dispositibua da.	prem39_hyp1	Sistema patriarkalak biziraun dezan hainbat dispositibo daude.	1
prem39	Amodio erromantikua sistema patriarkalain biziaupena bermatzeko dispositibua da.	prem39_hyp2	Sistema patriarkala maitasun erromantikoaren biziraupena bermatzeko dispositiboa da.	2
prem40	46 (berrooita sei) urte zitin ta tanpezko heriotzak ereman zin gue ondotik.	prem40_hyp0	46 urterekin hil zen bat-batean.	0
prem40	46 (berrooita sei) urte zitin ta tanpezko heriotzak ereman zin gue ondotik.	prem40_hyp1	Bizitza zoriontsua izan zuen.	1
prem40	46 (berrooita sei) urte zitin ta tanpezko heriotzak ereman zin gue ondotik.	prem40_hyp2	Gaixotasun luze batek hil zuen.	2
prem41	Iaz 15 (hamaortz) film bikoiztu zitin eskuaraat Zinema Eskuaraz programak, ta 2017a (bi mila ta hamezazpia) re bide onian hasi du.	prem41_hyp0	Zinema Euskaraz programak filmak euskarara bikoizten ditu.	0
prem41	Iaz 15 (hamaortz) film bikoiztu zitin eskuaraat Zinema Eskuaraz programak, ta 2017a (bi mila ta hamezazpia) re bide onian hasi du.	prem41_hyp1	Zinema Euskaraz programak eginiko bikoizketa guztiak gaztelaniatik euskarara izan dira.	1
prem41	Iaz 15 (hamaortz) film bikoiztu zitin eskuaraat Zinema Eskuaraz programak, ta 2017a (bi mila ta hamezazpia) re bide onian hasi du.	prem41_hyp2	Badirudi Zinema Euskaraz programak oso film gutxi bikoiztuko dituela 2017an ere.	2
prem42	Joan den astian Bilboko Okupazione Buleguak lau urte in zitin.	prem42_hyp0	Bilboko Okupazio Bulegoak laugarren urteurrena ospatu zuen.	0
prem42	Joan den astian Bilboko Okupazione Buleguak lau urte in zitin.	prem42_hyp1	Bilboko Okupazio Bulegoak langile berriak kontratatuko ditu datorren hilabetean.	1
prem42	Joan den astian Bilboko Okupazione Buleguak lau urte in zitin.	prem42_hyp2	Bi urte igaro dira Bilboko Okupazio Bulegoak itxi zuenetik.	2
prem43	Getarian kultur eskeintza lau aldiz biderkatu da ni hor bizi nizanetik.	prem43_hyp0	Getarian gero eta kultur eskaintza gehiago dago.	0
prem43	Getarian kultur eskeintza lau aldiz biderkatu da ni hor bizi nizanetik.	prem43_hyp1	Getariako kultur eskaintzaren laurdena antzerkia da.	1
prem43	Getarian kultur eskeintza lau aldiz biderkatu da ni hor bizi nizanetik.	prem43_hyp2	Lehen Getarian, bertan bizi ez nintzenean, kultur eskaintza handiagoa zegoen.	2
prem44	Paperrian aurkeztiaz gain, formatu digitalian e aurkeztuko dira, posile bada.	prem44_hyp2	Formatu digitalean bakarrik aurkeztuko dira.	2
prem44	Paperrian aurkeztiaz gain, formatu digitalian e aurkeztuko dira, posile bada.	prem44_hyp0	Paperean eta formatu digitalean aurkeztuko dira.	0
prem44	Paperrian aurkeztiaz gain, formatu digitalian e aurkeztuko dira, posile bada.	prem44_hyp1	Paperean hurrengo astean aurkeztuko dira.	1
prem45	Diseinatzaile ta libru ilustratzaile mankorra ta punttakua izaki re, BD mundiai in dakon ekarpena ezta ttipio zan.	prem45_hyp1	Argitaratu berri duen komiki bildumak arrakasta handia izan du adin txikikoen artean.	1
prem45	Diseinatzaile ta libru ilustratzaile mankorra ta punttakua izaki re, BD mundiai in dakon ekarpena ezta ttipio zan.	prem45_hyp2	Komikilaria da eta batzuetan ilustrazioak egiten ditu.	2
prem45	Diseinatzaile ta libru ilustratzaile mankorra ta punttakua izaki re, BD mundiai in dakon ekarpena ezta ttipio zan.	prem45_hyp0	Komikigintzari ere ekarpen handia egin dio.	0
prem46	Artxandako Funikularra, S.A. guziz Bilboko Herriko Etxiaina den komertzio-sozietatia da.	prem46_hyp0	Bilboko Udala Artxandako Funikularraren jabea da.	0
prem46	Artxandako Funikularra, S.A. guziz Bilboko Herriko Etxiaina den komertzio-sozietatia da.	prem46_hyp2	Bilboko Udalak parte hartzeren bat du Artxandako Funikularrean.	2
prem46	Artxandako Funikularra, S.A. guziz Bilboko Herriko Etxiaina den komertzio-sozietatia da.	prem46_hyp1	Bilboko Udalaren ustiakuntzako aurrekontuak merkataritza-sozietateak egiten dituen jarduera guztietatik eratorritakoak biltzen ditu.	1
prem47	Gipuzkoako kostan bale ainitz ibilki zen sasoin batez, bena 4 bale ezaun aipatzen tu Xabier Alberdi histoialaiak Eskuadi Irratian in elgarrizketan.	prem47_hyp1	Gipuzkoako kostaldean bizi ziren gainerako baleak beste kostalde batzuetan ere bizi zirela aipatu du Xabier Alberdik.	1
prem47	Gipuzkoako kostan bale ainitz ibilki zen sasoin batez, bena 4 bale ezaun aipatzen tu Xabier Alberdi histoialaiak Eskuadi Irratian in elgarrizketan.	prem47_hyp0	Xabier Alberdi historialaria da eta ondo ezagutzen ditu inguruko itsasoetako baleak.	0
prem47	Gipuzkoako kostan bale ainitz ibilki zen sasoin batez, bena 4 bale ezaun aipatzen tu Xabier Alberdi histoialaiak Eskuadi Irratian in elgarrizketan.	prem47_hyp2	Xabier Alberdik, Euskadi Irratiko elkarrizketan, Gipuzkoako kostaldean sekula ez dela balearik ibili aipatzen du.	2
prem48	Ulia mendian zan gira aspaldiko partez.	prem48_hyp2	Urteak dira ez garela mendian egon.	2
prem48	Ulia mendian zan gira aspaldiko partez.	prem48_hyp0	Orain dela asko ez ginela Ulia mendira joaten.	0
prem48	Ulia mendian zan gira aspaldiko partez.	prem48_hyp1	Ulia mendia oso polita iruditu zaigu.	1
prem49	Xerbitxu-enpresendako bastimentu nausiak 19 (hemeetzi) modulu batu.	prem49_hyp1	Zerbitzu-enpresentzako eraikin nagusiak 19 modulu eta hiru pisu ditu.	1
prem49	Xerbitxu-enpresendako bastimentu nausiak 19 (hemeetzi) modulu batu.	prem49_hyp2	Zerbitzu-enpresentzako eraikin nagusiak moduluak izan ditzake, baina ez da nahitaezkoa.	2
prem49	Xerbitxu-enpresendako bastimentu nausiak 19 (hemeetzi) modulu batu.	prem49_hyp0	Zerbitzu-enpresentzako eraikin nagusia 19 moduluk osatzen dute.	0
prem50	Europar Batasuna Uspace deitua den ordenantza at ai da martxan zartzen, otomatizatuak dien dronendako haizu dien aire espaziuak sortzeko.	prem50_hyp0	Uspace ordenantzak automatizatutako dronentzat aire eremu baimenduak sortuko ditu.	0
prem50	Europar Batasuna Uspace deitua den ordenantza at ai da martxan zartzen, otomatizatuak dien dronendako haizu dien aire espaziuak sortzeko.	prem50_hyp2	Europar Batasunean aireko dron automatizatuak debekatuko dituen ordenantza bat sartuko da indarrean laster.	2
prem50	Europar Batasuna Uspace deitua den ordenantza at ai da martxan zartzen, otomatizatuak dien dronendako haizu dien aire espaziuak sortzeko.	prem50_hyp1	Uspace ordenantza 2030ean jarriko da martxan.	1
prem51	Dublingo lur-hartzia biziki-biziki deskonfortablia zan da, ainitz muitu da hegazkina, alde bateik bertzeat.	prem51_hyp1	Dublingo luhartzean bidaiariak beldurrez garrasika hasi dira.	1
prem51	Dublingo lur-hartzia biziki-biziki deskonfortablia zan da, ainitz muitu da hegazkina, alde bateik bertzeat.	prem51_hyp0	Dublingo lur-hartzea oso-oso deserosoa izan da, asko mugitu da hegazkina, alde batetik bestera.	0
prem51	Dublingo lur-hartzia biziki-biziki deskonfortablia zan da, ainitz muitu da hegazkina, alde bateik bertzeat.	prem51_hyp2	Dublingo lur-hartzeak beti izaten dira oso lasaiak, turbulentziarik gabeak.	2
prem52	Baakigu Joxan Goikoetxeak harreman hertsia zan zila Xabier Leteekilan, sustut bee biziko hondar urtetan.	prem52_hyp2	Xabier Letek eta Joxan Goikoetxeak gaztetan izan zuten harreman handiena.	2
prem52	Baakigu Joxan Goikoetxeak harreman hertsia zan zila Xabier Leteekilan, sustut bee biziko hondar urtetan.	prem52_hyp0	Xabier Letek eta Joxan Goikoetxeak harreman handia izan zuten.	0
prem52	Baakigu Joxan Goikoetxeak harreman hertsia zan zila Xabier Leteekilan, sustut bee biziko hondar urtetan.	prem52_hyp1	Xabier Lete eta Joxan Goikoetxea adinkideak dira.	1
prem53	Garai Zekenak antzerkia aurkeztu du Arriaga Bilboko antzokiak, Henrik Ibsen norvegiar dramaturgoain klasiko haundienetaik atian oinarrituz.	prem53_hyp1	Arriaga Bilboko antzokiak aurkeztutako Garai Zekenak antzezlana ikusgarria da.	1
prem53	Garai Zekenak antzerkia aurkeztu du Arriaga Bilboko antzokiak, Henrik Ibsen norvegiar dramaturgoain klasiko haundienetaik atian oinarrituz.	prem53_hyp2	Arriaga Bilboko antzokiak aurkeztuko duen Garai Zekenak antzezlana Henrik Ibsen norvegiar dramaturgoaren klasiko handietako batean oinarritzen da.	2
prem53	Garai Zekenak antzerkia aurkeztu du Arriaga Bilboko antzokiak, Henrik Ibsen norvegiar dramaturgoain klasiko haundienetaik atian oinarrituz.	prem53_hyp0	Garai Zekenak antzezlana Henrik Ibsen norvegiar dramaturgoaren klasiko handietako batean oinarritzen da.	0
prem54	Ibiakoitzian, urriain 31n (hooitamekan), Beldurrezko Zinemaldiko filme at so iteat joaiteko gomita erreziitu ginin.	prem54_hyp0	Beldurrezko Zinemaldiko pelikula bat ikustera gonbidatu gintuzten.	0
prem54	Ibiakoitzian, urriain 31n (hooitamekan), Beldurrezko Zinemaldiko filme at so iteat joaiteko gomita erreziitu ginin.	prem54_hyp1	Larunbatean Beldurrezko Zinemaldiko bi pelikula ikusi genituen.	1
prem54	Ibiakoitzian, urriain 31n (hooitamekan), Beldurrezko Zinemaldiko filme at so iteat joaiteko gomita erreziitu ginin.	prem54_hyp2	Beldurrezko Zinemaldiko pelikula bat ikustera gonbidatu genuen.	2
prem55	"Zarautzen berriki sortu den festiala da Adarretaik"", udako musika festialetan lekuño aten nahikundian heldu dena, ta """"bazterreko musikak erdiguneat"""" kartzeko xedia dina."""	prem55_hyp0	Bazterreko musika ikustarazten duen udako musika jaialdi berria sortu dute Zarautzen: Adarretatik. 	0
prem55	"Zarautzen berriki sortu den festiala da Adarretaik"", udako musika festialetan lekuño aten nahikundian heldu dena, ta """"bazterreko musikak erdiguneat"""" kartzeko xedia dina."""	prem55_hyp1	Adarretatik jaialdiak jendetza bildu zuen Zarauzko kaleetan.	1
prem55	"Zarautzen berriki sortu den festiala da Adarretaik"", udako musika festialetan lekuño aten nahikundian heldu dena, ta """"bazterreko musikak erdiguneat"""" kartzeko xedia dina."""	prem55_hyp2	"Zarauzko Adarretatik udako musika jaialdiak urteak daramatza ""bazterreko musikak erdigunera"" ekartzeko lana egiten."	2
prem56	 Europako elkarteek goorki salatu ute Goioagain kontrako auzia.	prem56_hyp0	Europako elkarteak ez daude ados Goioagaren aurkako auziarekin.	0
prem56	 Europako elkarteek goorki salatu ute Goioagain kontrako auzia.	prem56_hyp1	Goioagaren aurkako auziak salaketa ugari izan ditu.	1
prem56	 Europako elkarteek goorki salatu ute Goioagain kontrako auzia.	prem56_hyp2	Goioagaren aurkako auziak gogor salatu ditu Europako elkarteak.	2
prem57	"Solte taldiak 'IXA' azken diskuain (Taupaka elkartea, 2016 (bi mila ta hamasei)) ""Eraldatutako mundia"" kantuaikilan videoklip berritzailia prestatu du."	prem57_hyp0	Solte taldearen azken diskoa 'IXA' da.	0
prem57	"Solte taldiak 'IXA' azken diskuain (Taupaka elkartea, 2016 (bi mila ta hamasei)) ""Eraldatutako mundia"" kantuaikilan videoklip berritzailia prestatu du."	prem57_hyp1	Solte musika taldeak erritmo biziak erabiltzen ditu, horren adierazle da 'Eraldatutako mundua' kanta.	1
prem57	"Solte taldiak 'IXA' azken diskuain (Taupaka elkartea, 2016 (bi mila ta hamasei)) ""Eraldatutako mundia"" kantuaikilan videoklip berritzailia prestatu du."	prem57_hyp2	Solte muska taldearen lehen diskoa da 'IXA'.	2
prem58	Langile ainitzek eztakite zer den ongi ta zer gaizki, eztakite nola ai zan.	prem58_hyp0	Ongia eta gaizkiaren artean bereiztea ez da erraza langile askorentzat.	0
prem58	Langile ainitzek eztakite zer den ongi ta zer gaizki, eztakite nola ai zan.	prem58_hyp1	Langileei asko eragiten die nola jokatu ez jakiteak.	1
prem58	Langile ainitzek eztakite zer den ongi ta zer gaizki, eztakite nola ai zan.	prem58_hyp2	Langileek ez daukate zalantzarik, beti dakite nola jokatu behar duten.	2
prem59	Toki gomendaarri at ezagutu ginin iraan aste hondarrian. Famili giruan sortua zan den ta aire hego-ameikarra din etxe multxo ttipi at da.	prem59_hyp0	Aurreko asteburuan ukitu hego-amerikarra duen etxe multzo txiki batean egon ginen.	0
prem59	Toki gomendaarri at ezagutu ginin iraan aste hondarrian. Famili giruan sortua zan den ta aire hego-ameikarra din etxe multxo ttipi at da.	prem59_hyp1	Aurreko asteburuan ezagututako etxe multzo txikia izekok gomendatu zidan, familia giroan sortutakoa da eta ukitu hego-amerikarra dauka. 	1
prem59	Toki gomendaarri at ezagutu ginin iraan aste hondarrian. Famili giruan sortua zan den ta aire hego-ameikarra din etxe multxo ttipi at da.	prem59_hyp2	Aurreko asteburuan ezagututako etxe multzo txikia ez da gomendatzeko modukoa.	2
prem60	Sarituek informatika ta marrazketa mateial zomeit erreziituko ute, ta BD iraazlia Mahatserriko BERTON magaxinian argitaatuko da.	prem60_hyp0	Sarituek informatika eta marrazketa materiala irabaziko dute.	0
prem60	Sarituek informatika ta marrazketa mateial zomeit erreziituko ute, ta BD iraazlia Mahatserriko BERTON magaxinian argitaatuko da.	prem60_hyp1	Parte-hartzaile bakoitzak komiki bakarra aurkeztu ahal izango du.	1
prem60	Sarituek informatika ta marrazketa mateial zomeit erreziituko ute, ta BD iraazlia Mahatserriko BERTON magaxinian argitaatuko da.	prem60_hyp2	Komiki sarituak Mahatserriko BERTON aldizkarian argitaratuko dira. 	2
prem61	Azaroain 3an (hiuan) argitaatuko du Zea Mays taldiak bee zortziarren lana, 'Harro' deitua.	prem61_hyp0	Zea Mays taldeak disko berri bat argitaratuko du.	0
prem61	Azaroain 3an (hiuan) argitaatuko du Zea Mays taldiak bee zortziarren lana, 'Harro' deitua.	prem61_hyp1	Bost kidek osatzen dute Zea Mays taldea.	1
prem61	Azaroain 3an (hiuan) argitaatuko du Zea Mays taldiak bee zortziarren lana, 'Harro' deitua.	prem61_hyp2	Zea Mays taldeak ez du disko bat bera ere argitaratu.	2
prem62	Arrantzale tripulazione berdinak iraazi zin kontxako lehen bandera Orioakotz.	prem62_hyp0	Oriok eskuratu zuen kontxako lehen bandera.	0
prem62	Arrantzale tripulazione berdinak iraazi zin kontxako lehen bandera Orioakotz.	prem62_hyp1	Orioko tripulazioak horiz jantzi ohi da.	1
prem62	Arrantzale tripulazione berdinak iraazi zin kontxako lehen bandera Orioakotz.	prem62_hyp2	Hondarribiak irabazi zuen kontxako lehen bandera.	2
prem63	Berrikitan seme-alaekin zatu niz Erroman.	prem63_hyp0	Duela gutxi Italian egon naiz.	0
prem63	Berrikitan seme-alaekin zatu niz Erroman.	prem63_hyp1	Nere seme-alabek asko maite naute.	1
prem63	Berrikitan seme-alaekin zatu niz Erroman.	prem63_hyp2	Ez naiz inoiz Italian izan.	2
prem64	"Xabier Letek eskriitu ta zuzendu zin ""Gauon, Txirrita"" antzerki obra 1982an (mila beatzi ehun ta lautan hooita bian) taulaatu zen."	prem64_hyp0	Gabon Txirrita antzerki obra baten izena da.	0
prem64	"Xabier Letek eskriitu ta zuzendu zin ""Gauon, Txirrita"" antzerki obra 1982an (mila beatzi ehun ta lautan hooita bian) taulaatu zen."	prem64_hyp1	Xabier Lete abeslari bikaina zen.	1
prem64	"Xabier Letek eskriitu ta zuzendu zin ""Gauon, Txirrita"" antzerki obra 1982an (mila beatzi ehun ta lautan hooita bian) taulaatu zen."	prem64_hyp2	Xabier Letek ez zuen antzerki obrarik idatzi.	2
prem65	"Dila gutti ""ORM Elurretako Erresuman"" pantailaatu zin, ta laster ""Batman Lego filma"" ateatuko du."	prem65_hyp1	Geroz eta jende gutxiago joaten da filmak ikustera.	1
prem65	"Dila gutti ""ORM Elurretako Erresuman"" pantailaatu zin, ta laster ""Batman Lego filma"" ateatuko du."	prem65_hyp2	ORM Elurretako Erresuman pantailaratuko den azken filma izango da.	2
prem65	"Dila gutti ""ORM Elurretako Erresuman"" pantailaatu zin, ta laster ""Batman Lego filma"" ateatuko du."	prem65_hyp0	Animazio-filmak euskaratu ohi dira.	0
prem66	Amazonek eskeintzen du adimen artifiziala eskolendako ta hodeia ta Alexa eko dot ta Alexa eko plüs.	prem66_hyp0	Amazonek produktu ugari ditu adimen artifizialaren inguruan.	0
prem66	Amazonek eskeintzen du adimen artifiziala eskolendako ta hodeia ta Alexa eko dot ta Alexa eko plüs.	prem66_hyp2	Eskoletara zuzendutako adimen artifizialeko produkturik ez dago.	2
prem66	Amazonek eskeintzen du adimen artifiziala eskolendako ta hodeia ta Alexa eko dot ta Alexa eko plüs.	prem66_hyp1	Amazonen produktuak merkeak izaten dira.	1
prem67	Eskuarat lehen hurbilketa iteko, inteesgarria da Deustuko Uniertsitatiak garaian plazaatu zin eskuara kasteko metodua.	prem67_hyp1	Deustuko Unibertsitateak hainbat eskola eta fakultate ditu.	1
prem67	Eskuarat lehen hurbilketa iteko, inteesgarria da Deustuko Uniertsitatiak garaian plazaatu zin eskuara kasteko metodua.	prem67_hyp0	Deustuko Unibertsitateak metodo bat garatu du euskara ikasteko.	0
prem67	Eskuarat lehen hurbilketa iteko, inteesgarria da Deustuko Uniertsitatiak garaian plazaatu zin eskuara kasteko metodua.	prem67_hyp2	Deustuko Unibertsitateak gaztelera ikasteko materiala garatu du soilik.	2
prem68	Zue eskuara maila zoin den jakin nahi bazinu, hortakotz posilitatia e maiten du sareak.	prem68_hyp2	Norberaren euskara maila jakiteko elkarrizketa presentziala egin behar da nahitaez.	2
prem68	Zue eskuara maila zoin den jakin nahi bazinu, hortakotz posilitatia e maiten du sareak.	prem68_hyp0	Aukera dago norberaren euskara maila zein den neurtzeko.	0
prem68	Zue eskuara maila zoin den jakin nahi bazinu, hortakotz posilitatia e maiten du sareak.	prem68_hyp1	Euskararen erabilpen maila txikitzen ari da azken boladan.	1
prem69	Agiriak egoitza elektronikoain titularrain identifikazionea erreziitzen du, ta dispositibo seur baten do bide baliokide aten bidez igortzen da.	prem69_hyp1	Ez dago teknika bakarra titularraren identifikazioa ziurtatzeko.	1
prem69	Agiriak egoitza elektronikoain titularrain identifikazionea erreziitzen du, ta dispositibo seur baten do bide baliokide aten bidez igortzen da.	prem69_hyp2	Ziurtagiriak titularraren informazioa gordina igortzen du, zifratu gabe.	2
prem69	Agiriak egoitza elektronikoain titularrain identifikazionea erreziitzen du, ta dispositibo seur baten do bide baliokide aten bidez igortzen da.	prem69_hyp0	Ziurtagiria lagun bakoitzaren identitatea bermatzen saiatzen da.	0
prem70	Dila bi aste irringarria zen zeit egun guziz erria zaiten ahal da.	prem70_hyp0	Txisteen iraupena mugatua da, ez da betirako.	0
prem70	Dila bi aste irringarria zen zeit egun guziz erria zaiten ahal da.	prem70_hyp2	Jendeari gustatzen zaio txiste berdinak behin eta berriz entzutea.	2
prem70	Dila bi aste irringarria zen zeit egun guziz erria zaiten ahal da.	prem70_hyp1	Lagun bati grazia egiten diona beste bati ez zaio gustatzen.	1
prem71	Istalazione modernuak tu, wifia urriik espazio komunetan, ta seurtasun-xerbitxu iaunkorra 24 (hooita lau) orduz.	prem71_hyp1	Espazio hori alokatzea oso garestia da.	1
prem71	Istalazione modernuak tu, wifia urriik espazio komunetan, ta seurtasun-xerbitxu iaunkorra 24 (hooita lau) orduz.	prem71_hyp0	Internetera konekta zaitezke toki horretara joaten bazara.	0
prem71	Istalazione modernuak tu, wifia urriik espazio komunetan, ta seurtasun-xerbitxu iaunkorra 24 (hooita lau) orduz.	prem71_hyp2	Gauean segurtasun-eza nabaria da espazio horretan.	2
prem72	Pittat izitu gira hilaite huntan David Robert Michellek zuzendu din 'It Follows' filmaikilan.	prem72_hyp2	David Robert Michell zuzendariak komediak egiten ditu soilik.	2
prem72	Pittat izitu gira hilaite huntan David Robert Michellek zuzendu din 'It Follows' filmaikilan.	prem72_hyp0	It follows' beldurrezko filma da.	0
prem72	Pittat izitu gira hilaite huntan David Robert Michellek zuzendu din 'It Follows' filmaikilan.	prem72_hyp1	It follows' filma 'It' filmaren jarraipena da.	1
prem73	Gaineateko 5 (bortz) bastimenduetan bina estaia tuzte; behereko estaian industria-moduluak badira, ta gaineko estaian bulego-moduluak.	prem73_hyp1	Eraikinak oso modernoak dira.	1
prem73	Gaineateko 5 (bortz) bastimenduetan bina estaia tuzte; behereko estaian industria-moduluak badira, ta gaineko estaian bulego-moduluak.	prem73_hyp2	Eraikin guztiek solairu bakarra dute.	2
prem73	Gaineateko 5 (bortz) bastimenduetan bina estaia tuzte; behereko estaian industria-moduluak badira, ta gaineko estaian bulego-moduluak.	prem73_hyp0	Eraikinak industriarako prestatuak daude.	0
prem74	Ian korrikalai guziak geio baliatzen duun eskuara hemendik aitzina!	prem74_hyp0	Korrikalari askok ez dute euskara erabiltzen.	0
prem74	Ian korrikalai guziak geio baliatzen duun eskuara hemendik aitzina!	prem74_hyp2	Korrika egiten duen orok euskaraz ere egiten du.	2
prem74	Ian korrikalai guziak geio baliatzen duun eskuara hemendik aitzina!	prem74_hyp1	Korrika egitea osasungarria da oro har.	1
prem75	Oino baduu iritzi publikuan eraina ukaiteko gaitasuna.	prem75_hyp1	Jendeak askotariko iritziak ditu.	1
prem75	Oino baduu iritzi publikuan eraina ukaiteko gaitasuna.	prem75_hyp0	Iritzi publikoa aldatu daiteke.	0
prem75	Oino baduu iritzi publikuan eraina ukaiteko gaitasuna.	prem75_hyp2	Iritzi publikoa finkoa da.	2
prem76	Ikasbil webgunian milaka ta milaka artikulu, textu, video ta odio badira.	prem76_hyp0	Interneten ezin da testu, bideo eta audiorik aurkitu.	0
prem76	Ikasbil webgunian milaka ta milaka artikulu, textu, video ta odio badira.	prem76_hyp2	Iskanbil webgunean soilik testua dago.	2
prem76	Ikasbil webgunian milaka ta milaka artikulu, textu, video ta odio badira.	prem76_hyp1	Iskanbil interneteko webgune ezaguna da.	1
prem77	Egoitza elektronikoain izapideen kataloguan atxemane uzu prozedura, izapide ta xerbitxu bakotxai buuzko informazione zehatza.	prem77_hyp1	Egoitza elektronikoan sartzea konplexua da oso.	1
prem77	Egoitza elektronikoain izapideen kataloguan atxemane uzu prozedura, izapide ta xerbitxu bakotxai buuzko informazione zehatza.	prem77_hyp0	Izapidea eta zerbitzuen funtzionamendua azaltzen duen dokumentazioa atzigarri dago.	0
prem77	Egoitza elektronikoain izapideen kataloguan atxemane uzu prozedura, izapide ta xerbitxu bakotxai buuzko informazione zehatza.	prem77_hyp2	Izapide eta zerbitzuak ikasteko ez da inolako dokumentaziorik behar.	2
prem78	Sondikako Enpresa Zentro hortan industria-moduluak ta bulego-moduluak badira, 5 (bortz) bastimentutan banatuak.	prem78_hyp0	Hainbat enpresek dute beren egoitza Sondikan kokatuta.	0
prem78	Sondikako Enpresa Zentro hortan industria-moduluak ta bulego-moduluak badira, 5 (bortz) bastimentutan banatuak.	prem78_hyp1	Sondikako Enpresa Zentroa Bizkaiko garrantzitsuenetakoa da.	1
prem78	Sondikako Enpresa Zentro hortan industria-moduluak ta bulego-moduluak badira, 5 (bortz) bastimentutan banatuak.	prem78_hyp2	Sondikako Enpresa Zentroak bi eraikin ditu.	2
prem79	Bortz laun gira, ta gazteena ni niz.	prem79_hyp0	Adin desberdineko lagunak gaude taldean.	0
prem79	Bortz laun gira, ta gazteena ni niz.	prem79_hyp1	Musean jolas nahiko bagenu, bostetatik bat kanpo geratuko litzateke.	1
prem79	Bortz laun gira, ta gazteena ni niz.	prem79_hyp2	Bost lagunek urte eta egun berean jaio ginen.	2
prem80	Epaileak sei hilaiteko kartzelaat zigortu zitin kartierreko lau gazte.	prem80_hyp0	Auzoan hainbat gazte daude espetxe-zigorrak jaso dituztenak.	0
prem80	Epaileak sei hilaiteko kartzelaat zigortu zitin kartierreko lau gazte.	prem80_hyp1	Espetxe zigorra bi urte baino txikiagoa denez, lau gazteak ez dira kartzelara sartuko.	1
prem80	Epaileak sei hilaiteko kartzelaat zigortu zitin kartierreko lau gazte.	prem80_hyp2	Epaileak auzoko lau gazteak absolbitu zituen.	2
prem81	Miren ta Andreain erlazionea klandestinua zan zen hastapenetik, bikotia normatiatik kanpo zelakotz.	prem81_hyp0	Miren eta Andrea harreman sentimentala dute.	0
prem81	Miren ta Andreain erlazionea klandestinua zan zen hastapenetik, bikotia normatiatik kanpo zelakotz.	prem81_hyp1	Erlazio homosexualak normaltasunez bizi behar dira.	1
prem81	Miren ta Andreain erlazionea klandestinua zan zen hastapenetik, bikotia normatiatik kanpo zelakotz.	prem81_hyp2	Miren eta Andrearen erlazioa erabat arrunta izan zen.	2
prem82	Nazioarteko festiala zaki, badira kanpoko proposamenak e, nahiz eskual taldeen presentzia den gehiengua.	prem82_hyp1	Festibalak musika zuzenean bizitzeko aukera paregabeak dira.	1
prem82	Nazioarteko festiala zaki, badira kanpoko proposamenak e, nahiz eskual taldeen presentzia den gehiengua.	prem82_hyp2	Festibal honetan talde euskaldun bakarra jo zuen.	2
prem82	Nazioarteko festiala zaki, badira kanpoko proposamenak e, nahiz eskual taldeen presentzia den gehiengua.	prem82_hyp0	Nazioarteko taldeak jotzen dute festibal honetan.	0
prem83	Hiuarren urtez segidan, Santutxu Mendizale Taldak iilaldi neurtua antolatu du, urriain 20rako (hooikotz), ibiakoitza.	prem83_hyp1	Santutxu Mendizale Taldeko ibilaldietara jende ugari azaltzen da.	1
prem83	Hiuarren urtez segidan, Santutxu Mendizale Taldak iilaldi neurtua antolatu du, urriain 20rako (hooikotz), ibiakoitza.	prem83_hyp0	Santutxu Mendizale Taldeak mendi irteerak antolatu ohi ditu.	0
prem83	Hiuarren urtez segidan, Santutxu Mendizale Taldak iilaldi neurtua antolatu du, urriain 20rako (hooikotz), ibiakoitza.	prem83_hyp2	Santutxu Mendizale Taldea iaz osatu zen.	2
prem84	R 'N' R estilua do hegoaldeko rocka lantze itin letra ta konponketa landuak dira diskokuak.	prem84_hyp1	Hegoaldeko rock kantetan gitarrak dira nagusi.	1
prem84	R 'N' R estilua do hegoaldeko rocka lantze itin letra ta konponketa landuak dira diskokuak.	prem84_hyp0	Diskoa osatzen duten kanten estilo nagusia rock dela esan daiteke.	0
prem84	R 'N' R estilua do hegoaldeko rocka lantze itin letra ta konponketa landuak dira diskokuak.	prem84_hyp2	Diskoaren kanta guztiak instrumentalak dira.	2
prem85	Burraso atek haurrer argazkiak ateatu ta gomita beexia prestatzen du 60 (hiutan hooi) haurri banatzeko.	prem85_hyp1	Haurrek beti ateratzen dira ondo argazkietan.	1
prem85	Burraso atek haurrer argazkiak ateatu ta gomita beexia prestatzen du 60 (hiutan hooi) haurri banatzeko.	prem85_hyp2	Guraso bati atera diote argazkia haurrek.	2
prem85	Burraso atek haurrer argazkiak ateatu ta gomita beexia prestatzen du 60 (hiutan hooi) haurri banatzeko.	prem85_hyp0	Haurrek gonbidapen berezia jasoko dute.	0
prem86	Kalapitetan hameka laun ientifikatu ta arrastatu zitin Ertzaintzak.	prem86_hyp2	Istiluetan parte hartutako lagun guztiak atxilotu zituen Ertzainak.	2
prem86	Kalapitetan hameka laun ientifikatu ta arrastatu zitin Ertzaintzak.	prem86_hyp1	Atxilotutako jende asko libre geratuko da.	1
prem86	Kalapitetan hameka laun ientifikatu ta arrastatu zitin Ertzaintzak.	prem86_hyp0	Ertzainak lagun asko atxilotu zituen.	0
prem87	Xabier Lete musikai do idazle zan aitzin antzerkiko aktore zan zen.	prem87_hyp0	Xabier Lete hainbat arlotan ibilitako artista izan zen.	0
prem87	Xabier Lete musikai do idazle zan aitzin antzerkiko aktore zan zen.	prem87_hyp1	Xabier Leteren ahotsa oso atsegina zen.	1
prem87	Xabier Lete musikai do idazle zan aitzin antzerkiko aktore zan zen.	prem87_hyp2	Xabier Letek ez zuen inongo arlo artistikoa landu abesten hasi zen arte.	2
prem88	Hondarreko eunian, Logroñoat heltzeko 3 (hiu) kilometra akarrik eskas zielaik, Maria la de los Higos-en alaba zautu nin.	prem88_hyp0	Hainbat egun pasa nituen Logroñoko bidean.	0
prem88	Hondarreko eunian, Logroñoat heltzeko 3 (hiu) kilometra akarrik eskas zielaik, Maria la de los Higos-en alaba zautu nin.	prem88_hyp1	Maria de los Higos-en alaba oso jatorra da.	1
prem88	Hondarreko eunian, Logroñoat heltzeko 3 (hiu) kilometra akarrik eskas zielaik, Maria la de los Higos-en alaba zautu nin.	prem88_hyp2	Maria de los Higos-en semeak gizonezkoak ziren denak.	2
prem89	Biziki untsa baakigu ni enizala bee gisako hegaztia ta hua e eztela sortia leku ati lotuik egoiteko.	prem89_hyp1	Izaera desberdin daude, eta bata ez da bestea baino hobea.	1
prem89	Biziki untsa baakigu ni enizala bee gisako hegaztia ta hua e eztela sortia leku ati lotuik egoiteko.	prem89_hyp2	Bera nahiago du etxean geratu kanpotik bidaiatzen ibili baino.	2
prem89	Biziki untsa baakigu ni enizala bee gisako hegaztia ta hua e eztela sortia leku ati lotuik egoiteko.	prem89_hyp0	Bion izaera oso desberdina da.	0
prem90	Okupazione Buleguain lauarren urtebuua ospatuko ute urriain 20an (hooian)	prem90_hyp1	Datorren urtean Donostian ospatuko dute Okupazio Bulegoaren urteurrena.	1
prem90	Okupazione Buleguain lauarren urtebuua ospatuko ute urriain 20an (hooian)	prem90_hyp0	Okupazio Bulegoaren urteurrena udazkenean ospatzen da.	0
prem90	Okupazione Buleguain lauarren urtebuua ospatuko ute urriain 20an (hooian)	prem90_hyp2	Okupazio Bulegoaren laugarren urteurrena ospatu zuten iaz.	2
prem91	Burraso do zurkaitzek delibeatuik eskuara zanen da parte-hartzaileek baliatuko uten hizkuntza	prem91_hyp0	Parte-hartzaileek euskaraz hitz egingo dutela erabaki dute guraso eta tutoreek.	0
prem91	Burraso do zurkaitzek delibeatuik eskuara zanen da parte-hartzaileek baliatuko uten hizkuntza	prem91_hyp1	Guraso eta tutoreek erabaki dute euskaraz hitz egingo dutela haurrekin. 	1
prem91	Burraso do zurkaitzek delibeatuik eskuara zanen da parte-hartzaileek baliatuko uten hizkuntza	prem91_hyp2	Guraso eta tutoreek euskaraz hitz egingo dutela erabaki dute parte-hartzaileek.	2
prem92	Laun Arok Antiguako Benta erriko adarrian español hutsian iskriitu zitin oharrak manen tu bortain bi aldetaat.	prem92_hyp0	Lagun Arok Antiguako Benta Berriko sukurtsalean jarritako oharrak erdaraz idatzita zeuden.	0
prem92	Laun Arok Antiguako Benta erriko adarrian español hutsian iskriitu zitin oharrak manen tu bortain bi aldetaat.	prem92_hyp1	Lagun Arok Antiguako Benta Berriko sukurtsalean jarritako oharrak ondo idatzita zeuden.	1
prem92	Laun Arok Antiguako Benta erriko adarrian español hutsian iskriitu zitin oharrak manen tu bortain bi aldetaat.	prem92_hyp2	Lagun Arok Antiguako Benta Berriko sukurtsalean jarritako oharrak ingelesez idatzita zeuden.	2
prem93	Polizia guzien torturen salaketak erreziitu dira, Ertzaintzainak e ba.	prem93_hyp0	Ertzaintzak ere tortura egin duela salatu dute.	0
prem93	Polizia guzien torturen salaketak erreziitu dira, Ertzaintzainak e ba.	prem93_hyp1	Ertzaintzak polizien tortura kasuak salatu ditu.	1
prem93	Polizia guzien torturen salaketak erreziitu dira, Ertzaintzainak e ba.	prem93_hyp2	Ertzaintza tortura salaketetatik libre geratu da.	2
prem94	Madalenak prestatzeko ene ahizpak amatxi Jexuxain errezeta berreskuatu nahi zan du.	prem94_hyp0	Amona Jexuxak madalenak egiteko errezeta zeukan.	0
prem94	Madalenak prestatzeko ene ahizpak amatxi Jexuxain errezeta berreskuatu nahi zan du.	prem94_hyp2	Madalenak egiteko amona Jexuxak nire ahizparen errezeta berreskuratu nahi izan du.	2
prem94	Madalenak prestatzeko ene ahizpak amatxi Jexuxain errezeta berreskuatu nahi zan du.	prem94_hyp1	Nire ahizpari bakarrik Amona Jexuxak egindako madalenak gustatzen zaizkio.	1
prem95	Ezta bisen biseko identifikazioneik galdeiten BAK aktibatu ta iortzeko: Internetez iten da.	prem95_hyp0	Internet bidez eskatu dezakezu BAK aktibatu eta bidal diezazutela.	0
prem95	Ezta bisen biseko identifikazioneik galdeiten BAK aktibatu ta iortzeko: Internetez iten da.	prem95_hyp1	Internet bidez eskatu dezakezu BAK baliogabe diezazutela.	1
prem95	Ezta bisen biseko identifikazioneik galdeiten BAK aktibatu ta iortzeko: Internetez iten da.	prem95_hyp2	Internet bidez eskatu behar duzu BAK aktibatu eta bidal diezazutela.	2
prem96	Hiu argazki akarrik gorde ahal zan tut.	prem96_hyp0	Ez dut lau argazki gordetzeko aukerarik izan.	0
prem96	Hiu argazki akarrik gorde ahal zan tut.	prem96_hyp1	Lau argazki zituen gordeta.	1
prem96	Hiu argazki akarrik gorde ahal zan tut.	prem96_hyp2	Lau argazki bakarrik gordeta dauzkat.	2
prem97	Ibiakoitzian, urriain 31ean (hooitamekan), Beldurrezko Zinemaldiko filme at so iteat joaiteko gomita erreziitu ginin.	prem97_hyp1	Beldurrezko Zinemaldiko pelikula bat ikustera joan ginen.	1
prem97	Ibiakoitzian, urriain 31ean (hooitamekan), Beldurrezko Zinemaldiko filme at so iteat joaiteko gomita erreziitu ginin.	prem97_hyp0	Beldurrezko Zinemaldiko pelikula bat ikusteko gonbidatu gintuzten.	0
prem97	Ibiakoitzian, urriain 31ean (hooitamekan), Beldurrezko Zinemaldiko filme at so iteat joaiteko gomita erreziitu ginin.	prem97_hyp2	Beldurrezko Zinemaldiko pelikula batean parte hartzeko gonbidatu gintuzten.	2
prem98	Eskuadiko Kutxak oino zerga-aitorpenain iteko eskuara maiten eztin langile at zarri du Antiguako Matia karrikako adarrian, Donostin.	prem98_hyp1	Euskadiko Kutxako Antiguako Matia kaleko sukurtsaleko langileek erdaraz bakarrik hitz egiten dute.	1
prem98	Eskuadiko Kutxak oino zerga-aitorpenain iteko eskuara maiten eztin langile at zarri du Antiguako Matia karrikako adarrian, Donostin.	prem98_hyp0	Euskadiko Kutxako Antiguako Matia kaleko sukurtsaleko errenta-aitorpena egiten laguntzen duen langilea erdaldun hutsa da.	0
prem98	Eskuadiko Kutxak oino zerga-aitorpenain iteko eskuara maiten eztin langile at zarri du Antiguako Matia karrikako adarrian, Donostin.	prem98_hyp2	Euskadiko Kutxako Antiguako Matia kaleko sukurtsaleko langileek euskaraz bakarrik hitz egiten dute.	2
prem99	Eizainen arteko omoriak jasangarrio iten du guzia.	prem99_hyp0	Erizainek bere artean bromak egiten badituzte, dena hobeto eramaten da.	0
prem99	Eizainen arteko omoriak jasangarrio iten du guzia.	prem99_hyp1	Erizainak umore onez egoteak asko laguntzen die pazienteei.	1
prem99	Eizainen arteko omoriak jasangarrio iten du guzia.	prem99_hyp2	Erizainek umorea erabiltzeko debekua dute.	2
prem100	Pandemiak eakarri itin ageiko kalteez gain, gertatu zenak iziarri azpimarratu ta azaleatu tu Europar Batasunain ahuleziak ta, bertziak bertze, salatu tu Europako berrikuntza teknologikuain dekadentzia ta lidertza industrialik ez zaitia.	prem100_hyp0	Gertatutakoak garbi utzi du, pandemiak eragindako kalteez bestealde, Europar Batasuna ahula dela eta ez dela berrikuntza teknologiko eta industrialaren munduko liderra.	0
prem100	Pandemiak eakarri itin ageiko kalteez gain, gertatu zenak iziarri azpimarratu ta azaleatu tu Europar Batasunain ahuleziak ta, bertziak bertze, salatu tu Europako berrikuntza teknologikuain dekadentzia ta lidertza industrialik ez zaitia.	prem100_hyp1	Gertatutakoak garbi utzi du, pandemiak eragindako kalteak direla medio, Europar Batasunak munduan berrikuntza teknologiko eta industrialaren lidergoa berreskuratu behar duela.	1
prem100	Pandemiak eakarri itin ageiko kalteez gain, gertatu zenak iziarri azpimarratu ta azaleatu tu Europar Batasunain ahuleziak ta, bertziak bertze, salatu tu Europako berrikuntza teknologikuain dekadentzia ta lidertza industrialik ez zaitia.	prem100_hyp2	Gertatutakoak garbi utzi du, pandemiak eragindako kalteez gain, Europar Batasuna ahula dela baina berrikuntza teknologiko eta industrialaren munduko liderra dela.	2
prem101	Postuik lortzen eztuten presunak iguikatze-zerrendan sartzen dira, zozketain ber ordrian.	prem101_hyp0	Plazarik lortu ezean, itxaronzerrendan sartuko zara, zozketaren ordena mantenduz.	0
prem101	Postuik lortzen eztuten presunak iguikatze-zerrendan sartzen dira, zozketain ber ordrian.	prem101_hyp1	Plaza eskuratzen ez duten pertsonek zozketa batean parte hartzeko aukera dute.	1
prem101	Postuik lortzen eztuten presunak iguikatze-zerrendan sartzen dira, zozketain ber ordrian.	prem101_hyp2	Plazarik eskuratzen ez baduzu, zozketa batean sartuko zara, itxaronzerrendako hurrenkera erabikitzeko.	2
prem102	Ezpagira iduikatzen, iduikatuak zanen gira.	prem102_hyp2	Ez bagara irudikatzen, guri buruzko irudikapenak existitzeari utziko dio.	2
prem102	Ezpagira iduikatzen, iduikatuak zanen gira.	prem102_hyp0	Geuk geure burua irudikatzen ez badugu, besteek irudikatuko gaituzte.	0
prem102	Ezpagira iduikatzen, iduikatuak zanen gira.	prem102_hyp1	Ez bagara irudikatzen, guri buruzko iritzi okerrak ugarituko dira.	1
prem103	Eusko Jaurlaitzak azpimarratu du 2003an (bi mila ta hiuan) hasi zela Ertzaintza Tratu Txarren Prebentzioaindako Protokola zartzen arrastatuen lege-bermia indartzeko.	prem103_hyp0	Ertzaintza Tratu Txarren Prebentziorako Protokoloa 2003tik dago indarrean atxilotuen eskubideak bermatzeko, Eusko Jaurlaritzaren arabera.	0
prem103	Eusko Jaurlaitzak azpimarratu du 2003an (bi mila ta hiuan) hasi zela Ertzaintza Tratu Txarren Prebentzioaindako Protokola zartzen arrastatuen lege-bermia indartzeko.	prem103_hyp1	Eusko Jaurlaritza 2003ko urtarrilean hasi zen Ertzaintza Tratu Txarren Prebentziorako Protokoloa lantzen atxilotuen lege-bermea indartzeko.	1
prem103	Eusko Jaurlaitzak azpimarratu du 2003an (bi mila ta hiuan) hasi zela Ertzaintza Tratu Txarren Prebentzioaindako Protokola zartzen arrastatuen lege-bermia indartzeko.	prem103_hyp2	Eusko Jaurlaritzaren esanetan, Ertzaintza Tratu Txarren Prebentziorako Protokoloa 2003an hasi zen ezartzen, presoen askatze prozesua arintzeko.	2
prem104	Heteopatriarkatuain kalte-ordainak etxen barnetan dira, ta amodio erromantikuan altxatuak zan dien harreman afektibo-sexualak dira hoin espresiuak.	prem104_hyp0	Maitasun erromantikoan eraikitako harreman afektibo-sexualek frogatzen dute heteropatriarkatuaren eragina nonahi dela.	0
prem104	Heteopatriarkatuain kalte-ordainak etxen barnetan dira, ta amodio erromantikuan altxatuak zan dien harreman afektibo-sexualak dira hoin espresiuak.	prem104_hyp1	Maitasun erromantikoan eraikitako harreman afektibo-sexualek adierazten dutena aintzat hartu behar da.	1
prem104	Heteopatriarkatuain kalte-ordainak etxen barnetan dira, ta amodio erromantikuan altxatuak zan dien harreman afektibo-sexualak dira hoin espresiuak.	prem104_hyp2	Maitasun erromantikoan eraikitako harreman afektibo-sexualak heteropatriarkatuaren aurka borrokatzera ohituta daude.	2
prem105	Ebook-ian leitu utan lehen librua zan da ta gustukua zan dut espeientzia	prem105_hyp1	Ez nuen espero ebook-ean irakurriko nuen lehen liburua hain esperientzia polita izatea.	1
prem105	Ebook-ian leitu utan lehen librua zan da ta gustukua zan dut espeientzia	prem105_hyp2	Ebook formatuko liburu bat jada irakurri arren, gustatu zait esperientzia.	2
prem105	Ebook-ian leitu utan lehen librua zan da ta gustukua zan dut espeientzia	prem105_hyp0	Hau ebook formatuan irakurri dudan liburu bakarra da eta atsegin zen esperientzia. 	0
prem106	Masteizazione lanian uaiko huntan e Andy Hippy Baldwin aitu da, Londresko Metropoliz ztüdiuan.	prem106_hyp1	Andy Hippy Baldwin-ek masterizazio lan guztia Londreseko Metropolis estudioan egin du.	1
prem106	Masteizazione lanian uaiko huntan e Andy Hippy Baldwin aitu da, Londresko Metropoliz ztüdiuan.	prem106_hyp0	Londreseko Metropolis estudioko Andy Hippy Baldwin-ek berriro lagundu du masterizazio lanean.	0
prem106	Masteizazione lanian uaiko huntan e Andy Hippy Baldwin aitu da, Londresko Metropoliz ztüdiuan.	prem106_hyp2	Masterizazio lanean lehenbizikoz aritu da Andy Hippy Baldwin, Londreseko Metropolis estudioan.	2
prem107	2018ko (bi mila ta hemezortziko) abenduain 4an (lauian) sozietateain izena ta xedia kamiatu zitin, bee aktibitate-arlua Ibar Ezkerreat ta Txorierriat hedatzeko xedez.	prem107_hyp0	2018ko urte bukaeran aldatu ziren sozietatearen izena eta xedea, bere ekintzak Ibar Ezkerrean eta Txorierrian ere eskaintzeko xedearekin.	0
prem107	2018ko (bi mila ta hemezortziko) abenduain 4an (lauian) sozietateain izena ta xedia kamiatu zitin, bee aktibitate-arlua Ibar Ezkerreat ta Txorierriat hedatzeko xedez.	prem107_hyp1	2018ko urtean sozietatearen izena eta xedea aldatzeaz gain, jarduera mota ere aldatu zuen.	1
prem107	2018ko (bi mila ta hemezortziko) abenduain 4an (lauian) sozietateain izena ta xedia kamiatu zitin, bee aktibitate-arlua Ibar Ezkerreat ta Txorierriat hedatzeko xedez.	prem107_hyp2	2018ko abenduaren 4an sozietatearen izena eta xedea aldatu zituen, bere jarduera-eremua Bilboko eremu guztietara hedatzeko asmoarekin. 	2
prem108	Sai banaketa hunek eskuaratik iten den itzulpengintza baliuan zartzia du xede.	prem108_hyp0	Sari banaketa honen xedea euskaratik egiten den itzulpenen balioa goraipatzea da.	0
prem108	Sai banaketa hunek eskuaratik iten den itzulpengintza baliuan zartzia du xede.	prem108_hyp1	Sari banaketa honen helburu bakarra euskaratik egindako itzulpengintza balioan jartzea da.	1
prem108	Sai banaketa hunek eskuaratik iten den itzulpengintza baliuan zartzia du xede.	prem108_hyp2	Sari banaketa honek euskarara egindako itzulpengintza balioan jartzea du helburu.	2
prem109	Badu aspaldi sartu ginen kalapita huntan ta deia ezta gielat iten ahal.	prem109_hyp0	Aspalditik dugu istilu hau eta ezin dugu atzera egin.	0
prem109	Badu aspaldi sartu ginen kalapita huntan ta deia ezta gielat iten ahal.	prem109_hyp1	Aspaldi hasi ginen borrokatzen eta ez dugu irabazteko modurik.	1
prem109	Badu aspaldi sartu ginen kalapita huntan ta deia ezta gielat iten ahal.	prem109_hyp2	Orain dela gutxi sartu ginen borroka honetan eta ez du atzera bueltarik.	2
prem110	Eskuidiak erdiesteko lege at hautsi ber da aldioro.	prem110_hyp0	Eskubide gehiago erdietsi nahi izanez gero, debekatuta dagoen zerbait egin behar da beti.	0
prem110	Eskuidiak erdiesteko lege at hautsi ber da aldioro.	prem110_hyp2	Eskubide gehiago beti lortzen dira legeak errespetatzen badira.	2
prem110	Eskuidiak erdiesteko lege at hautsi ber da aldioro.	prem110_hyp1	Zenbat eta lege gehiago hautsi, orduan eta eskubide gehiago irabazi.	1
prem111	Gidaiak datu inteesgarriak man tu ta biziki jostaarria zan da.	prem111_hyp0	Gidariak eskaini dituen datu interesgarriek esperientzia entretenigarri bihurtu dute.	0
prem111	Gidaiak datu inteesgarriak man tu ta biziki jostaarria zan da.	prem111_hyp1	Gidaria entretenitu da beretzat interesgarria izan diren datuak emanez.	1
prem111	Gidaiak datu inteesgarriak man tu ta biziki jostaarria zan da.	prem111_hyp2	Gidariak eskainitako datuen interesa eskasekoa izan arren, esperientzia entretenigarria izan da.	2
prem112	Aspaldiko ametsa zen Praga zautzia.	prem112_hyp0	Praga ezagutzeko gogo handia izan du denbora luzez.	0
prem112	Aspaldiko ametsa zen Praga zautzia.	prem112_hyp1	Praga ezagutu duela amestu du.	1
prem112	Aspaldiko ametsa zen Praga zautzia.	prem112_hyp2	Praga ezagutzen du aspalditik.	2
prem113	Eskuarain mundian ibilki gienok biziki untsa baakigu zoin akiaarria den gue inteesen defentsa.	prem113_hyp1	Euskararen munduan gabiltzanok gure interesak defendatzeaz nekatuta gaude.	1
prem113	Eskuarain mundian ibilki gienok biziki untsa baakigu zoin akiaarria den gue inteesen defentsa.	prem113_hyp0	Euskararen munduan gabiltzanok badakigu gure interesak defentatzeak nola nekatzen duen.	0
prem113	Eskuarain mundian ibilki gienok biziki untsa baakigu zoin akiaarria den gue inteesen defentsa.	prem113_hyp2	Euskararen munduan gabiltzanok ongi pasatzen dugu gure interesak defendatuz.	2
prem114	Amazonek dronekilan banaketak iteko patentia sartu du.	prem114_hyp1	Amazonek patenteak sartzeko dronak banatu ditu.	1
prem114	Amazonek dronekilan banaketak iteko patentia sartu du.	prem114_hyp0	Paketeak dronekin banatzeko patentea bidali du Amazonek.	0
prem114	Amazonek dronekilan banaketak iteko patentia sartu du.	prem114_hyp2	Amazon dronekin banaketak egiteko patentea noiz sartu zain dago.	2
prem115	Santutxuar ainitz hurbildu da Gaztetxe inguruat zarratziain kontra protesta iteko.	prem115_hyp0	Santutxun bizi den jende asko etorri da gaztetxea irekita mantentzeko eskatzera.	0
prem115	Santutxuar ainitz hurbildu da Gaztetxe inguruat zarratziain kontra protesta iteko.	prem115_hyp1	Santutxuar ugarik inguratu dute gaztetxea itxieraren aurka protestatzeko.	1
prem115	Santutxuar ainitz hurbildu da Gaztetxe inguruat zarratziain kontra protesta iteko.	prem115_hyp2	Santutxuar ugari hurbildu da gaztetxea ixteko eskatzera.	2
prem116	Musika biziki garrantzitsua zan da ene bizian.	prem116_hyp0	Musikaren garrantzia sumatu dut bizitzan zehar.	0
prem116	Musika biziki garrantzitsua zan da ene bizian.	prem116_hyp1	Musika oso garrantzitsua omen da bizitzan.	1
prem116	Musika biziki garrantzitsua zan da ene bizian.	prem116_hyp2	Musikak nire bizitzan duen oraingo garrantzia berria da.	2
prem117	Indarra bea natuala da, beaz hoi baliatzia zin da ona do txarra zan balio absolutu aten gisan.	prem117_hyp0	Indarra naturala denez, bere erabilera ona edo txarra den esateko modu absoluturik ez dago.	0
prem117	Indarra bea natuala da, beaz hoi baliatzia zin da ona do txarra zan balio absolutu aten gisan.	prem117_hyp1	Indarra erabiltzeaz baliatu dena ona edo txarra den esatea ezin dugu normalizatu.	1
prem117	Indarra bea natuala da, beaz hoi baliatzia zin da ona do txarra zan balio absolutu aten gisan.	prem117_hyp2	Indarraren erabilera ona edo txarra den jakiteko, balio absolutuak ezin naturalagoak dira.	2
prem118	Istant zehatzetan jendiain arrapostia ta konpromisua argiki agei da.	prem118_hyp2	Une zehatzetan jendea beldurtzen da	2
prem118	Istant zehatzetan jendiain arrapostia ta konpromisua argiki agei da.	prem118_hyp0	Une zehatzetan jendeak erantzuten du arazoei.	0
prem118	Istant zehatzetan jendiain arrapostia ta konpromisua argiki agei da.	prem118_hyp1	Jendea beti dago prest edozer egiteko.	1
prem119	Gazteok Eaikitzen dinamikain baitan proposatiak zan dien 18 (hemezortzi) proiektuei karpenak itia zanen da biharko eunain xedia.	prem119_hyp0	Proiektuen artean gaztetxe berri bat eraikitzea dago.	0
prem119	Gazteok Eaikitzen dinamikain baitan proposatiak zan dien 18 (hemezortzi) proiektuei karpenak itia zanen da biharko eunain xedia.	prem119_hyp1	Gazteok Eraikitzen 2018ko martxoan sortu zen.	1
prem119	Gazteok Eaikitzen dinamikain baitan proposatiak zan dien 18 (hemezortzi) proiektuei karpenak itia zanen da biharko eunain xedia.	prem119_hyp2	Biharko ekarpena hurrengo astera mugituko da.	2
prem120	Nik bertziain hizkuntza kasten baut, bena bertziak ezpadu enia errespetatzen, harren hizkuntza mintzatzia ezta idekitze keinu at, baizik menpekotasun ta sumisio keinu at.	prem120_hyp0	Beste pertsona nire hizkuntza ez badu errespetatzen gauza bat argi dago, beren gurasoek ez zuten ondo zaindu bere semeak.	0
prem120	Nik bertziain hizkuntza kasten baut, bena bertziak ezpadu enia errespetatzen, harren hizkuntza mintzatzia ezta idekitze keinu at, baizik menpekotasun ta sumisio keinu at.	prem120_hyp1	Beste hizkuntzak ikastea ona da pertsonentzat.	1
prem120	Nik bertziain hizkuntza kasten baut, bena bertziak ezpadu enia errespetatzen, harren hizkuntza mintzatzia ezta idekitze keinu at, baizik menpekotasun ta sumisio keinu at.	prem120_hyp2	Beste hizkuntzak errespetatzea beharrezkoa da.	2
prem121	Inguune ederra da mendia ta itsasua elgartzen dien leku hau.	prem121_hyp1	Mundua leku ederrez beteta dago.	1
prem121	Inguune ederra da mendia ta itsasua elgartzen dien leku hau.	prem121_hyp2	Mendiak eta itsasoak zaborrez beteta dauda.	2
prem121	Inguune ederra da mendia ta itsasua elgartzen dien leku hau.	prem121_hyp0	Mendia eta itsasoa topatzen diren tokian edertasuna aurkitu dezakezu.	0
prem122	Bakotxain elkarte, enpresa do instituzioniain dinamika inarrosteko tresnak proposatzen dira hor.	prem122_hyp1	Dinamika aldatzea jendearen adimena irekitzen du.	1
prem122	Bakotxain elkarte, enpresa do instituzioniain dinamika inarrosteko tresnak proposatzen dira hor.	prem122_hyp0	Dinamika aldatzeko modu hoberena bestearen larruan sartzea da.	0
prem122	Bakotxain elkarte, enpresa do instituzioniain dinamika inarrosteko tresnak proposatzen dira hor.	prem122_hyp2	Dinamika aldatzea arazo asko ekarri dezake, adibidez deserosotasuna.	2
prem123	Lucia gizon batekilan esposatia da.	prem123_hyp0	Gizon bat Luciarekin ezkonduta dago.	0
prem123	Lucia gizon batekilan esposatia da.	prem123_hyp1	Gizonezkoak eta emakumeak maiz ezkontzen dira.	1
prem123	Lucia gizon batekilan esposatia da.	prem123_hyp2	Lucia dibortziatua da.	2
prem124	Ezta Eskual Herrian antzerkia Letek bezeinbat ikuspundutaik praktikatu din nehor.	prem124_hyp0	Lete sari asko irabazi zuen bere antzerki antzezlanagatik.	0
prem124	Ezta Eskual Herrian antzerkia Letek bezeinbat ikuspundutaik praktikatu din nehor.	prem124_hyp1	500 urtez egin dira antzezlanak.	1
prem124	Ezta Eskual Herrian antzerkia Letek bezeinbat ikuspundutaik praktikatu din nehor.	prem124_hyp2	Letek ez du hainbeste ikuspuntutatik lan egin.	2
prem125	Iaz delibeatu nin 40. (berrooigarren) urteburia finki ta sarri ospatu ber nila.	prem125_hyp0	Nire 40 urteurrenean munduko festa izan nuen.	0
prem125	Iaz delibeatu nin 40. (berrooigarren) urteburia finki ta sarri ospatu ber nila.	prem125_hyp1	Urteurrenak garrantzitsuak dira.	1
prem125	Iaz delibeatu nin 40. (berrooigarren) urteburia finki ta sarri ospatu ber nila.	prem125_hyp2	Nire 40 urteurrena ahaztu nuen.	2
prem126	Partiu politiko guzietako ordezkaiak ditin Administrazione Kontseiluak zuzentzen du sozietatia ta Batzar Nausia Udalbatzarra bea da.	prem126_hyp2	Udalbatzarra ez da politikariena, funtzionarioena eta herritarrena baizik.	2
prem126	Partiu politiko guzietako ordezkaiak ditin Administrazione Kontseiluak zuzentzen du sozietatia ta Batzar Nausia Udalbatzarra bea da.	prem126_hyp1	Udalbatzarra Eusko Jaurlaritzarekin batera egiten du lan.	1
prem126	Partiu politiko guzietako ordezkaiak ditin Administrazione Kontseiluak zuzentzen du sozietatia ta Batzar Nausia Udalbatzarra bea da.	prem126_hyp0	Alderdi politikoen artean PP, PNV, PSO, eta Sumar daude.	0
prem127	Hastapenetik xedia finkatu zuten: elebidun orekatuak zaitia gue haurrak.	prem127_hyp2	Ez dute seme-alabarik nahi.	2
prem127	Hastapenetik xedia finkatu zuten: elebidun orekatuak zaitia gue haurrak.	prem127_hyp0	Gure helburua da seme-alabak izatea.	0
prem127	Hastapenetik xedia finkatu zuten: elebidun orekatuak zaitia gue haurrak.	prem127_hyp1	Denon seme-alabak elebidun izan beharko zuten.	1
prem128	2016ko (bi mila ta hooitamaseiko) maiatzain 1ean (lehenian), ADES Zpeleologia Elkartiak labar-arte multxo garrantzitsua atxeman zin Lekeitioko Armintxe leizian.	prem128_hyp0	Labar-artea bisoi baten ehizari buruzkoa zen.	0
prem128	2016ko (bi mila ta hooitamaseiko) maiatzain 1ean (lehenian), ADES Zpeleologia Elkartiak labar-arte multxo garrantzitsua atxeman zin Lekeitioko Armintxe leizian.	prem128_hyp2	Labar-artea graffiti bat izan zen.	2
prem128	2016ko (bi mila ta hooitamaseiko) maiatzain 1ean (lehenian), ADES Zpeleologia Elkartiak labar-arte multxo garrantzitsua atxeman zin Lekeitioko Armintxe leizian.	prem128_hyp1	Labar-artea zaharrena K.a. 600. urtekoa da.	1
prem129	Ta ogi goxua eosi duu mormoinen etxaldian.	prem129_hyp0	Mormoiek egin duten ogia oso goxoa da.	0
prem129	Ta ogi goxua eosi duu mormoinen etxaldian.	prem129_hyp1	Ogiak ona dago bat edo bi egunetarako.	1
prem129	Ta ogi goxua eosi duu mormoinen etxaldian.	prem129_hyp2	Mormoiei erosi diegun ogia gogorra eta zapore gabekoa da	2
prem130	Tortura salatu zinuten, bena etzen hedatu berria.	prem130_hyp1	Norbait torturatzea munduko gauza txarrena da.	1
prem130	Tortura salatu zinuten, bena etzen hedatu berria.	prem130_hyp0	3 urtez egon ziren torturatzen gizajo hori.	0
prem130	Tortura salatu zinuten, bena etzen hedatu berria.	prem130_hyp2	Tortura egin zutela mundua ezustean hartu zuen.	2
prem131	Omoria biziki aldakorra da, ainitz fluktuatzen du.	prem131_hyp0	Betidanik dakigu bere umorea aldakorra dela.	0
prem131	Omoria biziki aldakorra da, ainitz fluktuatzen du.	prem131_hyp1	Pertsona baten umorea ez da beti berdina.	1
prem131	Omoria biziki aldakorra da, ainitz fluktuatzen du.	prem131_hyp2	Beti pozik dago.	2
prem132	Zenta Donostiat joaiten ahal zira garraio publikuan, do inguuko kartier batian garratu, do  parking paatu atian.	prem132_hyp0	Garraio publiko bat hartzen baduzue hartu autobusa, ez pentsa trena hartzean ere.	0
prem132	Zenta Donostiat joaiten ahal zira garraio publikuan, do inguuko kartier batian garratu, do  parking paatu atian.	prem132_hyp1	Bilbotik Donostiara autobuses garraioa ordu bat eta erdi da gutxi gora behera.	1
prem132	Zenta Donostiat joaiten ahal zira garraio publikuan, do inguuko kartier batian garratu, do  parking paatu atian.	prem132_hyp2	Ez joan Donostiara dena oso gareztia da.	2
prem133	Atseko seitan hasiko da dokumentala Uztaldi gaztetxian.	prem133_hyp0	Uztaldi gaztetxea arratsaldeetan irekita dago.	0
prem133	Atseko seitan hasiko da dokumentala Uztaldi gaztetxian.	prem133_hyp1	Uztaldi gaztetxea gazteez beteta dago.	1
prem133	Atseko seitan hasiko da dokumentala Uztaldi gaztetxian.	prem133_hyp2	Uztaldi gaztetxeari telebista apurtu zaio.	2
prem134	Monogamia fidelak hitz emaiten ditin finitze zoiontsuak eztira uste bezin usu gertatzen.	prem134_hyp2	Monogamia maitagarrien ipuinetan bezala beti amaiera zoriontsua dakar.	2
prem134	Monogamia fidelak hitz emaiten ditin finitze zoiontsuak eztira uste bezin usu gertatzen.	prem134_hyp0	Amaiera zoriontsua izateko lan egin behar duzu.	0
prem134	Monogamia fidelak hitz emaiten ditin finitze zoiontsuak eztira uste bezin usu gertatzen.	prem134_hyp1	Monogamia eta poligamia kontrakoak dira.	1
prem135	Indarrez inposatia zan den errealitate ati buru iteko indarra beharrezkua da, hasteko.	prem135_hyp0	Indarra bakarrik ez da nahikoa, iraunkortasuna ere behar da.	0
prem135	Indarrez inposatia zan den errealitate ati buru iteko indarra beharrezkua da, hasteko.	prem135_hyp1	Errealitate bati aurre egiteko lehenik prest egon behar zara.	1
prem135	Indarrez inposatia zan den errealitate ati buru iteko indarra beharrezkua da, hasteko.	prem135_hyp2	Indarrez inposatutako errealitate baten aurka lehen urratsa komunikazioa da.	2
prem136	Astialdiko Begiale ta Zuzendai kurtsoekilan betan, Eusko Jaurlaitzak luzatzen ditin Titulazione Ofizialetaik da.	prem136_hyp0	Astialdiko Begirale 150 orduko ikastaroa da eta modu estentsiboan zein intentsiboan egin daiteke.	0
prem136	Astialdiko Begiale ta Zuzendai kurtsoekilan betan, Eusko Jaurlaitzak luzatzen ditin Titulazione Ofizialetaik da.	prem136_hyp1	Ikastaroak modu hoberenak dira gauza berriak ikasteko.	1
prem136	Astialdiko Begiale ta Zuzendai kurtsoekilan betan, Eusko Jaurlaitzak luzatzen ditin Titulazione Ofizialetaik da.	prem136_hyp2	Astialdiko Begirale ikastaroa gobernu zentrala luzatutako Titulazio Ofizialen artean dago.	2
prem137	ON Bizkaia Sariek aktiitate ekonomikua ta lanpostuak sortzeko enpresek ite uten karpena goaipatze ute.	prem137_hyp1	Gaur egungo lanak gero eta aurreratuagoak dira orain dela 1000 urterekin alderatuta.	1
prem137	ON Bizkaia Sariek aktiitate ekonomikua ta lanpostuak sortzeko enpresek ite uten karpena goaipatze ute.	prem137_hyp2	Sortzen diren behin-behineko lanpostuak dira eta horregatik ez genuke premio bat eman behar.	2
prem137	ON Bizkaia Sariek aktiitate ekonomikua ta lanpostuak sortzeko enpresek ite uten karpena goaipatze ute.	prem137_hyp0	Urte honetan 1.300.000 lanpostu berriak sortu dira.	0
prem138	Plazer haundia zan zen gaineat arriatzia.	prem138_hyp1	Helburuak betetzea izugarria da	1
prem138	Plazer haundia zan zen gaineat arriatzia.	prem138_hyp0	Gora iritsi genuenean bistak ederrak ziren.	0
prem138	Plazer haundia zan zen gaineat arriatzia.	prem138_hyp2	Ez genuen gora iritsi Mikelek hanka apurtu zuelako.	2
prem139	Kurtso zehatzak antolatiak zanen dira urtian zehar gai desberdinen lantzeko: espaziuak, pzikomotrizitatia...	prem139_hyp0	Ikastaroen artean arte moderno abstraktua hoberena da, Mikel dagoeneko izena eman du.	0
prem139	Kurtso zehatzak antolatiak zanen dira urtian zehar gai desberdinen lantzeko: espaziuak, pzikomotrizitatia...	prem139_hyp1	Ikastaroen helburua beti da jendeari gauza berriak irkatea.	1
prem139	Kurtso zehatzak antolatiak zanen dira urtian zehar gai desberdinen lantzeko: espaziuak, pzikomotrizitatia...	prem139_hyp2	Ikastaroak alferrikakoak dira, jendea ez duelako ezer ikasten ez badute lan egiten.	2
prem140	Gogoeta sakonak inak tu gue arteain egoerai buruz.	prem140_hyp0	Gurfe arteari buruz asko hitz egin dugu.	0
prem140	Gogoeta sakonak inak tu gue arteain egoerai buruz.	prem140_hyp1	Bakoitzak duen artea bakarra da.	1
prem140	Gogoeta sakonak inak tu gue arteain egoerai buruz.	prem140_hyp2	Ez zaigu axola ematen gure artea.	2
prem141	Kanpaina antikapitalistain barnian aste huntan iniziatiba geio antolatu tuzte.	prem141_hyp0	Ekimen berrien artean kontzertu bat dago.	0
prem141	Kanpaina antikapitalistain barnian aste huntan iniziatiba geio antolatu tuzte.	prem141_hyp1	Kanpaina antikapitalistak eta kanpaina antisozialistak kontrakoak dira.	1
prem141	Kanpaina antikapitalistain barnian aste huntan iniziatiba geio antolatu tuzte.	prem141_hyp2	Kanpaina antikapitalista bertan behera utzi dute, ez baizen jendea agertu.	2
prem142	"Helbide hoiek kamiatzeko, egoitza elektronikoko "" Ene Datuak "" sekzioat sartu be uzu."	prem142_hyp0	"Nire Datuak sartu eta gero, ""OK"" botoia sakatu behar duzu."	0
prem142	"Helbide hoiek kamiatzeko, egoitza elektronikoko "" Ene Datuak "" sekzioat sartu be uzu."	prem142_hyp2	Ezinezkoa da  helbideak aldatzea web orria erori delako.	2
prem142	"Helbide hoiek kamiatzeko, egoitza elektronikoko "" Ene Datuak "" sekzioat sartu be uzu."	prem142_hyp1	Helbide elektronikoak mezuak bidaltzeko erabiltzen dira.	1
prem143	Lan iteko ta harremanak zaiteko manera kamiatu du trasformazione digitalak.	prem143_hyp0	Jendeak denbora gehiago mugikorrean eta ordenagailuan irauten du.	0
prem143	Lan iteko ta harremanak zaiteko manera kamiatu du trasformazione digitalak.	prem143_hyp1	Eraldaketa digitala mundua behar duen hurrengo aurrerapena da.	1
prem143	Lan iteko ta harremanak zaiteko manera kamiatu du trasformazione digitalak.	prem143_hyp2	Jendeak beti bezala lan egiten du.	2
prem144	Beti bada kexatzeko manera, sustut bakotxa delaik ahul ta launtza nehoiz ez delaik perfektia zaiten.	prem144_hyp0	Laguntzarekin edonork edozer egin dezake.	0
prem144	Beti bada kexatzeko manera, sustut bakotxa delaik ahul ta launtza nehoiz ez delaik perfektia zaiten.	prem144_hyp1	Guztiok behar dugu laguntza noizbehinka.	1
prem144	Beti bada kexatzeko manera, sustut bakotxa delaik ahul ta launtza nehoiz ez delaik perfektia zaiten.	prem144_hyp2	Ez dago inor ahul, lan egin nahi ez duen jendea baizik.	2
prem145	Etzakien hilik zela.	prem145_hyp1	Hilik dauden pertsonak ez dira mugitzen.	1
prem145	Etzakien hilik zela.	prem145_hyp0	Hil zegoela zirudien.	0
prem145	Etzakien hilik zela.	prem145_hyp2	Ez zegoen hilda, lotan zegoen.	2
prem146	Guziz hunkitua gelditu nintzan sorpresa agur hunekilan.	prem146_hyp1	Ezustekoak onak edo txarrak izan daitezke.	1
prem146	Guziz hunkitua gelditu nintzan sorpresa agur hunekilan.	prem146_hyp0	Zorionez ezusteko ona izan zen.	0
prem146	Guziz hunkitua gelditu nintzan sorpresa agur hunekilan.	prem146_hyp2	Ezusteko horri buruz duela aste ugari izen nuen berri.	2
prem147	Samsungek bau smart school bat ta proposatzen du kurtsuak maitia bee Samsung Gear VR beilaunekilan ta MagiclWB S2 arbelaikilan.	prem147_hyp2	Samsung ezin du klaseak eman VR betaurrekoekin, haurrak jolasten egongo zirelako.	2
prem147	Samsungek bau smart school bat ta proposatzen du kurtsuak maitia bee Samsung Gear VR beilaunekilan ta MagiclWB S2 arbelaikilan.	prem147_hyp0	Samsung munduko klase teknologikoena edukiko du.	0
prem147	Samsungek bau smart school bat ta proposatzen du kurtsuak maitia bee Samsung Gear VR beilaunekilan ta MagiclWB S2 arbelaikilan.	prem147_hyp1	Samsung telebistak, mugikorrak eta kamerak egiten du.	1
prem148	Getariako mintzatzeko manera ta ahozko ondaria biltze itin GETARIAKO AHOTSAK proiektuain gielondua da GETAIKO EUSKERA librua.	prem148_hyp0	GETAIKO EUSKERA liburuan Getariako hizkera aurkitu daiteke.	0
prem148	Getariako mintzatzeko manera ta ahozko ondaria biltze itin GETARIAKO AHOTSAK proiektuain gielondua da GETAIKO EUSKERA librua.	prem148_hyp2	GETAIKO EUSKERA liburuan Bizkaiko euskara jasotzen da.	2
prem148	Getariako mintzatzeko manera ta ahozko ondaria biltze itin GETARIAKO AHOTSAK proiektuain gielondua da GETAIKO EUSKERA librua.	prem148_hyp1	Ez zait gustatzen GETAIKO EUSKERA liburua.	1
prem149	Digitalizaziuain hastapenetan, webguniak sortu zien, ta komunikazioa demokratizatzeko opziuak eskeini zuzten.	prem149_hyp1	Digitalazioa orain dela asko gertatu zen.	1
prem149	Digitalizaziuain hastapenetan, webguniak sortu zien, ta komunikazioa demokratizatzeko opziuak eskeini zuzten.	prem149_hyp0	Digitalizazioaren hastapenetan, webguneak ezagunagoak bihurtu ziren.	0
prem149	Digitalizaziuain hastapenetan, webguniak sortu zien, ta komunikazioa demokratizatzeko opziuak eskeini zuzten.	prem149_hyp2	Digitalazio hasieran, komunikazio aukerak suntsitu ziren.	2
prem150	Sari-banaketaindako bi neska gazte agertu zien, sarrera eskuaraz ta tartezka e ba, bena mami nausia españolez.	prem150_hyp0	Neskek gehiago hitz egin zuten gaztelaniaz euskaraz baino.	0
prem150	Sari-banaketaindako bi neska gazte agertu zien, sarrera eskuaraz ta tartezka e ba, bena mami nausia españolez.	prem150_hyp1	Sari-banaketa Lekeition izan zen.	1
prem150	Sari-banaketaindako bi neska gazte agertu zien, sarrera eskuaraz ta tartezka e ba, bena mami nausia españolez.	prem150_hyp2	Neskek ingelesez hitz egin zuten sari-banaketan.	2
prem151	Biziki gomendaarria da San Anton mendia (xagua) ezautzia.	prem151_hyp0	San Anton media ezagutzeak merezi du.	0
prem151	Biziki gomendaarria da San Anton mendia (xagua) ezautzia.	prem151_hyp1	San Anton Mendia Espainian dago.	1
prem151	Biziki gomendaarria da San Anton mendia (xagua) ezautzia.	prem151_hyp2	San Anton mendia oso itsusia da.	2
prem152	Liliekilan ta bisan bis atxeman ginen.	prem152_hyp0	Lili ikusi genuen.	0
prem152	Liliekilan ta bisan bis atxeman ginen.	prem152_hyp2	Lili orain dela asko ez dugula ikusten.	2
prem152	Liliekilan ta bisan bis atxeman ginen.	prem152_hyp1	Lili oso polita zegoen.	1
prem153	Iduzkia geo ta gorrio den zirkunfeentzia baizik ezta neabeain begietan.	prem153_hyp2	Nerabeak gauza guztietaz konturatzen dira.	2
prem153	Iduzkia geo ta gorrio den zirkunfeentzia baizik ezta neabeain begietan.	prem153_hyp1	Nerabeak oso dibertigarriak dira.	1
prem153	Iduzkia geo ta gorrio den zirkunfeentzia baizik ezta neabeain begietan.	prem153_hyp0	Nerabeek ez dute kasu handirik egiten beste gauza guztiei.	0
prem154	"Solte taldiak 'IXA' azken diskuain (Taupaka elkartea, 2016 (bi mila ta hamasei)) ""Eraldatutako mundia"" kantuaikilan videoklip berritzailia prestatu du."	prem154_hyp0	Solte taldeak bideoklip berri bat prestatu du.	0
prem154	"Solte taldiak 'IXA' azken diskuain (Taupaka elkartea, 2016 (bi mila ta hamasei)) ""Eraldatutako mundia"" kantuaikilan videoklip berritzailia prestatu du."	prem154_hyp2	Solte taldea erretiratu egin dira eta ez dute ezer gehiago egingo.	2
prem154	"Solte taldiak 'IXA' azken diskuain (Taupaka elkartea, 2016 (bi mila ta hamasei)) ""Eraldatutako mundia"" kantuaikilan videoklip berritzailia prestatu du."	prem154_hyp1	Abestia ospetsua handia irabazi du denbora gutxian.	1
prem155	Trasformazione digitalak paadigma kanbiamentu haundia kartzen du kultura ta sormen-arluan.	prem155_hyp2	Eraldaketa digitalak paradigma aldaketa txikia dakar kultura eta sormen-arloan.	2
prem155	Trasformazione digitalak paadigma kanbiamentu haundia kartzen du kultura ta sormen-arluan.	prem155_hyp0	Eraldaketa digitalak aukera gehiago ematen dizkizu kultura eta sormen-arloan.	0
prem155	Trasformazione digitalak paadigma kanbiamentu haundia kartzen du kultura ta sormen-arluan.	prem155_hyp1	Eraldaketa digitala oraindik berrikuntza asko ekar ditzake gure gizartean.	1
prem156	Europar Batasuna eozonbat hamarkaa luzetan aitu zan da lehen mundiain errefeentzia zaiten demokraziaz, berdintasunaz, seurtasunaz ta ongizatiaz.	prem156_hyp2	Estatu Batuak izan dira lehen munduko erreferentzia demokraziaz, berdintasunaz, segurtasunaz eta ongizateaz.	2
prem156	Europar Batasuna eozonbat hamarkaa luzetan aitu zan da lehen mundiain errefeentzia zaiten demokraziaz, berdintasunaz, seurtasunaz ta ongizatiaz.	prem156_hyp1	Europar Batasunean hainbat herrialde daude.	1
prem156	Europar Batasuna eozonbat hamarkaa luzetan aitu zan da lehen mundiain errefeentzia zaiten demokraziaz, berdintasunaz, seurtasunaz ta ongizatiaz.	prem156_hyp0	Europar Batasuna haibat arlotan lehen munduko erreferentzia da.	0
prem157	Logika komertzialaikilan so iten duu bizia: dena errex, goxo, aldaarri, kalitatezko ta merke.	prem157_hyp2	Logika komertzialarekin begiratzen dugu bizitza: dena zail, deseroso, aldaezin, erdipurdiko eta garesti.	2
prem157	Logika komertzialaikilan so iten duu bizia: dena errex, goxo, aldaarri, kalitatezko ta merke.	prem157_hyp0	Bizitza logika komertzialaren bitartez begiratzen badugu dena errazagoa izango litzateke.	0
prem157	Logika komertzialaikilan so iten duu bizia: dena errex, goxo, aldaarri, kalitatezko ta merke.	prem157_hyp1	Logika komertziala gaur eguneko kontzeptu berri bat da.	1
prem158	Entzutei Nazionalian, jujiain aitzinian, etzuten aitorpena berretsi.	prem158_hyp2	Dena aitortu zuten epailearen aurrean.	2
prem158	Entzutei Nazionalian, jujiain aitzinian, etzuten aitorpena berretsi.	prem158_hyp0	Epaileari ez zioten aitortu, aitortu beharrekoa.	0
prem158	Entzutei Nazionalian, jujiain aitzinian, etzuten aitorpena berretsi.	prem158_hyp1	Entzutegi Nazionalean erabaki hartzen dira.	1
prem159	Joseph Camino saria erreziituko du Antton Olariagak Santutxun, eskual BDai buruzko Parrapian Komiki Eunak jardunaldi kari.	prem159_hyp0	Antton Olariagak Joseph Camino saria irabaziko du egindako lanagatik.	0
prem159	Joseph Camino saria erreziituko du Antton Olariagak Santutxun, eskual BDai buruzko Parrapian Komiki Eunak jardunaldi kari.	prem159_hyp2	Joseph Caminok saria Madrilen jasoko du.	2
prem159	Joseph Camino saria erreziituko du Antton Olariagak Santutxun, eskual BDai buruzko Parrapian Komiki Eunak jardunaldi kari.	prem159_hyp1	Joseph Camino 2015ean hil zen.	1
prem160	Atzo istant batez Nancho Novo aktore galiziarra kusi nin teleistan Jesusen aitain rolian, biziki serioski.	prem160_hyp2	Nacho Novo aktoreak beti betetzen ditu umorezko paperak.	2
prem160	Atzo istant batez Nancho Novo aktore galiziarra kusi nin teleistan Jesusen aitain rolian, biziki serioski.	prem160_hyp1	Nacho Novo aktorea 1958ko irailaren 17an jaio zen.	1
prem160	Atzo istant batez Nancho Novo aktore galiziarra kusi nin teleistan Jesusen aitain rolian, biziki serioski.	prem160_hyp0	Atzo une batez serio demonio pelikula ikusi nuen.	0
prem161	Uztailain 13an (hamairuan) inaguatu zen sala buruilain 28an (hooita zortzian) zarraazi zin Ertzaintzak jujeak izenpetu zin huste agindua beteaaziz.	prem161_hyp1	Lokala asko gustatzen zitzaidan.	1
prem161	Uztailain 13an (hamairuan) inaguatu zen sala buruilain 28an (hooita zortzian) zarraazi zin Ertzaintzak jujeak izenpetu zin huste agindua beteaaziz.	prem161_hyp2	Uztailaren 13an inauguratutako lokala irekita jarraitzen du eta ez sekula itxi.	2
prem161	Uztailain 13an (hamairuan) inaguatu zen sala buruilain 28an (hooita zortzian) zarraazi zin Ertzaintzak jujeak izenpetu zin huste agindua beteaaziz.	prem161_hyp0	Lokalak hil bat baino pixka bat gehiago egon da irekita.	0
prem162	Gau batez, Lucia ta Miren arno atzuen itzulian zielaik, Andrea gomitatu zuten nausiain etxeat, ta harreman sexualak zan zuzten hiuek.	prem162_hyp1	Harreman sexualak edukitzerakoan kontu handia izan behar da sexu-transmisioko gaixotasunekin.	1
prem162	Gau batez, Lucia ta Miren arno atzuen itzulian zielaik, Andrea gomitatu zuten nausiain etxeat, ta harreman sexualak zan zuzten hiuek.	prem162_hyp2	Lucia, Miren eta Andrea birjinak dira.	2
prem162	Gau batez, Lucia ta Miren arno atzuen itzulian zielaik, Andrea gomitatu zuten nausiain etxeat, ta harreman sexualak zan zuzten hiuek.	prem162_hyp0	Harreman sexualak izan zituzten egunean, nagusiaren etxean egon ziren.	0
prem163	Seidan jakinen da filma zoin salak proiektatuko in.	prem163_hyp2	Berandu jakinaraziko dute zein aretotan proiektatu den.	2
prem163	Seidan jakinen da filma zoin salak proiektatuko in.	prem163_hyp1	Jendea pelikula ikusteko irrikaz dago.	1
prem163	Seidan jakinen da filma zoin salak proiektatuko in.	prem163_hyp0	Pelikula areto batean ikusiko da.	0
prem164	Gue arlua zaila da, ta adaptatzeko gaitasun haundia duu.	prem164_hyp2	Gure arloan ez dugu ezer egiten, oso aspergarria da.	2
prem164	Gue arlua zaila da, ta adaptatzeko gaitasun haundia duu.	prem164_hyp1	Sufritua izan arren, asko gustatzen zaigu gure arloa.	1
prem164	Gue arlua zaila da, ta adaptatzeko gaitasun haundia duu.	prem164_hyp0	Lan neketsu asko egiten dira gure arloan.	0
prem165	Urduñako ekonomia sustatzia da xedia ta Eskuadiko Gaapen Agentzietako Gaapen Sareko kidia da.	prem165_hyp0	Urduñako ekonomiari lagundu nahi dio.	0
prem165	Urduñako ekonomia sustatzia da xedia ta Eskuadiko Gaapen Agentzietako Gaapen Sareko kidia da.	prem165_hyp2	Euskadiko Garapen Agentzietako Garapen Sareak ez du kiderik.	2
prem165	Urduñako ekonomia sustatzia da xedia ta Eskuadiko Gaapen Agentzietako Gaapen Sareko kidia da.	prem165_hyp1	Urduña Araban dago kokatuta.	1
prem166	Denboa guttio utenek e baute kurtso laurraguak iteko posilitatia.	prem166_hyp2	Denbora urriagoa dutenek ere badute ikastaro luzeagoak egiteko aukera.	2
prem166	Denboa guttio utenek e baute kurtso laurraguak iteko posilitatia.	prem166_hyp0	Denbora urriago duten pertsonetan ere pentsatzen dute.	0
prem166	Denboa guttio utenek e baute kurtso laurraguak iteko posilitatia.	prem166_hyp1	Ez nekien horrelako aukerarik zegoela ikastaro horretan.	1
prem167	Hiu urte ta erdiz kartierreko gazten topaleku zan ta geo, Lakomi Gaztetxiak 2011ko (bi mila ta hamekako) azaruan zarratu zitin bortak.	prem167_hyp2	Lakomi Gaztetxea 10 urte iraun zuen irekita.	2
prem167	Hiu urte ta erdiz kartierreko gazten topaleku zan ta geo, Lakomi Gaztetxiak 2011ko (bi mila ta hamekako) azaruan zarratu zitin bortak.	prem167_hyp1	Denbora asko igaro nuen Lakomi Gaztetzean.	1
prem167	Hiu urte ta erdiz kartierreko gazten topaleku zan ta geo, Lakomi Gaztetxiak 2011ko (bi mila ta hamekako) azaruan zarratu zitin bortak.	prem167_hyp0	Gaur egun Lakomi Gaztetxea ez dago irekita.	0
prem168	1972an (mila beatzi ehun ta hiutan hooita hamabian) Zeuko Argia-n hasi ta nortasun haundiko estilo berritzaileaikilan, eskual omore grafikoain histoia uzkaili zin.	prem168_hyp2	2015an Zeruko Argia-n hasi eta nortasun handiko estilo berritzailearekin, euskal umore grafikoaren historiari irauli bat eman zion.	2
prem168	1972an (mila beatzi ehun ta hiutan hooita hamabian) Zeuko Argia-n hasi ta nortasun haundiko estilo berritzaileaikilan, eskual omore grafikoain histoia uzkaili zin.	prem168_hyp1	1972an Zeruko Argia-z gain beste gauza batzuk gertatu ziren.	1
prem168	1972an (mila beatzi ehun ta hiutan hooita hamabian) Zeuko Argia-n hasi ta nortasun haundiko estilo berritzaileaikilan, eskual omore grafikoain histoia uzkaili zin.	prem168_hyp0	Euskal umore grafikoaren historian Zeruko Argia-k eragina izan zuen.	0
prem169	Gaztetape hondartza harriz betia da; bena olaarro pullit at atzaman nin.	prem169_hyp1	Olagarroa oso pozoitsua zenez, ez gara inoiz berriro joan Gaztetape hondartzara.	1
prem169	Gaztetape hondartza harriz betia da; bena olaarro pullit at atzaman nin.	prem169_hyp2	Gaztetape hondartzan ez dago olagarrorik.	2
prem169	Gaztetape hondartza harriz betia da; bena olaarro pullit at atzaman nin.	prem169_hyp0	Gaztetape hondartza ez dago hondarrez betea.	0
prem170	Osaarriz aski untsa bilki da ta lanian e xutik seitzen du, sustut ganbeak arrentatzen.	prem170_hyp1	Denbora batez kaskar samar ibili da, baina orain hobeto dabil.	1
prem170	Osaarriz aski untsa bilki da ta lanian e xutik seitzen du, sustut ganbeak arrentatzen.	prem170_hyp0	Gela alokairuetan lan ona egiten du.	0
prem170	Osaarriz aski untsa bilki da ta lanian e xutik seitzen du, sustut ganbeak arrentatzen.	prem170_hyp2	Hainbat gaixotasun ditu eta lanean kaskar samar dabil.	2
prem171	"Biziki uros ta in duten lana zaleekilan partekatzeko ""emeiaz"" aertu dira taldekidiak."	prem171_hyp1	Zaleak izugarrizko irrika dute dena entzuteko.	1
prem171	"Biziki uros ta in duten lana zaleekilan partekatzeko ""emeiaz"" aertu dira taldekidiak."	prem171_hyp0	Taldekideak oso pozik daude egindako lanarekin.	0
prem171	"Biziki uros ta in duten lana zaleekilan partekatzeko ""emeiaz"" aertu dira taldekidiak."	prem171_hyp2	Taldekideak goibel egon dira.	2
prem172	Demokraziak ez gitu aske inen.	prem172_hyp0	Demokraziak preso egingo gaitu.	0
prem172	Demokraziak ez gitu aske inen.	prem172_hyp2	Demokraziak askatu egingo gaitu	2
prem172	Demokraziak ez gitu aske inen.	prem172_hyp1	Demokrazia egitura politiko bat da.	1
prem173	Karriketaik hartzen dien animaliek etorkizun duina zaiteko, gatiak adoptatzeko mezua jendarteatzia da xedia.	prem173_hyp2	Adoptatutako katuak kaleratzea du xede.	2
prem173	Karriketaik hartzen dien animaliek etorkizun duina zaiteko, gatiak adoptatzeko mezua jendarteatzia da xedia.	prem173_hyp1	Kaleetan katu asko daude.	1
prem173	Karriketaik hartzen dien animaliek etorkizun duina zaiteko, gatiak adoptatzeko mezua jendarteatzia da xedia.	prem173_hyp0	Kaleetatik jasotako animaliek baldintza txarragoak dituzte, adoptatuak baino.	0
prem174	Eztia kanbiamentuak seidan kusiko seurrik e, bena progresioki urratsak noabide berri atian maiteko iizpidiak finkatzen ai gira.	prem174_hyp0	Aldaketak apurka-apurka nabarituko dira.	0
prem174	Eztia kanbiamentuak seidan kusiko seurrik e, bena progresioki urratsak noabide berri atian maiteko iizpidiak finkatzen ai gira.	prem174_hyp2	Norabide zahar batean emateko irizpideak finkatzen dihardugu.	2
prem174	Eztia kanbiamentuak seidan kusiko seurrik e, bena progresioki urratsak noabide berri atian maiteko iizpidiak finkatzen ai gira.	prem174_hyp1	Aldaketak lortzeko mentalitate ekina izan behar da.	1
prem175	Eun batez Amancay Gaztañaga Saarzazuk (Guayaquil, 1980 (mila beatzi ehun ta lautan hooi)) Pandorain kutxa ideki ta mila koloreko mundia deskubritu zin.	prem175_hyp1	 Amancay Gaztañaga Sagarzazu k gipuzkoarra da.	1
prem175	Eun batez Amancay Gaztañaga Saarzazuk (Guayaquil, 1980 (mila beatzi ehun ta lautan hooi)) Pandorain kutxa ideki ta mila koloreko mundia deskubritu zin.	prem175_hyp0	Pandoraren kutxa irekiz gero, mila koloreko mundua deskubritu dezakezu.	0
prem175	Eun batez Amancay Gaztañaga Saarzazuk (Guayaquil, 1980 (mila beatzi ehun ta lautan hooi)) Pandorain kutxa ideki ta mila koloreko mundia deskubritu zin.	prem175_hyp2	 Amancay Gaztañaga Sagarzazu k Pandoraren kutxa itxita mantendu zuen.	2
prem176	Omoria baliatuz ta alaitasunaikilan gauza ainitz erreusitzen dira haurrekilan.	prem176_hyp2	Umorea eta alaitasuna umeekin erabiliz gero, zutaz aprobetxatuko dira	2
prem176	Omoria baliatuz ta alaitasunaikilan gauza ainitz erreusitzen dira haurrekilan.	prem176_hyp1	Umeak batzuetan oso neketsuak dira.	1
prem176	Omoria baliatuz ta alaitasunaikilan gauza ainitz erreusitzen dira haurrekilan.	prem176_hyp0	Umeei asko gustatzen zaie umorea eta alaitasuna.	0
prem177	Zendako sortzen din gue arteko gehienengan beldurra argitasun ezak, guzizko iluntasunak.	prem177_hyp1	Ez dugu beldurrik izan behar iluntasunari, beldur irrazional bat da.	1
prem177	Zendako sortzen din gue arteko gehienengan beldurra argitasun ezak, guzizko iluntasunak.	prem177_hyp2	Gizartea oso ausarta da, ez du inolako beldurrik.	2
prem177	Zendako sortzen din gue arteko gehienengan beldurra argitasun ezak, guzizko iluntasunak.	prem177_hyp0	Iluntasunak eta argi ezak beldurra gizarte gehienari beldurra ematen dio.	0
prem178	Iilbide luzia in du Urtxintxa Eskolak jendartia balioetan treatzen hezkuntza ez-formalian.	prem178_hyp1	Urtxintxa Eskolak hezkuntza ez-formaleko ikastaro ez-presentzialak eskaintzen ditu.	1
prem178	Iilbide luzia in du Urtxintxa Eskolak jendartia balioetan treatzen hezkuntza ez-formalian.	prem178_hyp2	Urtxintxa Eskolak esperientzia eskasa dauka hezkuntza ez-formalean.	2
prem178	Iilbide luzia in du Urtxintxa Eskolak jendartia balioetan treatzen hezkuntza ez-formalian.	prem178_hyp0	Urtxintxa Eskolak urte asko daramatza hezkuntza ez-formaleko ikastaroetan balioak irakasten.	0
prem179	Geo zomeit sala okupatzen entseatu zien, bena etzuten aitzinat in.	prem179_hyp2	Hainbat lokal okupatzeko egindako ahaleginak oso arrakastatsuak izan ziren.	2
prem179	Geo zomeit sala okupatzen entseatu zien, bena etzuten aitzinat in.	prem179_hyp1	Lokalak okupatzeko saiakeretan batez ere gazteek hartu zuten parte.	1
prem179	Geo zomeit sala okupatzen entseatu zien, bena etzuten aitzinat in.	prem179_hyp0	Lokalak okupatu gabe gelditu ziren, egindako ahaleginak gorabehera.	0
prem180	Antzerkiain tradizioa hoizontala da.	prem180_hyp2	Antzerkiaren tradizioa bertikala edo hierarkikoa da.	2
prem180	Antzerkiain tradizioa hoizontala da.	prem180_hyp1	Antzerkiak tradizio luzea du.	1
prem180	Antzerkiain tradizioa hoizontala da.	prem180_hyp0	Antzerkietan partaide guztiek dute garrantzia bera.	0
prem181	Karrika hortan grua at zartzeko grua muikor batekilan ta kamioin batekilan in ber dien lanendako zarratuko da zirkulazionea.	prem181_hyp0	Kale horretako trafikoa eten egingo da garabi mugikorra jarri ahal izateko.	0
prem181	Karrika hortan grua at zartzeko grua muikor batekilan ta kamioin batekilan in ber dien lanendako zarratuko da zirkulazionea.	prem181_hyp1	Kale horretan zirkulazioa hobetzeko obrak egingo dira.	1
prem181	Karrika hortan grua at zartzeko grua muikor batekilan ta kamioin batekilan in ber dien lanendako zarratuko da zirkulazionea.	prem181_hyp2	Garabia ipintzeko lanek iraun bitartean, kale horretan autoak etengabe pasatzen ibiliko dira.	2
prem182	Ikasi begiekilan kusten duu mundia.	prem182_hyp0	Gure ikuspegia ez da jaiotzetikoa, ikasi egiten dugu.	0
prem182	Ikasi begiekilan kusten duu mundia.	prem182_hyp2	Gure iritziak ezin dira baldintzatu.	2
prem182	Ikasi begiekilan kusten duu mundia.	prem182_hyp1	Guztiok dugu errealitateari buruzko ikuspuntu bat.	1
prem183	Urritik ekaineat artian iaupen laurreko kurtsoetan parte hartzeko parada maiten du  Urtxintxa Eskolak.	prem183_hyp1	Urtxintxa eskolan iraupen desberdineko formakuntzak egin daitezke urte sasoiaren arabera.	1
prem183	Urritik ekaineat artian iaupen laurreko kurtsoetan parte hartzeko parada maiten du  Urtxintxa Eskolak.	prem183_hyp0	Urritik ekainera, Urtxintxa Eskolak ikastaro motzak eskaintzen ditu.	0
prem183	Urritik ekaineat artian iaupen laurreko kurtsoetan parte hartzeko parada maiten du  Urtxintxa Eskolak.	prem183_hyp2	Urtxintxa eskolak ikastaro luzeak baino ez ditu eskaintzen urritik ekainera.	2
prem184	EGA prestatzeko lekiak e badia sarean zehar.	prem184_hyp0	EGA modalitate ez-presentzialean prestatu daiteke.	0
prem184	EGA prestatzeko lekiak e badia sarean zehar.	prem184_hyp2	EGA azterketa soilik aurrez-aurreko klaseetan prestatu daiteke.	2
prem184	EGA prestatzeko lekiak e badia sarean zehar.	prem184_hyp1	EGA azterketa prestatzeko gogor egin behar da lan.	1
prem185	Arriaga antzokiak Macbeth, Shakespearren lan klasikuain bertsionea estreinatuko du otsailain 7an (zazpian).	prem185_hyp1	Arriaga antzokian estreinatuko den antzezlana Macbeth-en moldaketa guztiz modernoa da.	1
prem185	Arriaga antzokiak Macbeth, Shakespearren lan klasikuain bertsionea estreinatuko du otsailain 7an (zazpian).	prem185_hyp0	Arriaga antzokian otsailaren 7an, Shakespeareren lan baten bertsio bat antzeztuko da, Macbeth, hain zuzen ere.	0
prem185	Arriaga antzokiak Macbeth, Shakespearren lan klasikuain bertsionea estreinatuko du otsailain 7an (zazpian).	prem185_hyp2	Otsailaren 7an ikuslegoak ezingo du Macbeth ikusi Arriaga antzokian.	2
prem186	Marijuli biziki presuna bizia zen, goxua, hurbila, arduatsua, maitakorra.	prem186_hyp0	Marijulik bizitasun handia zuen eta jendearekin oso atsegina eta gertukoa zen.	0
prem186	Marijuli biziki presuna bizia zen, goxua, hurbila, arduatsua, maitakorra.	prem186_hyp1	Marijuli herriko emakume nagusi bat zen.	1
prem186	Marijuli biziki presuna bizia zen, goxua, hurbila, arduatsua, maitakorra.	prem186_hyp2	Marijuli pertsona bizigabea, zatarra, arduragabea, hotza eta desatsegina zen.	2
prem187	Berrizaal 2008ko (bi mila ta zortziko) martxuan arrastatu zuten 18/98 (hemezortzi/lautan hooita hemezortzi) makrosumaioa kari ta 12 (hamabi) urteko gartzela zigorra zarri zakon Auzitei Nazionalak.	prem187_hyp1	Berrizabal 2008an atxilotu zuten, eta 18/98 makrosumarioren epaiketa iritsi bitartean behin-behineko espetxeratzea ezarri zioten.	1
prem187	Berrizaal 2008ko (bi mila ta zortziko) martxuan arrastatu zuten 18/98 (hemezortzi/lautan hooita hemezortzi) makrosumaioa kari ta 12 (hamabi) urteko gartzela zigorra zarri zakon Auzitei Nazionalak.	prem187_hyp0	2008an 19/98 makrosumarioagatik atxilotua izan eta gero, Auzitegi Nazionalak erabaki zuen Berrizabal erruduna zela eta 12 urtez espetxeratuta egon beharko zuela.	0
prem187	Berrizaal 2008ko (bi mila ta zortziko) martxuan arrastatu zuten 18/98 (hemezortzi/lautan hooita hemezortzi) makrosumaioa kari ta 12 (hamabi) urteko gartzela zigorra zarri zakon Auzitei Nazionalak.	prem187_hyp2	Berrizabal 19/98 makrosumarioagatik atxilotu zuten 2008ko martxoan, baina epaitzerakoan, Auzitegi Nazionalak akusatua errugabe deklaratu eta karguetatik libre utzi zuen.	2
prem188	Izotz jauregian kurtso at in du Peruk berriki.	prem188_hyp0	Peruk duela gutxi izotz gaineko pista batean egon da.	0
prem188	Izotz jauregian kurtso at in du Peruk berriki.	prem188_hyp2	Peru ez da sekula egon izotz gaineko pista batean.	2
prem188	Izotz jauregian kurtso at in du Peruk berriki.	prem188_hyp1	Peru izotz-gaineko patinaje klase batean egon da.	1
prem189	Nausiain etxeko ofe ttipi atian finitu zuten lauek.	prem189_hyp2	Kalean amaitu zuten laurek.	2
prem189	Nausiain etxeko ofe ttipi atian finitu zuten lauek.	prem189_hyp1	Nagusiaren etxean ohe txiki bat baino ez dago libre.	1
prem189	Nausiain etxeko ofe ttipi atian finitu zuten lauek.	prem189_hyp0	Laurak euren buruzagiaren etxera joan ziren.	0
prem190	Peru Kutxak antolatu ingles udalekuat joaki da goizetan.	prem190_hyp0	Goizero, Peru udalekuetara doa ingelesera ikastera.	0
prem190	Peru Kutxak antolatu ingles udalekuat joaki da goizetan.	prem190_hyp2	Udan, Peruk goizak etxean pasatzen ditu.	2
prem190	Peru Kutxak antolatu ingles udalekuat joaki da goizetan.	prem190_hyp1	Udan udalekuak antolatzen dira haur eta gazteentzako.	1
prem191	Herri guziek dute delibeatzeko eskuidia.	prem191_hyp1	Herrialde batzuen konstituzioan erabakitzeko eskubidea aitortzen da.	1
prem191	Herri guziek dute delibeatzeko eskuidia.	prem191_hyp0	Edozein herrialdek izan behar du erabakitzeko aukera.	0
prem191	Herri guziek dute delibeatzeko eskuidia.	prem191_hyp2	Herri banaka batzuei dagokie erabakitzeko eskubidea.	2
prem192	Joan den ibiakoitzian hasi zien Santutxuko pestak AEK eskualteiko ta Gaztedi Dantzai Taldeko kiden preoiaikilan.	prem192_hyp0	Aurreko larunbatean, Santutxuko jaiak hasi ziren AEK euskaltegiko eta Gaztedi Dantzari Taldeko pregoilarien eskutik.	0
prem192	Joan den ibiakoitzian hasi zien Santutxuko pestak AEK eskualteiko ta Gaztedi Dantzai Taldeko kiden preoiaikilan.	prem192_hyp2	Joan den larunbatean, Santutxuko jaiak hasi ziren, AEK euskaltegiko eta Gaztedi Dantzari Taldeko kideek pregoilari izateari uko egin bazioten ere.	2
prem192	Joan den ibiakoitzian hasi zien Santutxuko pestak AEK eskualteiko ta Gaztedi Dantzai Taldeko kiden preoiaikilan.	prem192_hyp1	Aurreko larunbatean, Santutxun giro atsegina zegoen jaien hasiera zela eta.	1
prem193	Markina Elkarteia industria-nortasun argia din Enpresa Zentrua da.	prem193_hyp1	Markina Elkartegian industria erloko enpresa ertainak biltzen dira.	1
prem193	Markina Elkarteia industria-nortasun argia din Enpresa Zentrua da.	prem193_hyp0	Markina Elkartegian biltzen diren enpresa gehienak bigarren-sektorekoak dira.	0
prem193	Markina Elkarteia industria-nortasun argia din Enpresa Zentrua da.	prem193_hyp2	Markina Elkartegian biltzen diren enpresak lehen sektorekoak dira, hau da, nekazaritza eta abeltzaintzan dihardute.	2
prem194	Dila hiu aste kusi nin azken aldikotz.	prem194_hyp2	Hiru aste barru ikusiko dut lehenengo aldiz.	2
prem194	Dila hiu aste kusi nin azken aldikotz.	prem194_hyp1	Badira hiru aste kalera irten nintzela.	1
prem194	Dila hiu aste kusi nin azken aldikotz.	prem194_hyp0	Badira hiru aste ez dudala ikusi.	0
prem195	Gernika Elkarteia enpresa-zentro at da, sortu berri dien enpresa-proiektuak ta hedapen-prozesuan dien enpresak hartzeko sortia.	prem195_hyp1	Gernika Elkartegia oso handia da eta sortu berri diren enpresa ugari biltzen dira.	1
prem195	Gernika Elkarteia enpresa-zentro at da, sortu berri dien enpresa-proiektuak ta hedapen-prozesuan dien enpresak hartzeko sortia.	prem195_hyp0	Gernika Elkartegiaren helburua da duela gutxi sortu diren edo hedapen-prozesuan dauden enpresak biltzea.	0
prem195	Gernika Elkarteia enpresa-zentro at da, sortu berri dien enpresa-proiektuak ta hedapen-prozesuan dien enpresak hartzeko sortia.	prem195_hyp2	Gernika Elkartegiak enpresa-proiektu berriak eta hedatzen ari diren enpresak suntsitzeko balio du.	2
prem196	Rran dezaun ofizio harriarri at dila hark: munduko ibiltai.	prem196_hyp0	Mundutik bidaiatzea ofizio izatea ez-ohikoa da.	0
prem196	Rran dezaun ofizio harriarri at dila hark: munduko ibiltai.	prem196_hyp2	Bere lana etxetik mugitu barik burutzen du.	2
prem196	Rran dezaun ofizio harriarri at dila hark: munduko ibiltai.	prem196_hyp1	Dirua irabazteko lan egin behar da.	1
prem197	Chicagotik Loz Angelezeat healdiak bi oeneko gielapena zan zin.	prem197_hyp1	Chicagotik Los Angelesera hiru orduero hegaldi bat ateratzen da.	1
prem197	Chicagotik Loz Angelezeat healdiak bi oeneko gielapena zan zin.	prem197_hyp2	Chicagotik Los Angeleserako hegaldiak bere iritsiera bi orduz aurreratu zuen.	2
prem197	Chicagotik Loz Angelezeat healdiak bi oeneko gielapena zan zin.	prem197_hyp0	Chicagotik Los Angelesera zihoan hegazkina berandu iritsi zen.	0
prem198	Jack Londonen inguuetan kaiakez ibaiak ta Alaskako aintzira kusgarrietan ibilki ta geo, laun haundi at jin zautan ospitaleat bixitan, atzo.	prem198_hyp2	Atzo ni bakarrik egon nintzen erietxean.	2
prem198	Jack Londonen inguuetan kaiakez ibaiak ta Alaskako aintzira kusgarrietan ibilki ta geo, laun haundi at jin zautan ospitaleat bixitan, atzo.	prem198_hyp0	Atzo, Kaliforniatik eta Alaskatik bidaiatzen ibili zen lagun batek bisita egin zidan ospitalean.	0
prem198	Jack Londonen inguuetan kaiakez ibaiak ta Alaskako aintzira kusgarrietan ibilki ta geo, laun haundi at jin zautan ospitaleat bixitan, atzo.	prem198_hyp1	Atzo erietxean bisitatu ninduen lagun mina txiki-txikitatik ezagutzen dut.	1
prem199	Lau urtaotako lau denboaldi luze zan tugu Paadisu zineman.	prem199_hyp2	Paradisu zineman lau urtarotako lau denboraldi laburrez aritu gara.	2
prem199	Lau urtaotako lau denboaldi luze zan tugu Paadisu zineman.	prem199_hyp1	Paradisu zineman komentatutako denboraldiek luze-labur aldakorra dute.	1
prem199	Lau urtaotako lau denboaldi luze zan tugu Paadisu zineman.	prem199_hyp0	Paradisu zineman komentatu ditugun lau denboraldiak iraupen luzekoak dira.	0
prem200	Manera huntan, Eskual Herriko haur ta gaztek zinemaz gozatzeko parada ute heien hizkuntzan, eskuaraz, españolezko bertsiuak estreinatzen dien istant berian.	prem200_hyp2	Modu honetan, Euskal Herriko haur eta gazteek filmak gazteleraz ikusi ahalko dituzte estreinalditik, baina euskaraz ikusteko luzaroan itxaron beharko dute.	2
prem200	Manera huntan, Eskual Herriko haur ta gaztek zinemaz gozatzeko parada ute heien hizkuntzan, eskuaraz, españolezko bertsiuak estreinatzen dien istant berian.	prem200_hyp1	Euskal Herrian batzuetan filmak ingelesez ere gozatu daitezke estreinalditik.	1
prem200	Manera huntan, Eskual Herriko haur ta gaztek zinemaz gozatzeko parada ute heien hizkuntzan, eskuaraz, españolezko bertsiuak estreinatzen dien istant berian.	prem200_hyp0	Euskarazko eta gaztelerazko bertsioak aldi berean kaleratuko direnez, Euskal Herriko haur eta gazteek hasieratik gozatu ahalko dute zinemaz euskaraz.	0
prem201	"Santutxuko Gazte Asanblaak kapitalismo ""zapaltzaileain aitzinian"", bi ekimen antolatu tu aste huntan."	prem201_hyp1	Santutxuko Gazte Asanbladan astero ekintzak antolatzen dira.	1
prem201	"Santutxuko Gazte Asanblaak kapitalismo ""zapaltzaileain aitzinian"", bi ekimen antolatu tu aste huntan."	prem201_hyp2	Aste honetan, Santutxuko Gazte Asanbladaren eskutik bi ekintza antolatu dira kapitalismoaren alderdi askatzailea defendatzeko.	2
prem201	"Santutxuko Gazte Asanblaak kapitalismo ""zapaltzaileain aitzinian"", bi ekimen antolatu tu aste huntan."	prem201_hyp0	Santutxuko Gazte Asanbladak kapitalismoaren opresioaren kontrako ekintzak antolatzen ditu.	0
prem202	Urteetetze opaia aurten beezia zan ber zin: amain biziko argazki-bilduma ta krakada sorpresa.	prem202_hyp1	Amaren aurtengo urtebetetzea berezia izan zedin, familia osoa elkartu gara meriendatzeko.	1
prem202	Urteetetze opaia aurten beezia zan ber zin: amain biziko argazki-bilduma ta krakada sorpresa.	prem202_hyp0	Urte honetako urtebetetze-oparia bestelakoa izan zedin, amari ezusteko merienda bat prestatu eta argazkien bilduma bat oparitu genion.	0
prem202	Urteetetze opaia aurten beezia zan ber zin: amain biziko argazki-bilduma ta krakada sorpresa.	prem202_hyp2	Amaren aurtengo urtebetetze oparia guztiz arrunta izan behar zuen, hori dela eta argazkien bilduma bat baino ez diogu oparitu.	2
prem203	Gainez bizipoza maiten du aistokrazian bat bazela eskuara maite ta baliatua zaiteko urratsak man zitina.	prem203_hyp2	Aristokrata guztiek euskara gorrotatzen zuten, horregatik euskararen erabilera murrizteko urratsak eman zituzten.	2
prem203	Gainez bizipoza maiten du aistokrazian bat bazela eskuara maite ta baliatua zaiteko urratsak man zitina.	prem203_hyp1	Aristokraziaren artean baten batek euskal hizkuntzalaritzan ziharduen, eta horrek poztasuna ematen du.	1
prem203	Gainez bizipoza maiten du aistokrazian bat bazela eskuara maite ta baliatua zaiteko urratsak man zitina.	prem203_hyp0	Aristokrataren batek euskararen erabilera bultzatzeko esfortzuak egin zituen hizkuntza atsegin zuelako, eta hori alaigarria da.	0
prem204	Eskualdunok hartzaile pasiboekilan eskuaraz ai gien heinian, ta bakarrik ordian, uzkailiko duu eabilera.	prem204_hyp2	Euskararen erabilera iraultzeko euskaldunok hartzaile pasiboei erdaraz hitz egiten behar diegu.	2
prem204	Eskualdunok hartzaile pasiboekilan eskuaraz ai gien heinian, ta bakarrik ordian, uzkailiko duu eabilera.	prem204_hyp1	Haurrak aurrean daudenean, euskaldunok hartzaile pasiboekin maizago hitz egiten dugu euskaraz.	1
prem204	Eskualdunok hartzaile pasiboekilan eskuaraz ai gien heinian, ta bakarrik ordian, uzkailiko duu eabilera.	prem204_hyp0	Euskararen erabilera handitzeko euskaldunok hartzaile pasiboei euskaraz hitz egin behar diegu.	0
prem205	Mikel Antzak 2012an (bi mila ta hamabian) argitaatu din eleerria da Atzerri; autofikziua omen da eleerriain muina.	prem205_hyp2	2012an, Mikel Antzak Atzerri argitaratu du, hots, bere bizipenak biltzen dituen liburu autobiografikoa.	2
prem205	Mikel Antzak 2012an (bi mila ta hamabian) argitaatu din eleerria da Atzerri; autofikziua omen da eleerriain muina.	prem205_hyp1	Mikel Antzaren Atzerri eleberria 2012 argitaratu zen, eta geroztik arrakasta handia izan du euskal irakurleen artean.	1
prem205	Mikel Antzak 2012an (bi mila ta hamabian) argitaatu din eleerria da Atzerri; autofikziua omen da eleerriain muina.	prem205_hyp0	Mikel Antzak Atzerri nobela idatzi zuen, eta diotenez nobelaren ardatza bere bizipenen eta fikzioaren arteko nahasketa da.	0
prem206	Finitu delaik esku-zartak jo tut, lehen aldikotz ene bizian.	prem206_hyp0	Amaitzean, atsegin izan dudala adierazi dut.	0
prem206	Finitu delaik esku-zartak jo tut, lehen aldikotz ene bizian.	prem206_hyp2	Amaitu denean, betiko legez, geldi-geldi geratu naiz.	2
prem206	Finitu delaik esku-zartak jo tut, lehen aldikotz ene bizian.	prem206_hyp1	Nire amaierako erreakzioak oso ohikoak dira.	1
prem207	Ekintzailetzakotz ta coworking sala at e badu, enpresa-proiektu at abian zartzeko ber den azpieitura guziaikilan.	prem207_hyp2	Nahiz eta ekintzailetzarako eta coworkinetako areto bat dituen, dituen azpiegiturak eskasegiak dira enpresa-proiektu bat martxan jartzeko.	2
prem207	Ekintzailetzakotz ta coworking sala at e badu, enpresa-proiektu at abian zartzeko ber den azpieitura guziaikilan.	prem207_hyp1	Enpresa-proiektu bat martxan jartzeko beharrezkoak diren oinarrizko azpiegiturak enpresaren beharren araberakoak dira.	1
prem207	Ekintzailetzakotz ta coworking sala at e badu, enpresa-proiektu at abian zartzeko ber den azpieitura guziaikilan.	prem207_hyp0	Enpresen arteko elkarlana bultzatzeko eta enpresa berrien sorkuntza bultzatzeko behar diren azpiegiturak ditu.	0
